B,E,core,sp,sum_lambda,lambda
14,0,T14_0015,-1,1,0 0 0 0 0 0 0 0 0 0 0 0 0 0 1 0 0 0 0 0
14,0,T14_0016,-1,0,0 0 0 0 0 0 0 0 0 0 0 0 0 0 0 0 0 0 0 0
14,0,T14_0018,-1,1,0 0 0 0 0 0 0 0 0 0 0 0 0 0 1 0 0 0 0 0
14,0,T14_0039,-1,0,0 0 0 0 0 0 0 0 0 0 0 0 0 0 0 0 0 0 0 0
14,0,T14_0040,-1,1,0 0 0 0 0 0 0 0 0 0 0 1 0 0 0 0 0 0 0 0
14,0,T14_0042,-1,1,0 0 0 0 0 0 0 0 0 0 0 0 0 0 1 0 0 0 0 0
14,0,T14_0043,-1,1,0 0 0 0 0 0 0 0 0 0 0 0 0 0 0 0 0 0 1 0
14,0,T14_0044,-1,1,0 0 0 0 0 0 0 0 0 0 0 0 0 0 0 0 0 0 0 1
14,0,T14_0045,-1,0,0 0 0 0 0 0 0 0 0 0 0 0 0 0 0 0 0 0 0 0
14,0,T14_0057,-1,0,0 0 0 0 0 0 0 0 0 0 0 0 0 0 0 0 0 0 0 0
14,0,T14_0058,-1,1,0 0 0 0 0 0 0 0 0 0 0 1 0 0 0 0 0 0 0 0
14,0,T14_0059,-1,1,0 0 0 0 0 0 0 0 0 0 0 0 0 0 1 0 0 0 0 0
14,0,T14_0248,-1,4,0 0 0 0 0 0 0 0 0 0 0 0 2 0 0 0 0 2 0 0
14,0,T14_0250,-1,7,0 0 0 0 1 0 0 0 1 1 0 1 1 0 0 1 1 0 0 0
14,0,T14_0251,-1,7,0 0 0 0 1 0 0 0 1 0 0 1 1 0 0 0 1 1 0 1
14,0,T14_0252,-1,8,0 0 0 1 0 0 0 0 1 1 0 1 0 0 0 0 0 1 1 2
14,0,T14_0263,-1,7,0 0 0 0 1 0 0 0 1 0 0 0 0 1 1 0 1 1 0 1
14,0,T14_0266,-1,7,0 0 0 0 1 0 0 0 0 0 0 0 0 0 1 1 1 1 1 1
14,0,T14_0267,-1,11,0 0 0 0 1 0 1 1 1 2 0 0 0 0 0 1 1 1 1 1
14,0,T14_0268,-1,8,0 0 0 0 1 0 0 0 1 1 0 0 0 1 1 0 0 1 1 1
14,0,T14_0296,-1,4,0 0 0 0 0 0 0 0 0 0 2 0 1 0 1 0 0 0 0 0
14,0,T14_0297,-1,3,0 0 0 0 0 0 0 0 0 0 0 0 2 0 1 0 0 0 0 0
14,0,T14_0298,-1,4,0 0 0 0 0 0 0 0 0 0 0 0 0 0 0 2 1 0 0 1
14,0,T14_0304,-1,8,0 0 0 1 0 0 0 0 1 0 0 0 0 0 1 1 1 1 1 1
14,0,T14_0305,-1,9,0 0 0 1 0 0 0 0 0 1 1 0 0 0 0 1 1 1 2 1
14,0,T14_0306,-1,9,0 0 0 1 0 0 0 0 0 1 1 0 0 0 1 0 2 1 1 1
14,0,T14_0515,-1,4,0 0 0 0 0 0 0 0 0 0 0 0 0 0 2 0 0 2 0 0
14,0,T14_0520,-1,8,0 0 0 0 0 0 0 1 1 0 2 0 1 1 0 1 1 0 0 0
14,0,T14_0521,-1,8,0 0 0 0 0 0 0 1 0 0 2 0 1 1 0 0 1 1 0 1
14,0,T14_0522,-1,10,0 0 0 0 0 0 0 0 0 0 2 0 2 0 0 0 0 2 2 2
14,0,T14_0531,-1,8,0 0 0 0 0 0 0 1 0 0 2 0 0 1 1 0 1 1 0 1
14,0,T14_0534,-1,8,0 0 0 0 0 0 0 0 0 0 2 0 0 0 1 1 1 1 1 1
14,0,T14_0535,-1,12,0 0 0 1 0 0 1 1 2 0 2 0 0 0 0 1 1 1 1 1
14,0,T14_0536,-1,9,0 0 0 0 0 0 0 1 1 0 2 0 0 1 1 0 0 1 1 1
14,0,T14_0566,-1,4,0 0 0 1 0 0 0 0 0 0 0 0 2 0 1 0 0 0 0 0
14,0,T14_0567,-1,3,0 0 0 2 0 0 0 0 0 0 0 0 0 0 1 0 0 0 0 0
14,0,T14_0568,-1,4,0 0 0 0 0 0 0 0 0 0 0 0 0 0 0 2 1 0 0 1
14,0,T14_0587,-1,10,1 1 0 0 0 0 0 0 2 0 0 0 0 0 1 1 1 1 1 1
14,0,T14_0588,-1,10,0 0 0 0 0 0 0 0 2 0 1 1 0 0 0 1 1 1 2 1
14,0,T14_0589,-1,11,1 0 0 0 0 0 0 0 2 0 1 1 0 0 1 0 2 1 1 1
14,0,T14_0631,-1,3,0 0 0 0 0 0 0 0 0 0 0 0 0 1 0 0 1 0 1 0
14,0,T14_0633,-1,0,0 0 0 0 0 0 0 0 0 0 0 0 0 0 0 0 0 0 0 0
14,0,T14_0634,-1,0,0 0 0 0 0 0 0 0 0 0 0 0 0 0 0 0 0 0 0 0
14,0,T14_0639,-1,0,0 0 0 0 0 0 0 0 0 0 0 0 0 0 0 0 0 0 0 0
14,0,T14_0640,-1,6,0 0 0 0 0 0 0 0 0 2 0 2 0 0 0 0 0 0 0 2
14,0,T14_0642,-1,3,0 0 0 0 0 0 0 0 0 0 0 1 0 0 1 0 1 0 0 0
14,0,T14_0646,-1,4,0 0 0 0 0 0 0 0 0 0 0 0 0 0 0 2 0 0 2 0
14,0,T14_0648,-1,3,0 0 0 0 0 0 0 0 0 0 0 0 0 0 0 0 2 0 1 0
14,0,T14_0653,-1,6,0 0 0 0 0 0 0 0 0 2 0 2 0 2 0 0 0 0 0 0
14,0,T14_0654,-1,0,0 0 0 0 0 0 0 0 0 0 0 0 0 0 0 0 0 0 0 0
14,0,T14_0657,-1,4,0 0 0 0 0 0 0 0 0 0 0 0 0 2 0 0 2 0 0 0
14,0,T14_0663,-1,4,0 0 0 0 0 0 0 0 0 0 0 0 0 0 0 0 0 2 2 0
14,0,T14_0666,-1,3,0 0 0 0 0 0 0 0 0 0 0 0 0 0 0 2 0 0 1 0
14,0,T14_0669,-1,0,0 0 0 0 0 0 0 0 0 0 0 0 0 0 0 0 0 0 0 0
14,0,T14_0670,-1,6,0 0 0 2 0 0 0 0 0 0 0 2 0 0 0 2 0 0 0 0
14,0,T14_0672,-1,4,0 0 0 0 0 0 0 0 0 0 0 0 0 0 0 2 2 0 0 0
14,0,T14_0677,-1,3,0 0 0 1 0 0 0 0 0 0 0 0 0 0 0 0 0 1 1 0
14,0,T14_0680,-1,0,0 0 0 0 0 0 0 0 0 0 0 0 0 0 0 0 0 0 0 0
14,0,T14_0681,-1,0,0 0 0 0 0 0 0 0 0 0 0 0 0 0 0 0 0 0 0 0
14,0,T14_0683,-1,6,0 0 0 2 0 0 0 0 0 0 0 2 0 0 0 0 0 0 0 2
14,0,T14_0684,-1,0,0 0 0 0 0 0 0 0 0 0 0 0 0 0 0 0 0 0 0 0
14,0,T14_0687,-1,3,0 0 0 1 0 0 0 0 0 0 0 0 0 0 0 1 1 0 0 0
14,0,T14_0727,-1,2,0 0 0 0 1 0 0 0 1 0 0 0 0 0 0 0 0 0 0 0
14,0,T14_0731,-1,2,0 0 0 0 1 0 0 0 0 0 0 0 0 1 0 0 0 0 0 0
14,0,T14_0732,-1,9,0 0 0 0 1 0 1 1 1 1 0 0 0 0 0 1 0 1 1 1
14,0,T14_0736,-1,7,0 0 0 0 1 0 0 0 0 1 1 0 0 0 0 1 0 1 1 1
14,0,T14_0762,-1,3,0 0 0 0 0 0 0 0 0 0 2 0 0 1 0 0 0 0 0 0
14,0,T14_0763,-1,10,0 0 0 1 0 0 1 1 1 0 2 0 0 0 0 1 0 1 1 1
14,0,T14_0772,-1,8,0 0 0 0 0 0 0 0 2 0 1 1 0 0 0 1 0 1 1 1
14,0,T14_0785,-1,4,0 0 0 0 1 0 0 0 0 0 0 1 0 0 0 2 0 0 0 0
14,0,T14_0786,-1,4,0 0 0 0 1 0 0 0 1 0 0 0 0 0 0 2 0 0 0 0
14,0,T14_0787,-1,10,0 0 0 0 1 0 1 1 1 1 0 0 0 0 0 1 1 1 0 2
14,0,T14_0788,-1,12,0 0 0 0 1 0 0 0 1 1 0 0 0 2 2 1 1 1 1 1
14,0,T14_0789,-1,7,0 0 0 0 1 0 0 0 1 1 0 0 0 0 1 1 0 0 1 1
14,0,T14_0790,-1,4,0 0 0 0 1 0 0 0 0 0 0 0 1 0 0 2 0 0 0 0
14,0,T14_0791,-1,8,0 0 0 0 1 0 0 0 0 1 1 0 0 0 1 1 0 1 0 2
14,0,T14_0792,-1,12,0 0 0 0 1 0 0 0 0 1 1 0 0 2 2 1 1 1 1 1
14,0,T14_0793,-1,9,0 0 0 1 0 0 0 0 0 1 1 0 0 0 1 1 2 0 1 1
14,0,T14_0797,-1,3,0 0 0 0 1 0 0 0 0 0 0 0 0 0 0 2 0 0 0 0
14,0,T14_0798,-1,4,0 0 0 0 1 0 0 0 0 0 0 0 1 0 0 2 0 0 0 0
14,0,T14_0799,-1,3,0 0 0 0 1 0 0 0 0 0 0 0 0 0 0 2 0 0 0 0
14,0,T14_0807,-1,2,0 0 0 0 0 0 0 0 0 0 0 0 0 0 0 2 0 0 0 0
14,0,T14_0813,-1,11,0 0 0 1 0 0 1 1 1 0 2 0 0 0 0 1 1 1 0 2
14,0,T14_0814,-1,13,0 0 0 0 0 0 0 1 1 0 2 0 0 2 2 1 1 1 1 1
14,0,T14_0815,-1,8,0 0 0 0 0 0 0 1 1 0 2 0 0 0 1 1 0 0 1 1
14,0,T14_0816,-1,5,0 0 0 0 0 0 0 0 0 2 0 0 1 0 0 2 0 0 0 0
14,0,T14_0820,-1,5,0 0 0 0 0 0 0 0 2 0 1 0 0 0 0 2 0 0 0 0
14,0,T14_0821,-1,9,0 0 0 0 0 0 0 0 2 0 2 1 0 0 1 1 0 1 0 1
14,0,T14_0822,-1,13,0 0 0 0 0 0 0 0 2 0 1 1 0 2 2 1 1 1 1 1
14,0,T14_0823,-1,11,1 0 0 0 0 0 0 0 2 0 1 1 0 0 1 1 2 0 1 1
14,0,T14_0824,-1,2,0 0 0 0 0 0 0 0 0 0 0 0 0 0 0 2 0 0 0 0
14,0,T14_0833,-1,4,0 0 0 0 1 0 0 0 0 0 0 1 0 0 0 0 0 0 2 0
14,0,T14_0835,-1,4,0 0 0 0 1 0 0 0 0 0 0 0 0 1 0 0 2 0 0 0
14,0,T14_0847,-1,5,0 0 0 0 0 0 0 0 0 0 2 0 0 1 0 0 2 0 0 0
14,1,T14_0006,0,1,0 0 0 0 0 0 0 0 0 0 0 0 0 0 1 0 0 0 0 0
14,1,T14_0007,0,0,0 0 0 0 0 0 0 0 0 0 0 0 0 0 0 0 0 0 0 0
14,1,T14_0009,0,0,0 0 0 0 0 0 0 0 0 0 0 0 0 0 0 0 0 0 0 0
14,1,T14_0010,0,1,0 0 0 0 0 0 0 0 0 0 0 0 0 0 1 0 0 0 0 0
14,1,T14_0011,0,1,0 0 0 0 0 0 0 0 0 0 0 0 0 0 0 0 0 0 1 0
14,1,T14_0012,0,1,0 0 0 0 0 0 0 0 0 0 0 0 0 0 0 0 0 0 0 1
14,1,T14_0013,0,0,0 0 0 0 0 0 0 0 0 0 0 0 0 0 0 0 0 0 0 0
14,1,T14_0014,0,1,0 0 0 0 0 1 0 0 0 0 0 0 0 0 0 0 0 0 0 0
14,1,T14_0015,0,3,0 0 0 0 2 0 0 0 0 0 0 0 0 0 1 0 0 0 0 0
14,1,T14_0015,1,1,0 0 0 0 0 0 0 0 0 0 0 0 0 0 1 0 0 0 0 0
14,1,T14_0015,2,1,0 0 0 0 0 0 0 0 0 0 0 0 0 0 1 0 0 0 0 0
14,1,T14_0015,3,1,0 0 0 0 0 0 0 0 0 0 0 0 0 0 1 0 0 0 0 0
14,1,T14_0015,4,3,0 0 0 0 0 0 0 0 0 0 0 0 0 0 1 2 0 0 0 0
14,1,T14_0015,5,1,0 0 0 0 0 0 0 0 0 0 0 0 0 0 1 0 0 0 0 0
14,1,T14_0015,6,1,0 0 0 0 0 0 0 0 0 0 0 0 0 0 1 0 0 0 0 0
14,1,T14_0015,7,1,0 0 0 0 0 0 0 0 0 0 0 0 0 0 1 0 0 0 0 0
14,1,T14_0015,8,1,0 0 0 0 0 0 0 0 0 0 0 0 0 0 1 0 0 0 0 0
14,1,T14_0015,9,1,0 0 0 0 0 0 0 0 0 0 0 0 0 0 1 0 0 0 0 0
14,1,T14_0015,10,1,0 0 0 0 0 0 0 0 0 0 0 0 0 0 1 0 0 0 0 0
14,1,T14_0015,11,1,0 0 0 0 0 0 0 0 0 0 0 0 0 0 1 0 0 0 0 0
14,1,T14_0015,12,1,0 0 0 0 0 0 0 0 0 0 0 0 0 0 1 0 0 0 0 0
14,1,T14_0015,13,1,0 0 0 0 0 0 0 0 0 0 0 0 0 0 1 0 0 0 0 0
14,1,T14_0016,0,2,0 0 0 0 2 0 0 0 0 0 0 0 0 0 0 0 0 0 0 0
14,1,T14_0016,1,0,0 0 0 0 0 0 0 0 0 0 0 0 0 0 0 0 0 0 0 0
14,1,T14_0016,2,0,0 0 0 0 0 0 0 0 0 0 0 0 0 0 0 0 0 0 0 0
14,1,T14_0016,3,0,0 0 0 0 0 0 0 0 0 0 0 0 0 0 0 0 0 0 0 0
14,1,T14_0016,4,2,0 0 0 0 0 0 0 0 0 0 0 0 0 0 0 2 0 0 0 0
14,1,T14_0016,5,0,0 0 0 0 0 0 0 0 0 0 0 0 0 0 0 0 0 0 0 0
14,1,T14_0016,6,0,0 0 0 0 0 0 0 0 0 0 0 0 0 0 0 0 0 0 0 0
14,1,T14_0016,7,0,0 0 0 0 0 0 0 0 0 0 0 0 0 0 0 0 0 0 0 0
14,1,T14_0016,8,0,0 0 0 0 0 0 0 0 0 0 0 0 0 0 0 0 0 0 0 0
14,1,T14_0016,9,0,0 0 0 0 0 0 0 0 0 0 0 0 0 0 0 0 0 0 0 0
14,1,T14_0016,10,0,0 0 0 0 0 0 0 0 0 0 0 0 0 0 0 0 0 0 0 0
14,1,T14_0016,11,0,0 0 0 0 0 0 0 0 0 0 0 0 0 0 0 0 0 0 0 0
14,1,T14_0016,12,0,0 0 0 0 0 0 0 0 0 0 0 0 0 0 0 0 0 0 0 0
14,1,T14_0016,13,0,0 0 0 0 0 0 0 0 0 0 0 0 0 0 0 0 0 0 0 0
14,1,T14_0017,5,1,0 0 0 0 0 0 0 0 0 0 0 0 0 1 0 0 0 0 0 0
14,1,T14_0018,0,1,0 0 0 0 0 0 0 0 0 0 0 0 0 0 1 0 0 0 0 0
14,1,T14_0018,1,1,0 0 0 0 0 0 0 0 0 0 0 0 0 0 1 0 0 0 0 0
14,1,T14_0018,2,1,0 0 0 0 0 0 0 0 0 0 0 0 0 0 1 0 0 0 0 0
14,1,T14_0018,3,1,0 0 0 0 0 0 0 0 0 0 0 0 0 0 1 0 0 0 0 0
14,1,T14_0018,4,3,0 0 0 0 0 0 0 0 0 0 0 0 0 0 1 2 0 0 0 0
14,1,T14_0018,5,3,0 0 0 0 2 0 0 0 0 0 0 0 0 0 1 0 0 0 0 0
14,1,T14_0018,6,1,0 0 0 0 0 0 0 0 0 0 0 0 0 0 1 0 0 0 0 0
14,1,T14_0018,7,1,0 0 0 0 0 0 0 0 0 0 0 0 0 0 1 0 0 0 0 0
14,1,T14_0018,8,1,0 0 0 0 0 0 0 0 0 0 0 0 0 0 1 0 0 0 0 0
14,1,T14_0018,9,1,0 0 0 0 0 0 0 0 0 0 0 0 0 0 1 0 0 0 0 0
14,1,T14_0018,10,1,0 0 0 0 0 0 0 0 0 0 0 0 0 0 1 0 0 0 0 0
14,1,T14_0018,11,1,0 0 0 0 0 0 0 0 0 0 0 0 0 0 1 0 0 0 0 0
14,1,T14_0018,12,1,0 0 0 0 0 0 0 0 0 0 0 0 0 0 1 0 0 0 0 0
14,1,T14_0018,13,1,0 0 0 0 0 0 0 0 0 0 0 0 0 0 1 0 0 0 0 0
14,1,T14_0021,0,0,0 0 0 0 0 0 0 0 0 0 0 0 0 0 0 0 0 0 0 0
14,1,T14_0022,0,1,0 0 0 0 0 0 0 0 0 0 0 0 1 0 0 0 0 0 0 0
14,1,T14_0023,0,0,0 0 0 0 0 0 0 0 0 0 0 0 0 0 0 0 0 0 0 0
14,1,T14_0024,0,1,0 0 0 0 0 0 0 0 0 0 0 0 0 0 1 0 0 0 0 0
14,1,T14_0025,0,1,0 0 0 0 0 0 0 0 0 0 0 0 0 0 0 0 0 0 1 0
14,1,T14_0026,0,1,0 0 0 0 0 0 0 0 0 0 0 0 0 0 0 0 0 0 0 1
14,1,T14_0027,0,0,0 0 0 0 0 0 0 0 0 0 0 0 0 0 0 0 0 0 0 0
14,1,T14_0037,0,1,0 0 0 0 0 0 1 0 0 0 0 0 0 0 0 0 0 0 0 0
14,1,T14_0038,1,1,0 0 0 0 0 0 0 1 0 0 0 0 0 0 0 0 0 0 0 0
14,1,T14_0039,0,0,0 0 0 0 0 0 0 0 0 0 0 0 0 0 0 0 0 0 0 0
14,1,T14_0039,1,2,0 0 0 0 0 0 0 0 0 0 2 0 0 0 0 0 0 0 0 0
14,1,T14_0039,2,0,0 0 0 0 0 0 0 0 0 0 0 0 0 0 0 0 0 0 0 0
14,1,T14_0039,3,0,0 0 0 0 0 0 0 0 0 0 0 0 0 0 0 0 0 0 0 0
14,1,T14_0039,4,2,0 0 0 0 0 0 0 0 0 0 0 0 0 0 0 2 0 0 0 0
14,1,T14_0039,5,0,0 0 0 0 0 0 0 0 0 0 0 0 0 0 0 0 0 0 0 0
14,1,T14_0039,6,0,0 0 0 0 0 0 0 0 0 0 0 0 0 0 0 0 0 0 0 0
14,1,T14_0039,7,0,0 0 0 0 0 0 0 0 0 0 0 0 0 0 0 0 0 0 0 0
14,1,T14_0039,8,0,0 0 0 0 0 0 0 0 0 0 0 0 0 0 0 0 0 0 0 0
14,1,T14_0039,9,0,0 0 0 0 0 0 0 0 0 0 0 0 0 0 0 0 0 0 0 0
14,1,T14_0039,10,0,0 0 0 0 0 0 0 0 0 0 0 0 0 0 0 0 0 0 0 0
14,1,T14_0039,11,0,0 0 0 0 0 0 0 0 0 0 0 0 0 0 0 0 0 0 0 0
14,1,T14_0039,12,0,0 0 0 0 0 0 0 0 0 0 0 0 0 0 0 0 0 0 0 0
14,1,T14_0039,13,0,0 0 0 0 0 0 0 0 0 0 0 0 0 0 0 0 0 0 0 0
14,1,T14_0040,0,1,0 0 0 0 0 0 0 0 0 0 0 1 0 0 0 0 0 0 0 0
14,1,T14_0040,1,3,0 0 0 0 0 0 0 0 0 2 0 1 0 0 0 0 0 0 0 0
14,1,T14_0040,2,1,0 0 0 0 0 0 0 0 0 0 0 1 0 0 0 0 0 0 0 0
14,1,T14_0040,3,1,0 0 0 0 0 0 0 0 0 0 0 1 0 0 0 0 0 0 0 0
14,1,T14_0040,4,3,0 0 0 0 0 0 0 0 0 0 0 1 0 0 0 2 0 0 0 0
14,1,T14_0040,5,1,0 0 0 0 0 0 0 0 0 0 0 1 0 0 0 0 0 0 0 0
14,1,T14_0040,6,1,0 0 0 0 0 0 0 0 0 0 0 1 0 0 0 0 0 0 0 0
14,1,T14_0040,7,1,0 0 0 0 0 0 0 0 0 0 0 1 0 0 0 0 0 0 0 0
14,1,T14_0040,8,1,0 0 0 0 0 0 0 0 0 0 0 1 0 0 0 0 0 0 0 0
14,1,T14_0040,9,1,0 0 0 0 0 0 0 0 0 0 0 1 0 0 0 0 0 0 0 0
14,1,T14_0040,10,1,0 0 0 0 0 0 0 0 0 0 0 1 0 0 0 0 0 0 0 0
14,1,T14_0040,11,1,0 0 0 0 0 0 0 0 0 0 0 1 0 0 0 0 0 0 0 0
14,1,T14_0040,12,1,0 0 0 0 0 0 0 0 0 0 0 1 0 0 0 0 0 0 0 0
14,1,T14_0040,13,1,0 0 0 0 0 0 0 0 0 0 0 1 0 0 0 0 0 0 0 0
14,1,T14_0041,4,1,0 0 0 0 0 0 0 0 0 0 0 0 0 0 0 1 0 0 0 0
14,1,T14_0042,0,1,0 0 0 0 0 0 0 0 0 0 0 0 0 0 1 0 0 0 0 0
14,1,T14_0042,1,1,0 0 0 0 0 0 0 0 0 0 0 0 0 0 1 0 0 0 0 0
14,1,T14_0042,2,1,0 0 0 0 0 0 0 0 0 0 0 0 0 0 1 0 0 0 0 0
14,1,T14_0042,3,1,0 0 0 0 0 0 0 0 0 0 0 0 0 0 1 0 0 0 0 0
14,1,T14_0042,4,3,0 0 0 0 0 0 0 0 0 0 0 0 0 0 1 2 0 0 0 0
14,1,T14_0042,5,2,0 0 0 0 0 0 0 0 0 2 0 0 0 0 0 0 0 0 0 0
14,1,T14_0042,6,1,0 0 0 0 0 0 0 0 0 0 0 0 0 0 1 0 0 0 0 0
14,1,T14_0042,7,1,0 0 0 0 0 0 0 0 0 0 0 0 0 0 1 0 0 0 0 0
14,1,T14_0042,8,1,0 0 0 0 0 0 0 0 0 0 0 0 0 0 1 0 0 0 0 0
14,1,T14_0042,9,1,0 0 0 0 0 0 0 0 0 0 0 0 0 0 1 0 0 0 0 0
14,1,T14_0042,10,1,0 0 0 0 0 0 0 0 0 0 0 0 0 0 1 0 0 0 0 0
14,1,T14_0042,11,1,0 0 0 0 0 0 0 0 0 0 0 0 0 0 1 0 0 0 0 0
14,1,T14_0042,12,1,0 0 0 0 0 0 0 0 0 0 0 0 0 0 1 0 0 0 0 0
14,1,T14_0042,13,1,0 0 0 0 0 0 0 0 0 0 0 0 0 0 1 0 0 0 0 0
14,1,T14_0043,0,1,0 0 0 0 0 0 0 0 0 0 0 0 0 0 0 0 0 0 1 0
14,1,T14_0043,1,3,0 0 0 0 0 0 0 0 0 2 0 0 0 0 0 0 0 0 1 0
14,1,T14_0043,2,1,0 0 0 0 0 0 0 0 0 0 0 0 0 0 0 0 0 0 1 0
14,1,T14_0043,3,1,0 0 0 0 0 0 0 0 0 0 0 0 0 0 0 0 0 0 1 0
14,1,T14_0043,4,3,0 0 0 0 0 0 0 0 0 0 0 0 0 0 2 0 0 0 1 0
14,1,T14_0043,5,1,0 0 0 0 0 0 0 0 0 0 0 0 0 0 0 0 0 0 1 0
14,1,T14_0043,6,1,0 0 0 0 0 0 0 0 0 0 0 0 0 0 0 0 0 0 1 0
14,1,T14_0043,7,1,0 0 0 0 0 0 0 0 0 0 0 0 0 0 0 0 0 0 1 0
14,1,T14_0043,8,1,0 0 0 0 0 0 0 0 0 0 0 0 0 0 0 0 0 0 1 0
14,1,T14_0043,9,1,0 0 0 0 0 0 0 0 0 0 0 0 0 0 0 0 0 0 1 0
14,1,T14_0043,10,1,0 0 0 0 0 0 0 0 0 0 0 0 0 0 0 0 0 0 1 0
14,1,T14_0043,11,1,0 0 0 0 0 0 0 0 0 0 0 0 0 0 0 0 0 0 1 0
14,1,T14_0043,12,1,0 0 0 0 0 0 0 0 0 0 0 0 0 0 0 0 0 0 1 0
14,1,T14_0043,13,1,0 0 0 0 0 0 0 0 0 0 0 0 0 0 0 0 0 0 1 0
14,1,T14_0044,0,3,0 0 0 0 0 0 0 0 0 0 0 0 0 0 2 0 0 0 0 1
14,1,T14_0044,1,3,0 0 0 0 0 0 0 0 0 2 0 0 0 0 0 0 0 0 0 1
14,1,T14_0044,2,1,0 0 0 0 0 0 0 0 0 0 0 0 0 0 0 0 0 0 0 1
14,1,T14_0044,3,1,0 0 0 0 0 0 0 0 0 0 0 0 0 0 0 0 0 0 0 1
14,1,T14_0044,4,1,0 0 0 0 0 0 0 0 0 0 0 0 0 0 0 0 0 0 0 1
14,1,T14_0044,5,1,0 0 0 0 0 0 0 0 0 0 0 0 0 0 0 0 0 0 0 1
14,1,T14_0044,6,1,0 0 0 0 0 0 0 0 0 0 0 0 0 0 0 0 0 0 0 1
14,1,T14_0044,7,1,0 0 0 0 0 0 0 0 0 0 0 0 0 0 0 0 0 0 0 1
14,1,T14_0044,8,1,0 0 0 0 0 0 0 0 0 0 0 0 0 0 0 0 0 0 0 1
14,1,T14_0044,9,1,0 0 0 0 0 0 0 0 0 0 0 0 0 0 0 0 0 0 0 1
14,1,T14_0044,10,1,0 0 0 0 0 0 0 0 0 0 0 0 0 0 0 0 0 0 0 1
14,1,T14_0044,11,1,0 0 0 0 0 0 0 0 0 0 0 0 0 0 0 0 0 0 0 1
14,1,T14_0044,12,1,0 0 0 0 0 0 0 0 0 0 0 0 0 0 0 0 0 0 0 1
14,1,T14_0044,13,1,0 0 0 0 0 0 0 0 0 0 0 0 0 0 0 0 0 0 0 1
14,1,T14_0045,0,0,0 0 0 0 0 0 0 0 0 0 0 0 0 0 0 0 0 0 0 0
14,1,T14_0045,1,2,0 0 0 0 0 0 0 0 0 2 0 0 0 0 0 0 0 0 0 0
14,1,T14_0045,2,0,0 0 0 0 0 0 0 0 0 0 0 0 0 0 0 0 0 0 0 0
14,1,T14_0045,3,0,0 0 0 0 0 0 0 0 0 0 0 0 0 0 0 0 0 0 0 0
14,1,T14_0045,4,2,0 0 0 0 0 0 0 0 0 0 0 0 0 0 2 0 0 0 0 0
14,1,T14_0045,5,0,0 0 0 0 0 0 0 0 0 0 0 0 0 0 0 0 0 0 0 0
14,1,T14_0045,6,0,0 0 0 0 0 0 0 0 0 0 0 0 0 0 0 0 0 0 0 0
14,1,T14_0045,7,0,0 0 0 0 0 0 0 0 0 0 0 0 0 0 0 0 0 0 0 0
14,1,T14_0045,8,0,0 0 0 0 0 0 0 0 0 0 0 0 0 0 0 0 0 0 0 0
14,1,T14_0045,9,0,0 0 0 0 0 0 0 0 0 0 0 0 0 0 0 0 0 0 0 0
14,1,T14_0045,10,0,0 0 0 0 0 0 0 0 0 0 0 0 0 0 0 0 0 0 0 0
14,1,T14_0045,11,0,0 0 0 0 0 0 0 0 0 0 0 0 0 0 0 0 0 0 0 0
14,1,T14_0045,12,0,0 0 0 0 0 0 0 0 0 0 0 0 0 0 0 0 0 0 0 0
14,1,T14_0045,13,0,0 0 0 0 0 0 0 0 0 0 0 0 0 0 0 0 0 0 0 0
14,1,T14_0046,1,0,0 0 0 0 0 0 0 0 0 0 0 0 0 0 0 0 0 0 0 0
14,1,T14_0048,1,0,0 0 0 0 0 0 0 0 0 0 0 0 0 0 0 0 0 0 0 0
14,1,T14_0049,1,1,0 0 0 0 0 0 0 0 0 0 0 1 0 0 0 0 0 0 0 0
14,1,T14_0051,1,1,0 0 0 0 0 0 0 0 0 0 0 0 0 0 1 0 0 0 0 0
14,1,T14_0052,1,1,0 0 0 0 0 0 0 0 0 0 0 0 0 0 0 0 0 0 1 0
14,1,T14_0053,1,1,0 0 0 0 0 0 0 0 0 0 0 0 0 0 0 0 0 0 0 1
14,1,T14_0054,1,0,0 0 0 0 0 0 0 0 0 0 0 0 0 0 0 0 0 0 0 0
14,1,T14_0055,0,1,0 0 0 0 0 0 1 0 0 0 0 0 0 0 0 0 0 0 0 0
14,1,T14_0056,1,1,0 0 0 0 0 0 0 1 0 0 0 0 0 0 0 0 0 0 0 0
14,1,T14_0057,0,0,0 0 0 0 0 0 0 0 0 0 0 0 0 0 0 0 0 0 0 0
14,1,T14_0057,1,2,0 0 0 0 0 0 0 0 0 0 2 0 0 0 0 0 0 0 0 0
14,1,T14_0057,2,0,0 0 0 0 0 0 0 0 0 0 0 0 0 0 0 0 0 0 0 0
14,1,T14_0057,3,0,0 0 0 0 0 0 0 0 0 0 0 0 0 0 0 0 0 0 0 0
14,1,T14_0057,4,2,0 0 0 0 0 0 0 0 0 0 0 0 0 0 0 0 0 0 2 0
14,1,T14_0057,5,0,0 0 0 0 0 0 0 0 0 0 0 0 0 0 0 0 0 0 0 0
14,1,T14_0057,6,0,0 0 0 0 0 0 0 0 0 0 0 0 0 0 0 0 0 0 0 0
14,1,T14_0057,7,0,0 0 0 0 0 0 0 0 0 0 0 0 0 0 0 0 0 0 0 0
14,1,T14_0057,8,0,0 0 0 0 0 0 0 0 0 0 0 0 0 0 0 0 0 0 0 0
14,1,T14_0057,9,0,0 0 0 0 0 0 0 0 0 0 0 0 0 0 0 0 0 0 0 0
14,1,T14_0057,10,0,0 0 0 0 0 0 0 0 0 0 0 0 0 0 0 0 0 0 0 0
14,1,T14_0057,11,0,0 0 0 0 0 0 0 0 0 0 0 0 0 0 0 0 0 0 0 0
14,1,T14_0057,12,0,0 0 0 0 0 0 0 0 0 0 0 0 0 0 0 0 0 0 0 0
14,1,T14_0057,13,0,0 0 0 0 0 0 0 0 0 0 0 0 0 0 0 0 0 0 0 0
14,1,T14_0058,0,1,0 0 0 0 0 0 0 0 0 0 0 1 0 0 0 0 0 0 0 0
14,1,T14_0058,1,3,0 0 0 0 0 0 0 0 0 2 0 1 0 0 0 0 0 0 0 0
14,1,T14_0058,2,1,0 0 0 0 0 0 0 0 0 0 0 1 0 0 0 0 0 0 0 0
14,1,T14_0058,3,1,0 0 0 0 0 0 0 0 0 0 0 1 0 0 0 0 0 0 0 0
14,1,T14_0058,4,3,0 0 0 0 0 0 0 0 0 0 0 1 0 0 0 0 0 0 2 0
14,1,T14_0058,5,1,0 0 0 0 0 0 0 0 0 0 0 1 0 0 0 0 0 0 0 0
14,1,T14_0058,6,1,0 0 0 0 0 0 0 0 0 0 0 1 0 0 0 0 0 0 0 0
14,1,T14_0058,7,1,0 0 0 0 0 0 0 0 0 0 0 1 0 0 0 0 0 0 0 0
14,1,T14_0058,8,1,0 0 0 0 0 0 0 0 0 0 0 1 0 0 0 0 0 0 0 0
14,1,T14_0058,9,1,0 0 0 0 0 0 0 0 0 0 0 1 0 0 0 0 0 0 0 0
14,1,T14_0058,10,1,0 0 0 0 0 0 0 0 0 0 0 1 0 0 0 0 0 0 0 0
14,1,T14_0058,11,1,0 0 0 0 0 0 0 0 0 0 0 1 0 0 0 0 0 0 0 0
14,1,T14_0058,12,1,0 0 0 0 0 0 0 0 0 0 0 1 0 0 0 0 0 0 0 0
14,1,T14_0058,13,1,0 0 0 0 0 0 0 0 0 0 0 1 0 0 0 0 0 0 0 0
14,1,T14_0059,0,1,0 0 0 0 0 0 0 0 0 0 0 0 0 0 1 0 0 0 0 0
14,1,T14_0059,1,1,0 0 0 0 0 0 0 0 0 0 0 0 0 0 1 0 0 0 0 0
14,1,T14_0059,2,1,0 0 0 0 0 0 0 0 0 0 0 0 0 0 1 0 0 0 0 0
14,1,T14_0059,3,1,0 0 0 0 0 0 0 0 0 0 0 0 0 0 1 0 0 0 0 0
14,1,T14_0059,4,3,0 0 0 0 0 0 0 0 0 0 0 0 0 0 1 0 0 0 2 0
14,1,T14_0059,5,2,0 0 0 0 0 0 0 0 0 2 0 0 0 0 0 0 0 0 0 0
14,1,T14_0059,6,1,0 0 0 0 0 0 0 0 0 0 0 0 0 0 1 0 0 0 0 0
14,1,T14_0059,7,1,0 0 0 0 0 0 0 0 0 0 0 0 0 0 1 0 0 0 0 0
14,1,T14_0059,8,1,0 0 0 0 0 0 0 0 0 0 0 0 0 0 1 0 0 0 0 0
14,1,T14_0059,9,1,0 0 0 0 0 0 0 0 0 0 0 0 0 0 1 0 0 0 0 0
14,1,T14_0059,10,1,0 0 0 0 0 0 0 0 0 0 0 0 0 0 1 0 0 0 0 0
14,1,T14_0059,11,1,0 0 0 0 0 0 0 0 0 0 0 0 0 0 1 0 0 0 0 0
14,1,T14_0059,12,1,0 0 0 0 0 0 0 0 0 0 0 0 0 0 1 0 0 0 0 0
14,1,T14_0059,13,1,0 0 0 0 0 0 0 0 0 0 0 0 0 0 1 0 0 0 0 0
14,1,T14_0062,0,0,0 0 0 0 0 0 0 0 0 0 0 0 0 0 0 0 0 0 0 0
14,1,T14_0063,0,1,0 0 0 0 0 0 0 0 0 0 0 0 1 0 0 0 0 0 0 0
14,1,T14_0064,0,0,0 0 0 0 0 0 0 0 0 0 0 0 0 0 0 0 0 0 0 0
14,1,T14_0065,0,1,0 0 0 0 0 0 0 0 0 0 0 0 0 0 1 0 0 0 0 0
14,1,T14_0066,0,0,0 0 0 0 0 0 0 0 0 0 0 0 0 0 0 0 0 0 0 0
14,1,T14_0067,0,1,0 0 0 0 0 0 0 0 0 0 0 0 0 0 0 0 0 0 1 0
14,1,T14_0068,0,1,0 0 0 0 0 0 0 0 0 0 0 0 0 0 0 0 0 0 1 0
14,1,T14_0161,0,5,0 0 0 0 0 1 0 0 0 2 2 0 0 0 0 0 0 0 0 0
14,1,T14_0164,0,5,0 0 0 0 0 1 0 0 0 2 2 0 0 0 0 0 0 0 0 0
14,1,T14_0165,0,5,0 0 0 0 0 1 0 0 0 2 2 0 0 0 0 0 0 0 0 0
14,1,T14_0166,0,5,0 0 0 0 0 1 0 0 0 2 2 0 0 0 0 0 0 0 0 0
14,1,T14_0167,0,5,0 0 0 0 0 1 0 0 0 1 0 0 0 0 0 0 1 1 1 0
14,1,T14_0171,0,4,0 0 0 0 0 0 0 0 0 0 0 2 0 0 0 0 0 2 0 0
14,1,T14_0173,0,5,0 0 0 0 0 1 0 0 0 0 2 2 0 0 0 0 0 0 0 0
14,1,T14_0174,0,5,0 0 0 0 0 1 0 0 0 0 2 2 0 0 0 0 0 0 0 0
14,1,T14_0175,0,5,0 0 0 1 0 0 0 0 0 0 1 0 0 0 0 0 0 1 1 1
14,1,T14_0187,0,5,0 0 0 0 0 1 0 0 0 0 0 0 0 0 2 2 0 0 0 0
14,1,T14_0188,0,5,0 0 0 0 0 1 0 0 0 0 0 0 0 0 1 0 1 1 1 0
14,1,T14_0190,0,5,0 0 0 0 0 1 0 0 0 0 0 0 0 0 1 0 1 1 1 0
14,1,T14_0206,1,8,0 0 0 0 1 0 1 1 0 0 1 1 0 1 1 0 0 1 0 0
14,1,T14_0209,1,8,0 0 0 0 1 0 1 1 0 0 1 1 0 0 0 1 1 1 0 0
14,1,T14_0210,1,7,0 0 0 0 1 0 1 0 0 0 1 1 0 0 0 1 1 1 0 0
14,1,T14_0211,1,8,0 0 0 0 1 0 1 1 0 0 1 0 0 0 0 1 0 1 1 1
14,1,T14_0215,1,5,0 0 0 0 0 0 0 0 0 0 0 0 2 0 0 0 1 2 0 0
14,1,T14_0217,1,8,0 0 0 0 1 0 1 1 0 0 0 1 1 0 0 1 1 1 0 0
14,1,T14_0218,1,7,0 0 0 0 1 0 1 0 0 0 0 1 1 0 0 1 1 1 0 0
14,1,T14_0219,1,9,0 0 0 1 0 0 1 1 0 0 0 1 0 0 0 1 0 1 1 2
14,1,T14_0231,1,8,0 0 0 0 1 0 1 0 0 0 0 1 0 1 1 0 1 1 0 1
14,1,T14_0232,1,8,0 0 0 0 1 0 1 1 0 0 0 0 0 1 0 1 1 1 1 0
14,1,T14_0235,1,8,0 0 0 0 1 0 0 0 0 0 0 1 0 0 1 1 1 1 1 1
14,1,T14_0236,1,11,0 0 0 0 1 1 1 1 0 0 0 1 0 0 0 1 1 1 2 1
14,1,T14_0237,1,8,0 0 0 0 1 0 1 1 0 0 0 0 0 1 1 0 0 1 1 1
14,1,T14_0245,0,4,0 0 0 0 0 0 0 0 0 0 0 0 0 2 0 0 0 2 0 0
14,1,T14_0247,5,10,0 0 0 0 1 0 0 0 1 1 1 1 1 0 1 1 0 0 1 1
14,1,T14_0248,0,6,0 0 0 0 2 0 0 0 0 0 0 0 2 0 0 0 0 2 0 0
14,1,T14_0248,1,4,0 0 0 0 0 0 0 0 0 0 0 0 2 0 0 0 0 2 0 0
14,1,T14_0248,2,4,0 0 0 0 0 0 0 0 0 0 0 0 2 0 0 0 0 2 0 0
14,1,T14_0248,3,4,0 0 0 0 0 0 0 0 0 0 0 0 2 0 0 0 0 2 0 0
14,1,T14_0248,4,4,0 0 0 0 0 0 0 0 0 0 0 0 2 0 0 0 0 2 0 0
14,1,T14_0248,5,4,0 0 0 0 0 0 0 0 0 0 0 0 2 0 0 0 0 2 0 0
14,1,T14_0248,6,4,0 0 0 0 0 0 0 0 0 0 0 0 2 0 0 0 0 2 0 0
14,1,T14_0248,7,4,0 0 0 0 0 0 0 0 0 0 0 0 2 0 0 0 0 2 0 0
14,1,T14_0248,8,4,0 0 0 0 0 0 0 0 0 0 0 0 2 0 0 0 0 2 0 0
14,1,T14_0248,9,4,0 0 0 0 0 0 0 0 0 0 0 0 2 0 0 0 0 2 0 0
14,1,T14_0248,10,4,0 0 0 0 0 0 0 0 0 0 0 0 2 0 0 0 0 2 0 0
14,1,T14_0248,11,4,0 0 0 0 0 0 0 0 0 0 0 0 2 0 0 0 0 2 0 0
14,1,T14_0248,12,4,0 0 0 0 0 0 0 0 0 0 0 0 2 0 0 0 0 2 0 0
14,1,T14_0248,13,4,0 0 0 0 0 0 0 0 0 0 0 0 2 0 0 0 0 2 0 0
14,1,T14_0249,6,7,0 0 0 0 1 0 0 0 1 1 0 1 1 0 0 1 1 0 0 0
14,1,T14_0250,0,10,0 0 0 0 2 0 0 0 1 1 2 1 1 0 0 1 1 0 0 0
14,1,T14_0250,1,7,0 0 0 0 1 0 0 0 1 1 0 1 1 0 0 1 1 0 0 0
14,1,T14_0250,2,7,0 0 0 0 1 0 0 0 1 1 0 1 1 0 0 1 1 0 0 0
14,1,T14_0250,3,8,0 0 0 0 1 0 0 0 1 1 0 1 1 0 0 1 1 1 0 0
14,1,T14_0250,4,8,0 0 0 0 1 0 0 0 1 1 0 1 1 0 0 1 1 0 1 0
14,1,T14_0250,5,7,0 0 0 0 1 0 0 0 1 1 0 1 1 0 0 1 1 0 0 0
14,1,T14_0250,6,9,0 0 0 0 1 0 0 0 1 1 2 1 1 0 0 1 1 0 0 0
14,1,T14_0250,7,8,0 0 0 0 1 0 0 0 1 1 0 1 1 0 0 1 1 0 0 1
14,1,T14_0250,8,7,0 0 0 0 1 0 0 0 1 1 0 1 1 0 0 1 1 0 0 0
14,1,T14_0250,9,7,0 0 0 0 1 0 0 0 1 1 0 1 1 0 0 1 1 0 0 0
14,1,T14_0250,10,7,0 0 0 0 1 0 0 0 1 1 0 1 1 0 0 1 1 0 0 0
14,1,T14_0250,11,7,0 0 0 0 1 0 0 0 1 1 0 1 1 0 0 1 1 0 0 0
14,1,T14_0250,12,7,0 0 0 0 1 0 0 0 1 1 0 1 1 0 0 1 1 0 0 0
14,1,T14_0250,13,7,0 0 0 0 1 0 0 0 1 1 0 1 1 0 0 1 1 0 0 0
14,1,T14_0251,0,10,0 0 0 0 2 0 0 0 1 0 2 1 1 0 0 0 1 1 0 1
14,1,T14_0251,1,7,0 0 0 0 1 0 0 0 1 0 0 1 1 0 0 0 1 1 0 1
14,1,T14_0251,2,7,0 0 0 0 1 0 0 0 1 0 0 1 1 0 0 0 1 1 0 1
14,1,T14_0251,3,7,0 0 0 0 1 0 0 0 1 0 0 1 1 0 0 1 1 1 0 0
14,1,T14_0251,4,8,0 0 0 0 1 0 0 0 1 0 0 1 1 0 0 0 1 1 1 1
14,1,T14_0251,5,7,0 0 0 0 1 0 0 0 1 0 0 1 1 0 0 0 1 1 0 1
14,1,T14_0251,6,9,0 0 0 0 1 0 0 0 1 0 2 1 1 0 0 0 1 1 0 1
14,1,T14_0251,7,7,0 0 0 0 1 0 0 0 1 0 0 1 1 0 0 0 1 1 0 1
14,1,T14_0251,8,8,0 0 0 0 1 0 0 0 1 1 0 1 1 0 0 0 1 1 0 1
14,1,T14_0251,9,7,0 0 0 0 1 0 0 0 1 0 0 1 1 0 0 0 1 1 0 1
14,1,T14_0251,10,7,0 0 0 0 1 0 0 0 1 0 0 1 1 0 0 0 1 1 0 1
14,1,T14_0251,11,7,0 0 0 0 1 0 0 0 1 0 0 1 1 0 0 0 1 1 0 1
14,1,T14_0251,12,7,0 0 0 0 1 0 0 0 1 0 0 1 1 0 0 0 1 1 0 1
14,1,T14_0251,13,7,0 0 0 0 1 0 0 0 1 0 0 1 1 0 0 0 1 1 0 1
14,1,T14_0252,0,12,0 0 0 0 2 0 0 0 0 0 2 2 0 0 0 0 0 2 2 2
14,1,T14_0252,1,8,0 0 0 1 0 0 0 0 1 1 0 1 0 0 0 0 0 1 1 2
14,1,T14_0252,2,8,0 0 0 1 0 0 0 0 1 1 0 1 0 0 0 0 0 1 1 2
14,1,T14_0252,3,9,0 0 0 1 0 0 0 0 1 1 0 1 0 0 0 1 0 1 1 2
14,1,T14_0252,4,9,0 0 0 1 0 0 0 0 1 1 0 1 0 0 0 0 1 1 1 2
14,1,T14_0252,5,8,0 0 0 1 0 0 0 0 1 1 0 1 0 0 0 0 0 1 1 2
14,1,T14_0252,6,9,0 0 0 1 0 0 0 0 1 1 2 1 0 0 0 0 0 1 1 1
14,1,T14_0252,7,8,0 0 0 1 0 0 0 0 1 1 0 1 0 0 0 0 0 1 1 2
14,1,T14_0252,8,8,0 0 0 1 0 0 0 0 1 1 0 1 0 0 0 0 0 1 1 2
14,1,T14_0252,9,8,0 0 0 1 0 0 0 0 1 1 0 1 0 0 0 0 0 1 1 2
14,1,T14_0252,10,9,0 0 0 1 0 0 0 0 1 1 0 1 1 0 0 0 0 1 1 2
14,1,T14_0252,11,8,0 0 0 1 0 0 0 0 1 1 0 1 0 0 0 0 0 1 1 2
14,1,T14_0252,12,8,0 0 0 1 0 0 0 0 1 1 0 1 0 0 0 0 0 1 1 2
14,1,T14_0252,13,8,0 0 0 1 0 0 0 0 1 1 0 1 0 0 0 0 0 1 1 2
14,1,T14_0253,5,4,0 0 0 0 0 0 0 0 0 0 0 0 0 0 2 0 0 2 0 0
14,1,T14_0256,5,7,0 0 0 0 1 0 0 0 1 1 0 0 1 1 0 1 1 0 0 0
14,1,T14_0257,5,7,0 0 0 0 1 0 0 0 1 0 0 0 1 1 0 0 1 1 0 1
14,1,T14_0258,5,8,0 0 0 0 1 0 0 0 1 1 0 0 1 0 0 0 0 1 1 2
14,1,T14_0260,6,7,0 0 0 0 1 0 0 0 1 1 0 0 0 1 1 1 1 0 0 0
14,1,T14_0261,6,7,0 0 0 0 1 0 0 0 1 0 0 0 0 1 1 0 1 1 0 1
14,1,T14_0262,6,7,0 0 0 0 1 0 0 0 1 1 0 0 0 1 0 0 0 1 1 1
14,1,T14_0263,0,10,0 0 0 0 2 0 0 0 1 0 2 0 0 1 1 0 1 1 0 1
14,1,T14_0263,1,7,0 0 0 0 1 0 0 0 1 0 0 0 0 1 1 0 1 1 0 1
14,1,T14_0263,2,7,0 0 0 0 1 0 0 0 1 0 0 0 0 1 1 0 1 1 0 1
14,1,T14_0263,3,7,0 0 0 0 1 0 0 0 1 0 0 0 0 1 1 1 1 1 0 0
14,1,T14_0263,4,7,0 0 0 0 1 0 0 0 1 0 0 0 0 1 1 0 1 1 0 1
14,1,T14_0263,5,7,0 0 0 0 1 0 0 0 1 0 0 0 0 1 1 0 1 1 0 1
14,1,T14_0263,6,9,0 0 0 0 1 0 0 0 1 0 2 0 0 1 1 0 1 1 0 1
14,1,T14_0263,7,8,0 0 0 0 1 0 0 0 1 0 0 0 0 1 1 0 1 1 1 1
14,1,T14_0263,8,8,0 0 0 0 1 0 0 0 1 1 0 0 0 1 1 0 1 1 0 1
14,1,T14_0263,9,7,0 0 0 0 1 0 0 0 1 0 0 0 0 1 1 0 1 1 0 1
14,1,T14_0263,10,7,0 0 0 0 1 0 0 0 1 0 0 0 0 1 1 0 1 1 0 1
14,1,T14_0263,11,7,0 0 0 0 1 0 0 0 1 0 0 0 0 1 1 0 1 1 0 1
14,1,T14_0263,12,7,0 0 0 0 1 0 0 0 1 0 0 0 0 1 1 0 1 1 0 1
14,1,T14_0263,13,7,0 0 0 0 1 0 0 0 1 0 0 0 0 1 1 0 1 1 0 1
14,1,T14_0264,3,8,0 0 0 0 1 0 0 0 0 2 2 0 0 0 0 0 0 1 2 0
14,1,T14_0266,0,10,0 0 0 0 2 0 0 0 0 0 2 0 0 0 1 1 1 1 1 1
14,1,T14_0266,1,7,0 0 0 0 1 0 0 0 0 0 0 0 0 0 1 1 1 1 1 1
14,1,T14_0266,2,7,0 0 0 0 1 0 0 0 0 0 0 0 0 0 1 1 1 1 1 1
14,1,T14_0266,3,8,0 0 0 0 1 0 0 0 0 0 0 0 0 1 1 1 1 1 1 1
14,1,T14_0266,4,7,0 0 0 0 1 0 0 0 0 0 0 0 0 0 1 1 1 1 1 1
14,1,T14_0266,5,7,0 0 0 0 1 0 0 0 0 0 0 0 0 0 1 1 1 1 1 1
14,1,T14_0266,6,9,0 0 0 0 1 0 0 0 0 0 2 0 0 0 1 1 1 1 1 1
14,1,T14_0266,7,7,0 0 0 0 1 0 0 0 0 0 0 0 0 0 1 1 1 1 1 1
14,1,T14_0266,8,8,0 0 0 0 1 0 0 0 0 1 0 0 0 0 1 1 1 1 1 1
14,1,T14_0266,9,8,0 0 0 0 1 0 0 0 1 0 0 0 0 0 1 1 1 1 1 1
14,1,T14_0266,10,7,0 0 0 0 1 0 0 0 0 0 0 0 0 0 1 1 1 1 1 1
14,1,T14_0266,11,7,0 0 0 0 1 0 0 0 0 0 0 0 0 0 1 1 1 1 1 1
14,1,T14_0266,12,7,0 0 0 0 1 0 0 0 0 0 0 0 0 0 1 1 1 1 1 1
14,1,T14_0266,13,7,0 0 0 0 1 0 0 0 0 0 0 0 0 0 1 1 1 1 1 1
14,1,T14_0267,0,14,0 0 0 0 2 0 1 1 1 2 2 0 0 0 0 1 1 1 1 1
14,1,T14_0267,1,11,0 0 0 0 1 0 1 1 1 2 0 0 0 0 0 1 1 1 1 1
14,1,T14_0267,2,11,0 0 0 0 1 0 1 1 1 2 0 0 0 0 0 1 1 1 1 1
14,1,T14_0267,3,12,0 0 0 0 1 0 1 1 1 2 0 0 0 0 0 1 1 2 1 1
14,1,T14_0267,4,11,0 0 0 0 1 0 1 1 1 2 0 0 0 0 0 1 1 1 1 1
14,1,T14_0267,5,11,0 0 0 0 1 0 1 1 1 2 0 0 0 0 0 1 1 1 1 1
14,1,T14_0267,6,13,0 0 0 0 1 0 1 1 1 2 2 0 0 0 0 1 1 1 1 1
14,1,T14_0267,7,11,0 0 0 0 1 0 1 1 1 2 0 0 0 0 0 1 1 1 1 1
14,1,T14_0267,8,11,0 0 0 0 1 0 1 1 1 2 0 0 0 0 0 1 1 1 1 1
14,1,T14_0267,9,11,0 0 0 0 1 0 1 1 1 2 0 0 0 0 0 1 1 1 1 1
14,1,T14_0267,10,11,0 0 0 0 1 0 1 1 1 2 0 0 0 0 0 1 1 1 1 1
14,1,T14_0267,11,11,0 0 0 0 1 0 1 1 1 2 0 0 0 0 0 1 1 1 1 1
14,1,T14_0267,12,11,0 0 0 0 1 0 1 1 1 2 0 0 0 0 0 1 1 1 1 1
14,1,T14_0267,13,11,0 0 0 0 1 0 1 1 1 2 0 0 0 0 0 1 1 1 1 1
14,1,T14_0268,0,11,0 0 0 0 2 0 0 0 1 1 2 0 0 1 1 0 0 1 1 1
14,1,T14_0268,1,8,0 0 0 0 1 0 0 0 1 1 0 0 0 1 1 0 0 1 1 1
14,1,T14_0268,2,8,0 0 0 0 1 0 0 0 1 1 0 0 0 1 1 0 0 1 1 1
14,1,T14_0268,3,9,0 0 0 0 1 0 0 0 1 1 0 0 0 1 1 0 0 1 1 2
14,1,T14_0268,4,8,0 0 0 0 1 0 0 0 1 1 0 0 0 1 1 0 0 1 1 1
14,1,T14_0268,5,8,0 0 0 0 1 0 0 0 1 1 0 0 0 1 1 0 0 1 1 1
14,1,T14_0268,6,10,0 0 0 0 1 0 0 0 1 1 2 0 0 1 1 0 0 1 1 1
14,1,T14_0268,7,8,0 0 0 0 1 0 0 0 1 1 0 0 0 1 1 0 0 1 1 1
14,1,T14_0268,8,8,0 0 0 0 1 0 0 0 1 1 0 0 0 0 1 0 1 1 1 1
14,1,T14_0268,9,8,0 0 0 0 1 0 0 0 1 1 0 0 0 1 1 0 0 1 1 1
14,1,T14_0268,10,9,0 0 0 0 1 0 0 0 1 1 0 0 0 0 1 1 1 1 1 1
14,1,T14_0268,11,8,0 0 0 0 1 0 0 0 1 1 0 0 0 1 1 0 0 1 1 1
14,1,T14_0268,12,8,0 0 0 0 1 0 0 0 1 1 0 0 0 1 1 0 0 1 1 1
14,1,T14_0268,13,8,0 0 0 0 1 0 0 0 1 1 0 0 0 1 1 0 0 1 1 1
14,1,T14_0276,0,4,0 0 0 0 1 0 0 0 0 0 0 2 0 0 1 0 0 0 0 0
14,1,T14_0277,0,3,0 0 0 0 2 0 0 0 0 0 0 0 0 0 1 0 0 0 0 0
14,1,T14_0278,0,4,0 0 0 0 0 0 0 0 0 0 0 0 0 0 0 2 1 0 0 1
14,1,T14_0289,5,9,0 0 0 1 0 0 0 0 1 1 0 0 1 1 0 1 1 1 1 0
14,1,T14_0290,5,9,0 0 0 0 1 0 0 0 1 1 1 0 1 0 0 1 1 1 1 0
14,1,T14_0291,4,3,0 0 0 0 0 0 0 0 0 0 2 0 0 0 0 0 0 1 0 0
14,1,T14_0292,4,0,0 0 0 0 0 0 0 0 0 0 0 0 0 0 0 0 0 0 0 0
14,1,T14_0293,5,0,0 0 0 0 0 0 0 0 0 0 0 0 0 0 0 0 0 0 0 0
14,1,T14_0294,6,5,0 0 0 0 0 0 0 0 0 0 2 0 0 0 0 0 2 0 0 1
14,1,T14_0295,8,2,0 0 0 0 0 0 0 0 0 0 0 0 1 0 1 0 0 0 0 0
14,1,T14_0296,0,6,0 0 0 0 2 0 0 0 0 0 2 0 1 0 1 0 0 0 0 0
14,1,T14_0296,1,4,0 0 0 0 0 0 0 0 0 0 2 0 1 0 1 0 0 0 0 0
14,1,T14_0296,2,4,0 0 0 0 0 0 0 0 0 0 2 0 1 0 1 0 0 0 0 0
14,1,T14_0296,3,4,0 0 0 0 0 0 0 0 0 0 2 0 1 0 1 0 0 0 0 0
14,1,T14_0296,4,5,0 0 0 0 0 0 0 0 0 0 2 0 0 0 2 0 0 0 0 1
14,1,T14_0296,5,5,0 0 0 0 0 0 0 0 0 0 2 0 0 0 2 0 0 0 0 1
14,1,T14_0296,6,4,0 0 0 0 0 0 0 0 0 0 2 0 1 0 1 0 0 0 0 0
14,1,T14_0296,7,4,0 0 0 0 0 0 0 0 0 0 2 0 1 0 1 0 0 0 0 0
14,1,T14_0296,8,4,0 0 0 0 0 0 0 0 0 0 2 0 1 0 1 0 0 0 0 0
14,1,T14_0296,9,4,0 0 0 0 0 0 0 0 0 0 2 0 1 0 1 0 0 0 0 0
14,1,T14_0296,10,4,0 0 0 0 0 0 0 0 0 0 2 0 1 0 1 0 0 0 0 0
14,1,T14_0296,11,4,0 0 0 0 0 0 0 0 0 0 2 0 1 0 1 0 0 0 0 0
14,1,T14_0296,12,4,0 0 0 0 0 0 0 0 0 0 2 0 1 0 1 0 0 0 0 0
14,1,T14_0296,13,4,0 0 0 0 0 0 0 0 0 0 2 0 1 0 1 0 0 0 0 0
14,1,T14_0297,0,5,0 0 0 0 2 0 0 0 0 0 0 0 2 0 1 0 0 0 0 0
14,1,T14_0297,1,3,0 0 0 0 0 0 0 0 0 0 0 0 2 0 1 0 0 0 0 0
14,1,T14_0297,2,3,0 0 0 0 0 0 0 0 0 0 0 0 2 0 1 0 0 0 0 0
14,1,T14_0297,3,3,0 0 0 0 0 0 0 0 0 0 0 0 2 0 1 0 0 0 0 0
14,1,T14_0297,4,4,0 0 0 0 0 0 0 0 0 0 0 0 2 0 2 0 0 0 0 0
14,1,T14_0297,5,4,0 0 0 0 0 0 0 0 0 0 2 0 0 0 2 0 0 0 0 0
14,1,T14_0297,6,3,0 0 0 0 0 0 0 0 0 0 0 0 2 0 1 0 0 0 0 0
14,1,T14_0297,7,3,0 0 0 0 0 0 0 0 0 0 0 0 2 0 1 0 0 0 0 0
14,1,T14_0297,8,4,0 0 0 0 0 0 0 0 0 0 2 0 0 0 2 0 0 0 0 0
14,1,T14_0297,9,3,0 0 0 0 0 0 0 0 0 0 0 0 2 0 1 0 0 0 0 0
14,1,T14_0297,10,6,0 0 0 0 0 0 0 0 0 0 2 0 0 0 2 0 0 0 0 2
14,1,T14_0297,11,3,0 0 0 0 0 0 0 0 0 0 0 0 2 0 1 0 0 0 0 0
14,1,T14_0297,12,3,0 0 0 0 0 0 0 0 0 0 0 0 2 0 1 0 0 0 0 0
14,1,T14_0297,13,3,0 0 0 0 0 0 0 0 0 0 0 0 2 0 1 0 0 0 0 0
14,1,T14_0298,0,6,0 0 0 0 2 0 0 0 0 0 0 0 0 0 0 2 1 0 0 1
14,1,T14_0298,1,4,0 0 0 0 0 0 0 0 0 0 0 0 0 0 0 2 1 0 0 1
14,1,T14_0298,2,4,0 0 0 0 0 0 0 0 0 0 0 0 0 0 0 2 1 0 0 1
14,1,T14_0298,3,4,0 0 0 0 0 0 0 0 0 0 0 0 0 0 0 2 1 0 0 1
14,1,T14_0298,4,5,0 0 0 0 0 0 0 0 0 0 0 0 0 0 0 2 2 0 0 1
14,1,T14_0298,5,4,0 0 0 0 0 0 0 0 0 0 2 0 0 0 0 0 1 0 0 1
14,1,T14_0298,6,4,0 0 0 0 0 0 0 0 0 0 0 0 0 0 0 2 1 0 0 1
14,1,T14_0298,7,4,0 0 0 0 0 0 0 0 0 0 0 0 0 0 0 2 1 0 0 1
14,1,T14_0298,8,4,0 0 0 0 0 0 0 0 0 0 2 0 0 0 0 0 1 0 0 1
14,1,T14_0298,9,4,0 0 0 0 0 0 0 0 0 0 0 0 0 0 0 2 1 0 0 1
14,1,T14_0298,10,4,0 0 0 0 0 0 0 0 0 0 0 0 0 0 0 2 1 0 0 1
14,1,T14_0298,11,4,0 0 0 0 0 0 0 0 0 0 2 0 0 0 0 0 1 0 0 1
14,1,T14_0298,12,4,0 0 0 0 0 0 0 0 0 0 0 0 0 0 0 2 1 0 0 1
14,1,T14_0298,13,4,0 0 0 0 0 0 0 0 0 0 0 0 0 0 0 2 1 0 0 1
14,1,T14_0300,6,8,0 0 0 1 1 0 0 0 0 1 0 0 0 1 1 0 1 1 0 1
14,1,T14_0301,6,7,0 0 0 1 0 0 0 0 0 1 1 0 0 1 0 0 1 1 1 0
14,1,T14_0302,4,8,0 0 0 1 0 0 0 0 0 0 2 1 0 0 0 0 1 2 1 0
14,1,T14_0304,0,12,0 0 1 1 1 1 1 0 1 0 0 0 0 0 1 1 1 1 1 1
14,1,T14_0304,1,8,0 0 0 1 0 0 0 0 1 0 0 0 0 0 1 1 1 1 1 1
14,1,T14_0304,2,8,0 0 0 1 0 0 0 0 1 0 0 0 0 0 1 1 1 1 1 1
14,1,T14_0304,3,8,0 0 0 1 0 0 0 0 1 0 0 0 0 0 1 1 1 1 1 1
14,1,T14_0304,4,9,0 0 0 1 0 0 0 0 1 0 0 0 0 1 1 1 1 1 1 1
14,1,T14_0304,5,9,0 0 0 1 0 0 0 0 0 0 0 0 0 0 1 1 1 1 2 2
14,1,T14_0304,6,9,0 0 0 1 0 0 0 0 2 0 0 0 0 0 1 1 1 1 1 1
14,1,T14_0304,7,8,0 0 0 1 0 0 0 0 1 0 0 0 0 0 1 1 1 1 1 1
14,1,T14_0304,8,9,0 0 0 1 0 0 0 0 1 0 1 0 0 0 1 1 1 1 1 1
14,1,T14_0304,9,9,0 0 0 1 0 0 0 0 1 1 0 0 0 0 1 1 1 1 1 1
14,1,T14_0304,10,8,0 0 0 1 0 0 0 0 1 0 0 0 0 0 1 1 1 1 1 1
14,1,T14_0304,11,8,0 0 0 1 0 0 0 0 1 0 0 0 0 0 1 1 1 1 1 1
14,1,T14_0304,12,8,0 0 0 1 0 0 0 0 1 0 0 0 0 0 1 1 1 1 1 1
14,1,T14_0304,13,8,0 0 0 1 0 0 0 0 1 0 0 0 0 0 1 1 1 1 1 1
14,1,T14_0305,0,12,0 0 0 0 2 0 0 0 2 1 1 0 0 0 0 1 1 1 2 1
14,1,T14_0305,1,9,0 0 0 1 0 0 0 0 0 1 1 0 0 0 0 1 1 1 2 1
14,1,T14_0305,2,9,0 0 0 1 0 0 0 0 0 1 1 0 0 0 0 1 1 1 2 1
14,1,T14_0305,3,9,0 0 0 1 0 0 0 0 0 1 1 0 0 0 0 1 1 1 2 1
14,1,T14_0305,4,10,0 0 0 1 0 0 0 0 0 1 1 0 0 0 0 1 2 1 2 1
14,1,T14_0305,5,9,0 0 0 1 0 0 0 0 0 1 1 0 0 0 0 1 1 1 2 1
14,1,T14_0305,6,11,0 0 0 1 0 0 0 0 2 1 2 0 0 0 0 1 1 1 1 1
14,1,T14_0305,7,9,0 0 0 1 0 0 0 0 0 1 1 0 0 0 0 1 1 1 2 1
14,1,T14_0305,8,9,0 0 0 0 1 0 0 0 0 1 2 0 0 0 0 1 1 1 1 1
14,1,T14_0305,9,9,0 0 0 1 0 0 0 0 0 1 1 0 0 0 0 1 1 1 2 1
14,1,T14_0305,10,9,0 0 0 1 0 0 0 0 0 1 1 0 0 0 0 1 1 1 2 1
14,1,T14_0305,11,9,0 0 0 1 0 0 0 0 0 1 1 0 0 0 0 1 1 1 2 1
14,1,T14_0305,12,9,0 0 0 1 0 0 0 0 0 1 1 0 0 0 0 1 1 1 2 1
14,1,T14_0305,13,9,0 0 0 1 0 0 0 0 0 1 1 0 0 0 0 1 1 1 2 1
14,1,T14_0306,0,13,0 0 1 1 1 1 1 0 1 1 1 0 0 0 1 0 1 1 1 1
14,1,T14_0306,1,9,0 0 0 1 0 0 0 0 0 1 1 0 0 0 1 0 2 1 1 1
14,1,T14_0306,2,9,0 0 0 1 0 0 0 0 0 1 1 0 0 0 1 0 2 1 1 1
14,1,T14_0306,3,9,0 0 0 1 0 0 0 0 0 1 1 0 0 0 1 0 2 1 1 1
14,1,T14_0306,4,10,0 0 0 1 0 0 0 0 0 1 1 0 0 1 1 0 2 1 1 1
14,1,T14_0306,5,9,0 0 0 1 0 0 0 0 0 1 1 0 0 0 1 0 2 1 1 1
14,1,T14_0306,6,10,0 0 0 1 0 0 0 0 2 1 1 0 0 0 1 0 1 1 1 1
14,1,T14_0306,7,9,0 0 0 1 0 0 0 0 0 1 1 0 0 0 1 0 2 1 1 1
14,1,T14_0306,8,9,0 0 0 1 0 0 0 0 0 1 1 0 0 0 1 0 2 1 1 1
14,1,T14_0306,9,9,0 0 0 1 0 0 0 0 0 1 1 0 0 0 1 0 2 1 1 1
14,1,T14_0306,10,10,0 0 0 1 0 0 0 0 0 1 1 0 0 0 1 1 2 1 1 1
14,1,T14_0306,11,9,0 0 0 1 0 0 0 0 0 1 1 0 0 0 1 0 2 1 1 1
14,1,T14_0306,12,9,0 0 0 1 0 0 0 0 0 1 1 0 0 0 1 0 2 1 1 1
14,1,T14_0306,13,9,0 0 0 1 0 0 0 0 0 1 1 0 0 0 1 0 2 1 1 1
14,1,T14_0307,5,0,0 0 0 0 0 0 0 0 0 0 0 0 0 0 0 0 0 0 0 0
14,1,T14_0313,5,5,0 0 0 0 0 0 0 0 0 0 0 0 2 0 2 0 0 0 0 1
14,1,T14_0314,5,4,0 0 0 0 0 0 0 0 0 0 0 0 2 0 2 0 0 0 0 0
14,1,T14_0315,5,4,0 0 0 0 0 0 0 0 0 0 0 0 2 0 0 0 1 0 0 1
14,1,T14_0325,5,8,0 0 0 0 1 0 0 0 1 0 0 0 0 0 1 1 1 1 1 1
14,1,T14_0326,5,11,0 0 0 0 1 0 0 0 0 2 1 2 0 0 0 1 1 1 1 1
14,1,T14_0327,5,9,0 0 0 0 1 0 0 0 0 0 1 1 0 0 1 0 2 1 1 1
14,1,T14_0333,6,7,0 0 0 0 1 0 0 0 0 0 0 0 0 0 1 1 1 1 1 1
14,1,T14_0334,6,12,0 0 0 0 1 0 0 1 0 1 1 1 2 0 0 1 1 1 1 1
14,1,T14_0335,6,8,0 0 0 1 0 0 0 0 0 0 0 1 1 1 1 0 0 1 1 1
14,1,T14_0367,0,9,0 1 0 1 1 0 0 0 0 1 1 0 0 0 1 1 0 1 0 1
14,1,T14_0368,0,4,0 0 0 0 2 0 0 0 0 0 0 0 0 0 0 0 2 0 0 0
14,1,T14_0371,0,6,0 0 0 1 1 0 0 0 0 1 1 0 0 0 0 1 1 0 0 0
14,1,T14_0372,0,7,0 0 0 1 0 0 0 0 0 1 1 0 0 0 0 0 1 1 0 2
14,1,T14_0373,0,6,0 0 0 1 1 0 0 0 0 1 0 0 0 0 0 0 0 1 1 1
14,1,T14_0386,0,8,0 1 0 1 0 0 0 0 0 0 0 0 1 1 0 1 1 1 1 0
14,1,T14_0387,0,9,1 1 0 1 1 0 0 0 0 0 0 0 1 0 0 1 1 1 1 0
14,1,T14_0390,0,0,0 0 0 0 0 0 0 0 0 0 0 0 0 0 0 0 0 0 0 0
14,1,T14_0393,0,5,0 0 0 0 2 0 0 0 0 0 0 0 0 0 2 0 0 0 0 1
14,1,T14_0394,0,4,0 0 0 0 2 0 0 0 0 0 0 0 0 0 2 0 0 0 0 0
14,1,T14_0395,0,4,0 0 0 0 2 0 0 0 0 0 0 0 0 0 0 0 1 0 0 1
14,1,T14_0401,0,7,0 1 0 0 0 0 0 0 0 0 0 0 0 0 1 1 1 1 1 1
14,1,T14_0402,0,10,0 0 2 1 2 0 0 0 0 0 0 0 0 0 0 1 1 1 1 1
14,1,T14_0403,0,8,0 0 0 1 1 0 0 0 0 0 0 0 0 0 1 0 2 1 1 1
14,1,T14_0470,1,4,0 0 0 0 0 0 0 0 2 2 0 0 0 0 0 0 0 0 0 0
14,1,T14_0473,1,4,0 0 0 0 0 0 0 0 2 2 0 0 0 0 0 0 0 0 0 0
14,1,T14_0474,1,4,0 0 0 0 0 0 0 0 2 2 0 0 0 0 0 0 0 0 0 0
14,1,T14_0475,1,4,0 0 0 0 0 0 0 0 2 2 0 0 0 0 0 0 0 0 0 0
14,1,T14_0476,1,4,0 0 0 0 0 0 0 0 1 0 0 0 0 0 0 0 1 1 1 0
14,1,T14_0484,1,4,0 0 0 0 0 0 0 0 0 0 0 0 0 2 0 0 0 2 0 0
14,1,T14_0488,1,4,0 0 0 0 0 0 0 0 0 0 0 2 2 0 0 0 0 0 0 0
14,1,T14_0489,1,4,0 0 0 0 0 0 0 0 0 0 0 2 2 0 0 0 0 0 0 0
14,1,T14_0490,1,5,1 0 0 0 0 0 0 0 0 0 0 1 0 0 0 0 0 1 1 1
14,1,T14_0496,1,4,0 0 0 0 0 0 0 0 0 0 0 0 0 0 2 2 0 0 0 0
14,1,T14_0497,1,4,0 0 0 0 0 0 0 0 0 0 0 0 0 0 1 0 1 1 1 0
14,1,T14_0499,1,4,0 0 0 0 0 0 0 0 0 0 0 0 0 0 1 0 1 1 1 0
14,1,T14_0509,3,8,0 0 0 0 0 0 0 1 1 0 2 0 1 1 1 1 0 0 0 0
14,1,T14_0512,3,8,0 0 0 0 0 0 0 1 1 0 2 0 1 1 0 1 1 0 0 0
14,1,T14_0513,3,8,0 0 0 0 0 0 0 1 0 0 2 0 1 1 0 0 1 1 0 1
14,1,T14_0514,3,8,0 0 0 0 0 0 0 1 1 0 2 0 1 0 0 0 0 1 1 1
14,1,T14_0515,0,4,0 0 0 0 0 0 0 0 0 0 0 0 0 0 2 0 0 2 0 0
14,1,T14_0515,1,6,0 0 0 0 0 0 0 0 0 0 0 2 0 0 2 0 0 2 0 0
14,1,T14_0515,2,4,0 0 0 0 0 0 0 0 0 0 0 0 0 0 2 0 0 2 0 0
14,1,T14_0515,3,4,0 0 0 0 0 0 0 0 0 0 0 0 0 0 2 0 0 2 0 0
14,1,T14_0515,4,4,0 0 0 0 0 0 0 0 0 0 0 0 0 0 2 0 0 2 0 0
14,1,T14_0515,5,4,0 0 0 0 0 0 0 0 0 0 0 0 0 0 2 0 0 2 0 0
14,1,T14_0515,6,4,0 0 0 0 0 0 0 0 0 0 0 0 0 0 2 0 0 2 0 0
14,1,T14_0515,7,4,0 0 0 0 0 0 0 0 0 0 0 0 0 0 2 0 0 2 0 0
14,1,T14_0515,8,4,0 0 0 0 0 0 0 0 0 0 0 0 0 0 2 0 0 2 0 0
14,1,T14_0515,9,4,0 0 0 0 0 0 0 0 0 0 0 0 0 0 2 0 0 2 0 0
14,1,T14_0515,10,4,0 0 0 0 0 0 0 0 0 0 0 0 0 0 2 0 0 2 0 0
14,1,T14_0515,11,4,0 0 0 0 0 0 0 0 0 0 0 0 0 0 2 0 0 2 0 0
14,1,T14_0515,12,4,0 0 0 0 0 0 0 0 0 0 0 0 0 0 2 0 0 2 0 0
14,1,T14_0515,13,4,0 0 0 0 0 0 0 0 0 0 0 0 0 0 2 0 0 2 0 0
14,1,T14_0516,1,4,0 0 0 0 0 0 0 0 0 0 0 0 0 0 2 0 0 2 0 0
14,1,T14_0518,5,7,0 0 0 0 0 0 0 1 1 0 0 0 1 1 0 1 1 0 0 1
14,1,T14_0519,6,8,0 0 0 0 0 0 0 1 1 0 2 0 1 1 0 1 1 0 0 0
14,1,T14_0520,0,8,0 0 0 0 0 0 0 1 1 0 2 0 1 1 0 1 1 0 0 0
14,1,T14_0520,1,10,0 2 0 0 0 0 0 1 1 0 2 0 1 1 0 1 1 0 0 0
14,1,T14_0520,2,9,0 0 0 0 0 0 0 1 1 0 2 0 1 1 0 1 1 1 0 0
14,1,T14_0520,3,8,0 0 0 0 0 0 0 1 1 0 2 0 1 1 0 1 1 0 0 0
14,1,T14_0520,4,9,0 0 0 0 0 0 0 1 1 0 2 0 1 1 0 1 1 0 1 0
14,1,T14_0520,5,8,0 0 0 0 0 0 0 1 1 0 2 0 1 1 0 1 1 0 0 0
14,1,T14_0520,6,8,0 0 0 0 0 0 0 1 1 0 2 0 1 1 0 1 1 0 0 0
14,1,T14_0520,7,9,0 0 0 0 0 0 0 1 1 0 2 0 1 1 0 1 1 0 0 1
14,1,T14_0520,8,8,0 0 0 0 0 0 0 1 1 0 2 0 1 1 0 1 1 0 0 0
14,1,T14_0520,9,8,0 0 0 0 0 0 0 1 1 0 2 0 1 1 0 1 1 0 0 0
14,1,T14_0520,10,8,0 0 0 0 0 0 0 1 1 0 2 0 1 1 0 1 1 0 0 0
14,1,T14_0520,11,8,0 0 0 0 0 0 0 1 1 0 2 0 1 1 0 1 1 0 0 0
14,1,T14_0520,12,8,0 0 0 0 0 0 0 1 1 0 2 0 1 1 0 1 1 0 0 0
14,1,T14_0520,13,8,0 0 0 0 0 0 0 1 1 0 2 0 1 1 0 1 1 0 0 0
14,1,T14_0521,0,8,0 0 0 0 0 0 0 1 0 0 2 0 1 1 0 0 1 1 0 1
14,1,T14_0521,1,10,0 2 0 0 0 0 0 1 0 0 2 0 1 1 0 0 1 1 0 1
14,1,T14_0521,2,8,0 0 0 0 0 0 0 1 0 0 2 0 1 1 0 1 1 1 0 0
14,1,T14_0521,3,8,0 0 0 0 0 0 0 1 0 0 2 0 1 1 0 0 1 1 0 1
14,1,T14_0521,4,9,0 0 0 0 0 0 0 1 0 0 2 0 1 1 0 0 1 1 1 1
14,1,T14_0521,5,8,0 0 0 0 0 0 0 1 0 0 2 0 1 1 0 0 1 1 0 1
14,1,T14_0521,6,8,0 0 0 0 0 0 0 1 0 0 2 0 1 1 0 0 1 1 0 1
14,1,T14_0521,7,8,0 0 0 0 0 0 0 1 0 0 2 0 1 1 0 0 1 1 0 1
14,1,T14_0521,8,9,0 0 0 0 0 0 0 1 1 0 2 0 1 1 0 0 1 1 0 1
14,1,T14_0521,9,8,0 0 0 0 0 0 0 1 0 0 2 0 1 1 0 0 1 1 0 1
14,1,T14_0521,10,8,0 0 0 0 0 0 0 1 0 0 2 0 1 1 0 0 1 1 0 1
14,1,T14_0521,11,8,0 0 0 0 0 0 0 1 0 0 2 0 1 1 0 0 1 1 0 1
14,1,T14_0521,12,8,0 0 0 0 0 0 0 1 0 0 2 0 1 1 0 0 1 1 0 1
14,1,T14_0521,13,8,0 0 0 0 0 0 0 1 0 0 2 0 1 1 0 0 1 1 0 1
14,1,T14_0522,0,10,0 0 0 0 2 0 0 0 0 0 0 0 2 0 0 0 0 2 2 2
14,1,T14_0522,1,12,0 2 0 0 0 0 0 0 0 0 2 0 2 0 0 0 0 2 2 2
14,1,T14_0522,2,10,0 0 0 0 0 0 0 0 0 0 2 0 2 0 0 0 0 2 2 2
14,1,T14_0522,3,10,0 0 0 0 0 0 0 0 0 0 2 0 2 0 0 0 0 2 2 2
14,1,T14_0522,4,11,1 0 0 0 0 0 0 1 1 0 2 0 1 0 0 0 1 1 1 2
14,1,T14_0522,5,10,0 0 0 0 0 0 0 0 0 0 2 0 2 0 0 0 0 2 2 2
14,1,T14_0522,6,10,0 0 0 0 0 0 0 0 0 0 2 0 2 0 0 0 0 2 2 2
14,1,T14_0522,7,10,0 0 0 0 0 0 0 0 0 0 2 0 2 0 0 0 0 2 2 2
14,1,T14_0522,8,10,0 0 0 0 0 0 0 0 0 0 2 0 2 0 0 0 0 2 2 2
14,1,T14_0522,9,10,0 0 0 0 0 0 0 0 0 0 2 0 2 0 0 0 0 2 2 2
14,1,T14_0522,10,11,1 0 0 0 0 0 0 1 1 0 2 0 1 1 0 0 0 1 1 2
14,1,T14_0522,11,10,0 0 0 0 0 0 0 0 0 0 2 0 2 0 0 0 0 2 2 2
14,1,T14_0522,12,10,0 0 0 0 0 0 0 0 0 0 2 0 2 0 0 0 0 2 2 2
14,1,T14_0522,13,10,0 0 0 0 0 0 0 0 0 0 2 0 2 0 0 0 0 2 2 2
14,1,T14_0525,5,7,0 0 0 0 0 0 0 1 1 0 0 0 0 1 1 1 1 0 1 0
14,1,T14_0526,5,7,0 0 0 0 0 0 0 1 0 0 0 0 0 1 1 1 1 1 1 0
14,1,T14_0527,5,6,0 0 0 0 0 0 0 1 1 0 0 0 0 1 0 0 1 1 1 0
14,1,T14_0529,6,8,0 0 0 0 0 0 0 1 0 0 2 0 0 1 1 0 1 1 0 1
14,1,T14_0530,6,8,0 0 0 0 0 0 0 1 1 0 2 0 0 1 0 0 0 1 1 1
14,1,T14_0531,0,8,0 0 0 0 0 0 0 1 0 0 2 0 0 1 1 0 1 1 0 1
14,1,T14_0531,1,10,0 2 0 0 0 0 0 1 0 0 2 0 0 1 1 0 1 1 0 1
14,1,T14_0531,2,8,0 0 0 0 0 0 0 1 0 0 2 0 0 1 1 1 1 1 0 0
14,1,T14_0531,3,8,0 0 0 0 0 0 0 1 0 0 2 0 0 1 1 0 1 1 0 1
14,1,T14_0531,4,8,0 0 0 0 0 0 0 1 0 0 2 0 0 1 1 0 1 1 0 1
14,1,T14_0531,5,8,0 0 0 0 0 0 0 1 0 0 2 0 0 1 1 0 1 1 0 1
14,1,T14_0531,6,8,0 0 0 0 0 0 0 1 0 0 2 0 0 1 1 0 1 1 0 1
14,1,T14_0531,7,9,0 0 0 0 0 0 0 1 0 0 2 0 0 1 1 0 1 1 1 1
14,1,T14_0531,8,9,0 0 0 0 0 0 0 1 1 0 2 0 0 1 1 0 1 1 0 1
14,1,T14_0531,9,8,0 0 0 0 0 0 0 1 0 0 2 0 0 1 1 0 1 1 0 1
14,1,T14_0531,10,8,0 0 0 0 0 0 0 1 0 0 2 0 0 1 1 0 1 1 0 1
14,1,T14_0531,11,8,0 0 0 0 0 0 0 1 0 0 2 0 0 1 1 0 1 1 0 1
14,1,T14_0531,12,8,0 0 0 0 0 0 0 1 0 0 2 0 0 1 1 0 1 1 0 1
14,1,T14_0531,13,8,0 0 0 0 0 0 0 1 0 0 2 0 0 1 1 0 1 1 0 1
14,1,T14_0532,2,9,0 0 0 0 0 0 0 0 2 2 0 2 0 0 0 0 0 1 2 0
14,1,T14_0534,0,8,0 0 0 0 0 0 0 0 0 0 2 0 0 0 1 1 1 1 1 1
14,1,T14_0534,1,10,0 2 0 0 0 0 0 0 0 0 2 0 0 0 1 1 1 1 1 1
14,1,T14_0534,2,9,0 0 0 0 0 0 0 0 0 0 2 0 0 1 1 1 1 1 1 1
14,1,T14_0534,3,8,0 0 0 0 0 0 0 0 0 0 2 0 0 0 1 1 1 1 1 1
14,1,T14_0534,4,8,0 0 0 0 0 0 0 0 0 0 2 0 0 0 1 1 1 1 1 1
14,1,T14_0534,5,8,0 0 0 0 0 0 0 0 0 0 2 0 0 0 1 1 1 1 1 1
14,1,T14_0534,6,8,0 0 0 0 0 0 0 0 0 0 2 0 0 0 1 1 1 1 1 1
14,1,T14_0534,7,8,0 0 0 0 0 0 0 0 0 0 2 0 0 0 1 1 1 1 1 1
14,1,T14_0534,8,9,0 0 0 0 0 0 0 0 1 0 2 0 0 0 1 1 1 1 1 1
14,1,T14_0534,9,9,0 0 0 0 0 0 0 1 0 0 2 0 0 0 1 1 1 1 1 1
14,1,T14_0534,10,8,0 0 0 0 0 0 0 0 0 0 2 0 0 0 1 1 1 1 1 1
14,1,T14_0534,11,8,0 0 0 0 0 0 0 0 0 0 2 0 0 0 1 1 1 1 1 1
14,1,T14_0534,12,8,0 0 0 0 0 0 0 0 0 0 2 0 0 0 1 1 1 1 1 1
14,1,T14_0534,13,8,0 0 0 0 0 0 0 0 0 0 2 0 0 0 1 1 1 1 1 1
14,1,T14_0535,0,12,0 0 0 1 0 0 1 1 2 0 2 0 0 0 0 1 1 1 1 1
14,1,T14_0535,1,14,0 2 0 1 0 0 1 1 2 0 2 0 0 0 0 1 1 1 1 1
14,1,T14_0535,2,13,0 0 0 1 0 0 1 1 2 0 2 0 0 0 0 1 1 2 1 1
14,1,T14_0535,3,12,0 0 0 1 0 0 1 1 2 0 2 0 0 0 0 1 1 1 1 1
14,1,T14_0535,4,12,0 0 0 1 0 0 1 1 2 0 2 0 0 0 0 1 1 1 1 1
14,1,T14_0535,5,12,0 0 0 1 0 0 1 1 1 0 2 0 0 0 0 1 1 1 2 1
14,1,T14_0535,6,12,0 0 0 1 0 0 1 1 2 0 2 0 0 0 0 1 1 1 1 1
14,1,T14_0535,7,12,0 0 0 1 0 0 1 1 2 0 2 0 0 0 0 1 1 1 1 1
14,1,T14_0535,8,12,0 0 0 1 0 0 1 1 2 0 2 0 0 0 0 1 1 1 1 1
14,1,T14_0535,9,12,0 0 0 1 0 0 1 1 2 0 2 0 0 0 0 1 1 1 1 1
14,1,T14_0535,10,12,0 0 0 1 0 0 1 1 2 0 2 0 0 0 0 1 1 1 1 1
14,1,T14_0535,11,12,0 0 0 1 0 0 1 1 2 0 2 0 0 0 0 1 1 1 1 1
14,1,T14_0535,12,12,0 0 0 1 0 0 1 1 2 0 2 0 0 0 0 1 1 1 1 1
14,1,T14_0535,13,12,0 0 0 1 0 0 1 1 2 0 2 0 0 0 0 1 1 1 1 1
14,1,T14_0536,0,9,0 0 0 0 0 0 0 1 1 0 2 0 0 1 1 0 0 1 1 1
14,1,T14_0536,1,11,0 2 0 0 0 0 0 1 1 0 2 0 0 1 1 0 0 1 1 1
14,1,T14_0536,2,10,0 0 0 0 0 0 0 1 1 0 2 0 0 1 1 0 0 1 1 2
14,1,T14_0536,3,9,0 0 0 0 0 0 0 1 1 0 2 0 0 1 1 0 0 1 1 1
14,1,T14_0536,4,9,0 0 0 0 0 0 0 1 1 0 2 0 0 1 1 0 0 1 1 1
14,1,T14_0536,5,9,0 0 0 0 0 0 0 1 1 0 2 0 0 1 1 0 0 1 1 1
14,1,T14_0536,6,9,0 0 0 0 0 0 0 1 1 0 2 0 0 1 1 0 0 1 1 1
14,1,T14_0536,7,9,0 0 0 0 0 0 0 1 1 0 2 0 0 1 1 0 0 1 1 1
14,1,T14_0536,8,9,0 0 0 0 0 0 0 1 1 0 2 0 0 0 1 0 1 1 1 1
14,1,T14_0536,9,9,0 0 0 0 0 0 0 1 1 0 2 0 0 1 1 0 0 1 1 1
14,1,T14_0536,10,10,0 0 0 0 0 0 0 1 1 0 2 0 0 0 1 1 1 1 1 1
14,1,T14_0536,11,9,0 0 0 0 0 0 0 1 1 0 2 0 0 1 1 0 0 1 1 1
14,1,T14_0536,12,9,0 0 0 0 0 0 0 1 1 0 2 0 0 1 1 0 0 1 1 1
14,1,T14_0536,13,9,0 0 0 0 0 0 0 1 1 0 2 0 0 1 1 0 0 1 1 1
14,1,T14_0543,3,4,0 0 0 0 0 0 0 0 0 0 0 0 0 0 2 0 0 2 0 0
14,1,T14_0548,3,8,0 0 0 0 0 0 0 0 2 0 1 0 1 1 0 0 1 1 0 1
14,1,T14_0549,3,10,0 0 0 0 0 0 0 0 2 0 0 0 2 0 0 0 0 2 2 2
14,1,T14_0557,3,8,0 0 0 0 0 0 0 0 2 0 0 0 0 0 1 1 1 1 1 1
14,1,T14_0558,3,11,0 0 0 0 0 0 0 0 2 1 1 2 0 0 0 1 1 1 1 1
14,1,T14_0559,3,9,0 0 0 0 0 0 0 0 2 0 1 1 0 0 1 0 1 1 1 1
14,1,T14_0560,0,0,0 0 0 0 0 0 0 0 0 0 0 0 0 0 0 0 0 0 0 0
14,1,T14_0562,4,3,0 0 0 0 0 0 0 0 0 0 0 0 2 0 0 0 0 1 0 0
14,1,T14_0563,4,0,0 0 0 0 0 0 0 0 0 0 0 0 0 0 0 0 0 0 0 0
14,1,T14_0564,5,5,0 0 0 0 0 0 0 0 0 0 0 0 2 0 0 0 2 0 0 1
14,1,T14_0565,8,2,0 0 0 1 0 0 0 0 0 0 0 0 0 0 1 0 0 0 0 0
14,1,T14_0566,0,5,0 0 0 0 0 0 0 0 0 0 0 0 2 0 2 0 0 0 0 1
14,1,T14_0566,1,6,0 0 0 1 0 0 0 0 0 2 0 0 2 0 1 0 0 0 0 0
14,1,T14_0566,2,4,0 0 0 1 0 0 0 0 0 0 0 0 2 0 1 0 0 0 0 0
14,1,T14_0566,3,4,0 0 0 1 0 0 0 0 0 0 0 0 2 0 1 0 0 0 0 0
14,1,T14_0566,4,5,0 0 0 0 0 0 0 0 0 0 0 0 2 0 2 0 0 0 0 1
14,1,T14_0566,5,4,0 0 0 1 0 0 0 0 0 0 0 0 2 0 1 0 0 0 0 0
14,1,T14_0566,6,4,0 0 0 1 0 0 0 0 0 0 0 0 2 0 1 0 0 0 0 0
14,1,T14_0566,7,4,0 0 0 1 0 0 0 0 0 0 0 0 2 0 1 0 0 0 0 0
14,1,T14_0566,8,4,0 0 0 1 0 0 0 0 0 0 0 0 2 0 1 0 0 0 0 0
14,1,T14_0566,9,4,0 0 0 1 0 0 0 0 0 0 0 0 2 0 1 0 0 0 0 0
14,1,T14_0566,10,4,0 0 0 1 0 0 0 0 0 0 0 0 2 0 1 0 0 0 0 0
14,1,T14_0566,11,4,0 0 0 1 0 0 0 0 0 0 0 0 2 0 1 0 0 0 0 0
14,1,T14_0566,12,4,0 0 0 1 0 0 0 0 0 0 0 0 2 0 1 0 0 0 0 0
14,1,T14_0566,13,4,0 0 0 1 0 0 0 0 0 0 0 0 2 0 1 0 0 0 0 0
14,1,T14_0567,0,4,0 0 0 0 0 0 0 0 0 0 0 0 2 0 2 0 0 0 0 0
14,1,T14_0567,1,5,0 0 0 2 0 0 0 0 0 2 0 0 0 0 1 0 0 0 0 0
14,1,T14_0567,2,3,0 0 0 2 0 0 0 0 0 0 0 0 0 0 1 0 0 0 0 0
14,1,T14_0567,3,3,0 0 0 2 0 0 0 0 0 0 0 0 0 0 1 0 0 0 0 0
14,1,T14_0567,4,4,0 0 0 2 0 0 0 0 0 0 0 0 0 0 2 0 0 0 0 0
14,1,T14_0567,5,3,0 0 0 2 0 0 0 0 0 0 0 0 0 0 1 0 0 0 0 0
14,1,T14_0567,6,3,0 0 0 2 0 0 0 0 0 0 0 0 0 0 1 0 0 0 0 0
14,1,T14_0567,7,3,0 0 0 2 0 0 0 0 0 0 0 0 0 0 1 0 0 0 0 0
14,1,T14_0567,8,4,0 0 0 0 0 0 0 0 0 0 0 0 2 0 2 0 0 0 0 0
14,1,T14_0567,9,3,0 0 0 2 0 0 0 0 0 0 0 0 0 0 1 0 0 0 0 0
14,1,T14_0567,10,6,0 0 0 0 0 0 0 0 0 0 0 0 2 0 2 0 0 0 0 2
14,1,T14_0567,11,3,0 0 0 2 0 0 0 0 0 0 0 0 0 0 1 0 0 0 0 0
14,1,T14_0567,12,3,0 0 0 2 0 0 0 0 0 0 0 0 0 0 1 0 0 0 0 0
14,1,T14_0567,13,3,0 0 0 2 0 0 0 0 0 0 0 0 0 0 1 0 0 0 0 0
14,1,T14_0568,0,4,0 0 0 0 0 0 0 0 0 0 0 0 2 0 0 0 1 0 0 1
14,1,T14_0568,1,6,0 0 0 0 0 0 0 0 0 2 0 0 0 0 0 2 1 0 0 1
14,1,T14_0568,2,4,0 0 0 0 0 0 0 0 0 0 0 0 0 0 0 2 1 0 0 1
14,1,T14_0568,3,4,0 0 0 0 0 0 0 0 0 0 0 0 0 0 0 2 1 0 0 1
14,1,T14_0568,4,5,0 0 0 0 0 0 0 0 0 0 0 0 0 0 0 2 2 0 0 1
14,1,T14_0568,5,4,0 0 0 0 0 0 0 0 0 0 0 0 0 0 0 2 1 0 0 1
14,1,T14_0568,6,4,0 0 0 0 0 0 0 0 0 0 0 0 0 0 0 2 1 0 0 1
14,1,T14_0568,7,4,0 0 0 0 0 0 0 0 0 0 0 0 0 0 0 2 1 0 0 1
14,1,T14_0568,8,4,0 0 0 0 0 0 0 0 0 0 0 0 2 0 0 0 1 0 0 1
14,1,T14_0568,9,4,0 0 0 0 0 0 0 0 0 0 0 0 0 0 0 2 1 0 0 1
14,1,T14_0568,10,4,0 0 0 0 0 0 0 0 0 0 0 0 0 0 0 2 1 0 0 1
14,1,T14_0568,11,4,0 0 0 0 0 0 0 0 0 0 0 0 2 0 0 0 1 0 0 1
14,1,T14_0568,12,4,0 0 0 0 0 0 0 0 0 0 0 0 0 0 0 2 1 0 0 1
14,1,T14_0568,13,4,0 0 0 0 0 0 0 0 0 0 0 0 0 0 0 2 1 0 0 1
14,1,T14_0575,1,4,0 0 0 0 0 0 1 0 0 0 0 0 2 0 1 0 0 0 0 0
14,1,T14_0576,1,3,0 0 0 0 0 0 2 0 0 0 0 0 0 0 1 0 0 0 0 0
14,1,T14_0577,1,4,0 0 0 0 0 0 0 0 0 0 0 0 0 0 0 2 1 0 0 1
14,1,T14_0583,5,8,1 0 0 0 0 0 0 0 0 0 1 0 0 1 1 0 1 1 1 1
14,1,T14_0584,5,6,0 0 0 0 0 0 0 0 0 0 1 1 0 1 0 0 1 1 1 0
14,1,T14_0585,4,9,0 0 0 0 0 0 0 0 2 0 0 2 2 0 0 0 0 1 2 0
14,1,T14_0587,0,10,1 1 0 0 2 0 0 0 0 0 0 0 0 0 1 1 1 1 1 1
14,1,T14_0587,1,12,1 2 0 0 1 0 0 0 2 0 0 0 0 0 1 1 1 1 1 1
14,1,T14_0587,2,10,1 1 0 0 0 0 0 0 2 0 0 0 0 0 1 1 1 1 1 1
14,1,T14_0587,3,10,1 1 0 0 0 0 0 0 2 0 0 0 0 0 1 1 1 1 1 1
14,1,T14_0587,4,11,1 1 0 0 0 0 0 0 2 0 0 0 0 1 1 1 1 1 1 1
14,1,T14_0587,5,10,1 1 0 0 0 0 0 0 2 0 0 0 0 0 1 1 1 1 1 1
14,1,T14_0587,6,10,1 1 0 0 0 0 0 0 2 0 0 0 0 0 1 1 1 1 1 1
14,1,T14_0587,7,10,1 1 0 0 0 0 0 0 2 0 0 0 0 0 1 1 1 1 1 1
14,1,T14_0587,8,11,1 1 0 0 0 0 0 0 2 0 0 1 0 0 1 1 1 1 1 1
14,1,T14_0587,9,11,1 1 0 0 0 0 0 0 2 0 1 0 0 0 1 1 1 1 1 1
14,1,T14_0587,10,10,1 1 0 0 0 0 0 0 2 0 0 0 0 0 1 1 1 1 1 1
14,1,T14_0587,11,10,1 1 0 0 0 0 0 0 2 0 0 0 0 0 1 1 1 1 1 1
14,1,T14_0587,12,10,1 1 0 0 0 0 0 0 2 0 0 0 0 0 1 1 1 1 1 1
14,1,T14_0587,13,10,1 1 0 0 0 0 0 0 2 0 0 0 0 0 1 1 1 1 1 1
14,1,T14_0588,0,10,0 0 0 0 0 0 0 0 2 0 1 1 0 0 0 1 1 1 2 1
14,1,T14_0588,1,12,0 2 0 0 0 0 0 0 2 0 1 1 0 0 0 1 1 1 2 1
14,1,T14_0588,2,10,0 0 0 0 0 0 0 0 2 0 1 1 0 0 0 1 1 1 2 1
14,1,T14_0588,3,10,0 0 0 0 0 0 0 0 2 0 1 1 0 0 0 1 1 1 2 1
14,1,T14_0588,4,11,0 0 0 0 0 0 0 0 2 0 1 1 0 0 0 1 1 2 2 1
14,1,T14_0588,5,10,0 0 0 0 0 0 0 0 2 0 1 2 0 0 0 1 1 1 1 1
14,1,T14_0588,6,10,0 0 0 0 0 0 0 0 2 0 1 1 0 0 0 1 1 1 2 1
14,1,T14_0588,7,10,0 0 0 0 0 0 0 0 2 0 1 1 0 0 0 1 1 1 2 1
14,1,T14_0588,8,10,0 0 0 0 0 0 0 0 2 0 1 2 0 0 0 1 1 1 1 1
14,1,T14_0588,9,10,0 0 0 0 0 0 0 0 2 0 1 1 0 0 0 1 1 1 2 1
14,1,T14_0588,10,10,0 0 0 0 0 0 0 0 2 0 1 1 0 0 0 1 1 1 2 1
14,1,T14_0588,11,10,0 0 0 0 0 0 0 0 2 0 1 1 0 0 0 1 1 1 2 1
14,1,T14_0588,12,10,0 0 0 0 0 0 0 0 2 0 1 1 0 0 0 1 1 1 2 1
14,1,T14_0588,13,10,0 0 0 0 0 0 0 0 2 0 1 1 0 0 0 1 1 1 2 1
14,1,T14_0589,0,11,1 0 0 0 2 0 0 0 0 0 1 1 0 0 1 0 2 1 1 1
14,1,T14_0589,1,13,1 2 0 0 1 0 0 0 2 0 1 1 0 0 1 0 1 1 1 1
14,1,T14_0589,2,11,1 0 0 0 0 0 0 0 2 0 1 1 0 0 1 0 2 1 1 1
14,1,T14_0589,3,11,1 0 0 0 0 0 0 0 2 0 1 1 0 0 1 0 2 1 1 1
14,1,T14_0589,4,12,1 0 0 0 0 0 0 0 2 0 1 1 0 1 1 0 2 1 1 1
14,1,T14_0589,5,11,1 0 0 0 0 0 0 0 2 0 1 1 0 0 1 0 2 1 1 1
14,1,T14_0589,6,11,1 0 0 0 0 0 0 0 2 0 1 1 0 0 1 0 2 1 1 1
14,1,T14_0589,7,11,1 0 0 0 0 0 0 0 2 0 1 1 0 0 1 0 2 1 1 1
14,1,T14_0589,8,11,1 0 0 0 0 0 0 0 2 0 1 1 0 0 1 0 2 1 1 1
14,1,T14_0589,9,11,1 0 0 0 0 0 0 0 2 0 1 1 0 0 1 0 2 1 1 1
14,1,T14_0589,10,12,1 0 0 0 0 0 0 0 2 0 1 1 0 0 1 1 2 1 1 1
14,1,T14_0589,11,11,1 0 0 0 0 0 0 0 2 0 1 1 0 0 1 0 2 1 1 1
14,1,T14_0589,12,11,1 0 0 0 0 0 0 0 2 0 1 1 0 0 1 0 2 1 1 1
14,1,T14_0589,13,11,1 0 0 0 0 0 0 0 2 0 1 1 0 0 1 0 2 1 1 1
14,1,T14_0595,5,7,0 0 0 0 0 0 0 0 0 0 0 0 0 1 1 1 1 1 1 1
14,1,T14_0596,5,10,0 0 1 0 0 0 0 0 0 0 0 1 2 1 0 1 1 1 1 1
14,1,T14_0597,5,7,0 0 0 0 0 0 0 0 0 0 0 1 1 1 1 0 0 1 1 1
14,1,T14_0603,0,4,0 0 0 0 0 0 0 0 0 0 0 0 0 0 0 0 0 2 2 0
14,1,T14_0605,0,3,0 0 0 0 0 0 0 0 0 0 0 0 0 0 0 2 0 0 1 0
14,1,T14_0609,0,0,0 0 0 0 0 0 0 0 0 0 0 0 0 0 0 0 0 0 0 0
14,1,T14_0610,0,6,0 0 0 0 2 0 0 0 0 0 2 0 0 0 0 2 0 0 0 0
14,1,T14_0612,0,4,0 0 0 0 0 0 0 0 0 0 0 0 0 0 0 2 2 0 0 0
14,1,T14_0617,0,3,0 0 0 0 1 0 0 0 0 0 0 0 0 0 0 0 0 1 1 0
14,1,T14_0619,0,0,0 0 0 0 0 0 0 0 0 0 0 0 0 0 0 0 0 0 0 0
14,1,T14_0620,0,0,0 0 0 0 0 0 0 0 0 0 0 0 0 0 0 0 0 0 0 0
14,1,T14_0623,0,6,0 0 0 0 2 0 0 0 0 0 2 0 0 0 0 0 0 0 0 2
14,1,T14_0624,0,0,0 0 0 0 0 0 0 0 0 0 0 0 0 0 0 0 0 0 0 0
14,1,T14_0627,0,3,0 0 0 0 1 0 0 0 0 0 0 0 0 0 0 1 1 0 0 0
14,1,T14_0629,0,3,0 0 0 0 0 0 0 0 0 0 0 0 1 0 0 0 1 0 1 0
14,1,T14_0630,1,4,0 0 0 0 0 0 0 0 0 0 0 0 0 1 0 0 1 0 1 1
14,1,T14_0631,0,5,0 0 0 0 2 0 0 0 0 0 0 0 0 1 0 0 1 0 1 0
14,1,T14_0631,1,3,0 0 0 0 0 0 0 0 0 0 0 0 0 1 0 0 1 0 1 0
14,1,T14_0631,2,3,0 0 0 0 0 0 0 0 0 0 0 0 0 1 0 0 1 0 1 0
14,1,T14_0631,3,3,0 0 0 0 0 0 0 0 0 0 0 0 0 1 0 0 1 0 1 0
14,1,T14_0631,4,3,0 0 0 0 0 0 0 0 0 0 0 0 0 1 0 0 1 0 1 0
14,1,T14_0631,5,4,0 0 0 0 0 0 0 0 0 0 0 0 0 1 0 0 1 1 1 0
14,1,T14_0631,6,3,0 0 0 0 0 0 0 0 0 0 0 0 0 1 0 0 1 0 1 0
14,1,T14_0631,7,3,0 0 0 0 0 0 0 0 0 0 0 0 0 1 0 0 1 0 1 0
14,1,T14_0631,8,3,0 0 0 0 0 0 0 0 0 0 0 0 0 1 0 0 1 0 1 0
14,1,T14_0631,9,3,0 0 0 0 0 0 0 0 0 0 0 0 0 1 0 0 1 0 1 0
14,1,T14_0631,10,3,0 0 0 0 0 0 0 0 0 0 0 0 0 1 0 0 1 0 1 0
14,1,T14_0631,11,3,0 0 0 0 0 0 0 0 0 0 0 0 0 1 0 0 1 0 1 0
14,1,T14_0631,12,3,0 0 0 0 0 0 0 0 0 0 0 0 0 1 0 0 1 0 1 0
14,1,T14_0631,13,3,0 0 0 0 0 0 0 0 0 0 0 0 0 1 0 0 1 0 1 0
14,1,T14_0632,4,5,0 0 0 0 0 0 0 0 0 0 0 0 0 1 0 0 0 2 1 1
14,1,T14_0633,0,2,0 0 0 0 2 0 0 0 0 0 0 0 0 0 0 0 0 0 0 0
14,1,T14_0633,1,0,0 0 0 0 0 0 0 0 0 0 0 0 0 0 0 0 0 0 0 0
14,1,T14_0633,2,0,0 0 0 0 0 0 0 0 0 0 0 0 0 0 0 0 0 0 0 0
14,1,T14_0633,3,0,0 0 0 0 0 0 0 0 0 0 0 0 0 0 0 0 0 0 0 0
14,1,T14_0633,4,3,0 0 0 0 0 0 0 0 0 0 0 0 0 0 0 1 0 0 1 1
14,1,T14_0633,5,0,0 0 0 0 0 0 0 0 0 0 0 0 0 0 0 0 0 0 0 0
14,1,T14_0633,6,0,0 0 0 0 0 0 0 0 0 0 0 0 0 0 0 0 0 0 0 0
14,1,T14_0633,7,0,0 0 0 0 0 0 0 0 0 0 0 0 0 0 0 0 0 0 0 0
14,1,T14_0633,8,0,0 0 0 0 0 0 0 0 0 0 0 0 0 0 0 0 0 0 0 0
14,1,T14_0633,9,2,0 0 0 0 0 0 0 0 0 0 0 0 0 0 0 0 0 0 0 2
14,1,T14_0633,10,0,0 0 0 0 0 0 0 0 0 0 0 0 0 0 0 0 0 0 0 0
14,1,T14_0633,11,0,0 0 0 0 0 0 0 0 0 0 0 0 0 0 0 0 0 0 0 0
14,1,T14_0633,12,0,0 0 0 0 0 0 0 0 0 0 0 0 0 0 0 0 0 0 0 0
14,1,T14_0633,13,0,0 0 0 0 0 0 0 0 0 0 0 0 0 0 0 0 0 0 0 0
14,1,T14_0634,0,2,0 0 0 0 2 0 0 0 0 0 0 0 0 0 0 0 0 0 0 0
14,1,T14_0634,1,0,0 0 0 0 0 0 0 0 0 0 0 0 0 0 0 0 0 0 0 0
14,1,T14_0634,2,0,0 0 0 0 0 0 0 0 0 0 0 0 0 0 0 0 0 0 0 0
14,1,T14_0634,3,0,0 0 0 0 0 0 0 0 0 0 0 0 0 0 0 0 0 0 0 0
14,1,T14_0634,4,0,0 0 0 0 0 0 0 0 0 0 0 0 0 0 0 0 0 0 0 0
14,1,T14_0634,5,0,0 0 0 0 0 0 0 0 0 0 0 0 0 0 0 0 0 0 0 0
14,1,T14_0634,6,0,0 0 0 0 0 0 0 0 0 0 0 0 0 0 0 0 0 0 0 0
14,1,T14_0634,7,0,0 0 0 0 0 0 0 0 0 0 0 0 0 0 0 0 0 0 0 0
14,1,T14_0634,8,0,0 0 0 0 0 0 0 0 0 0 0 0 0 0 0 0 0 0 0 0
14,1,T14_0634,9,0,0 0 0 0 0 0 0 0 0 0 0 0 0 0 0 0 0 0 0 0
14,1,T14_0634,10,0,0 0 0 0 0 0 0 0 0 0 0 0 0 0 0 0 0 0 0 0
14,1,T14_0634,11,0,0 0 0 0 0 0 0 0 0 0 0 0 0 0 0 0 0 0 0 0
14,1,T14_0634,12,0,0 0 0 0 0 0 0 0 0 0 0 0 0 0 0 0 0 0 0 0
14,1,T14_0634,13,0,0 0 0 0 0 0 0 0 0 0 0 0 0 0 0 0 0 0 0 0
14,1,T14_0636,5,3,0 0 0 0 0 0 0 0 0 0 0 0 0 0 0 2 0 0 1 0
14,1,T14_0637,6,4,0 0 0 0 0 0 0 0 0 0 0 1 0 0 0 0 1 0 1 1
14,1,T14_0638,8,4,0 0 0 0 0 0 0 0 0 0 0 2 0 0 0 0 0 0 2 0
14,1,T14_0639,0,2,0 0 0 0 2 0 0 0 0 0 0 0 0 0 0 0 0 0 0 0
14,1,T14_0639,1,0,0 0 0 0 0 0 0 0 0 0 0 0 0 0 0 0 0 0 0 0
14,1,T14_0639,2,0,0 0 0 0 0 0 0 0 0 0 0 0 0 0 0 0 0 0 0 0
14,1,T14_0639,3,0,0 0 0 0 0 0 0 0 0 0 0 0 0 0 0 0 0 0 0 0
14,1,T14_0639,4,0,0 0 0 0 0 0 0 0 0 0 0 0 0 0 0 0 0 0 0 0
14,1,T14_0639,5,0,0 0 0 0 0 0 0 0 0 0 0 0 0 0 0 0 0 0 0 0
14,1,T14_0639,6,0,0 0 0 0 0 0 0 0 0 0 0 0 0 0 0 0 0 0 0 0
14,1,T14_0639,7,0,0 0 0 0 0 0 0 0 0 0 0 0 0 0 0 0 0 0 0 0
14,1,T14_0639,8,2,0 0 0 0 0 0 0 0 0 0 0 0 0 0 0 0 0 0 0 2
14,1,T14_0639,9,2,0 0 0 0 0 0 0 0 0 0 0 0 0 0 0 0 0 0 0 2
14,1,T14_0639,10,0,0 0 0 0 0 0 0 0 0 0 0 0 0 0 0 0 0 0 0 0
14,1,T14_0639,11,0,0 0 0 0 0 0 0 0 0 0 0 0 0 0 0 0 0 0 0 0
14,1,T14_0639,12,0,0 0 0 0 0 0 0 0 0 0 0 0 0 0 0 0 0 0 0 0
14,1,T14_0639,13,0,0 0 0 0 0 0 0 0 0 0 0 0 0 0 0 0 0 0 0 0
14,1,T14_0640,0,8,0 0 0 0 2 0 0 0 0 2 0 2 0 0 0 0 0 0 0 2
14,1,T14_0640,1,6,0 0 0 0 0 0 0 0 0 2 0 2 0 0 0 0 0 0 0 2
14,1,T14_0640,2,6,0 0 0 0 0 0 0 0 0 2 0 2 0 0 0 0 0 0 0 2
14,1,T14_0640,3,6,0 0 0 0 0 0 0 0 0 2 0 2 0 0 0 0 0 0 0 2
14,1,T14_0640,4,6,0 0 0 0 0 0 0 0 0 2 0 2 0 0 0 0 0 0 0 2
14,1,T14_0640,5,7,0 0 0 0 0 0 0 0 0 2 0 1 0 0 1 1 0 0 1 1
14,1,T14_0640,6,6,0 0 0 0 0 0 0 0 0 2 0 2 0 0 0 0 0 0 0 2
14,1,T14_0640,7,6,0 0 0 0 0 0 0 0 0 2 0 2 0 0 0 0 0 0 0 2
14,1,T14_0640,8,6,0 0 0 0 0 0 0 0 0 2 0 2 0 0 0 0 0 0 0 2
14,1,T14_0640,9,6,0 0 0 0 0 0 0 0 0 2 0 1 0 0 1 0 0 0 1 1
14,1,T14_0640,10,6,0 0 0 0 0 0 0 0 0 2 0 2 0 0 0 0 0 0 0 2
14,1,T14_0640,11,6,0 0 0 0 0 0 0 0 0 2 0 2 0 0 0 0 0 0 0 2
14,1,T14_0640,12,6,0 0 0 0 0 0 0 0 0 2 0 2 0 0 0 0 0 0 0 2
14,1,T14_0640,13,6,0 0 0 0 0 0 0 0 0 2 0 2 0 0 0 0 0 0 0 2
14,1,T14_0641,10,3,0 0 0 0 0 0 0 0 0 0 0 0 0 0 0 0 2 0 0 1
14,1,T14_0642,0,5,0 0 0 0 2 0 0 0 0 0 0 1 0 0 1 0 1 0 0 0
14,1,T14_0642,1,3,0 0 0 0 0 0 0 0 0 0 0 1 0 0 1 0 1 0 0 0
14,1,T14_0642,2,3,0 0 0 0 0 0 0 0 0 0 0 1 0 0 1 0 1 0 0 0
14,1,T14_0642,3,3,0 0 0 0 0 0 0 0 0 0 0 1 0 0 1 0 1 0 0 0
14,1,T14_0642,4,3,0 0 0 0 0 0 0 0 0 0 0 1 0 0 1 0 1 0 0 0
14,1,T14_0642,5,4,0 0 0 0 0 0 0 0 0 0 0 1 0 0 1 1 1 0 0 0
14,1,T14_0642,6,3,0 0 0 0 0 0 0 0 0 0 0 1 0 0 1 0 1 0 0 0
14,1,T14_0642,7,3,0 0 0 0 0 0 0 0 0 0 0 1 0 0 1 0 1 0 0 0
14,1,T14_0642,8,3,0 0 0 0 0 0 0 0 0 0 0 1 0 0 1 0 1 0 0 0
14,1,T14_0642,9,3,0 0 0 0 0 0 0 0 0 0 0 1 0 0 1 0 1 0 0 0
14,1,T14_0642,10,3,0 0 0 0 0 0 0 0 0 0 0 1 0 0 1 0 1 0 0 0
14,1,T14_0642,11,3,0 0 0 0 0 0 0 0 0 0 0 1 0 0 1 0 1 0 0 0
14,1,T14_0642,12,3,0 0 0 0 0 0 0 0 0 0 0 1 0 0 1 0 1 0 0 0
14,1,T14_0642,13,3,0 0 0 0 0 0 0 0 0 0 0 1 0 0 1 0 1 0 0 0
14,1,T14_0644,0,4,0 0 0 0 0 0 0 0 0 0 0 0 0 0 0 2 0 0 2 0
14,1,T14_0645,1,5,0 0 0 0 0 0 0 0 0 0 0 0 0 0 0 2 0 0 2 1
14,1,T14_0646,0,6,0 0 0 0 2 0 0 0 0 0 0 0 0 0 0 2 0 0 2 0
14,1,T14_0646,1,4,0 0 0 0 0 0 0 0 0 0 0 0 0 0 0 2 0 0 2 0
14,1,T14_0646,2,4,0 0 0 0 0 0 0 0 0 0 0 0 0 0 0 2 0 0 2 0
14,1,T14_0646,3,4,0 0 0 0 0 0 0 0 0 0 0 0 0 0 0 2 0 0 2 0
14,1,T14_0646,4,4,0 0 0 0 0 0 0 0 0 0 0 0 0 0 0 2 0 0 2 0
14,1,T14_0646,5,4,0 0 0 0 0 0 0 0 0 0 0 1 0 0 0 1 0 1 1 0
14,1,T14_0646,6,4,0 0 0 0 0 0 0 0 0 0 0 0 0 0 0 2 0 0 2 0
14,1,T14_0646,7,4,0 0 0 0 0 0 0 0 0 0 0 0 0 0 0 2 0 0 2 0
14,1,T14_0646,8,4,0 0 0 0 0 0 0 0 0 0 0 0 0 0 0 2 0 0 2 0
14,1,T14_0646,9,4,0 0 0 0 0 0 0 0 0 0 0 0 0 0 0 2 0 0 2 0
14,1,T14_0646,10,4,0 0 0 0 0 0 0 0 0 0 0 2 0 0 0 2 0 0 0 0
14,1,T14_0646,11,4,0 0 0 0 0 0 0 0 0 0 0 0 0 0 0 2 0 0 2 0
14,1,T14_0646,12,4,0 0 0 0 0 0 0 0 0 0 0 0 0 0 0 2 0 0 2 0
14,1,T14_0646,13,4,0 0 0 0 0 0 0 0 0 0 0 0 0 0 0 2 0 0 2 0
14,1,T14_0647,4,2,0 0 0 0 0 0 0 0 0 0 0 0 0 0 0 0 0 0 2 0
14,1,T14_0648,0,5,0 0 0 0 2 0 0 0 0 0 0 0 0 0 0 0 2 0 1 0
14,1,T14_0648,1,3,0 0 0 0 0 0 0 0 0 0 0 0 0 0 0 0 2 0 1 0
14,1,T14_0648,2,3,0 0 0 0 0 0 0 0 0 0 0 0 0 0 0 0 2 0 1 0
14,1,T14_0648,3,3,0 0 0 0 0 0 0 0 0 0 0 0 0 0 0 0 2 0 1 0
14,1,T14_0648,4,3,0 0 0 0 0 0 0 0 0 0 0 0 0 0 0 0 2 0 1 0
14,1,T14_0648,5,3,0 0 0 0 0 0 0 0 0 0 0 0 0 0 0 0 2 0 1 0
14,1,T14_0648,6,3,0 0 0 0 0 0 0 0 0 0 0 0 0 0 0 0 2 0 1 0
14,1,T14_0648,7,3,0 0 0 0 0 0 0 0 0 0 0 0 0 0 0 0 2 0 1 0
14,1,T14_0648,8,3,0 0 0 0 0 0 0 0 0 0 0 0 0 0 0 0 2 0 1 0
14,1,T14_0648,9,4,0 0 0 0 0 0 0 0 0 0 2 0 0 0 0 0 0 0 2 0
14,1,T14_0648,10,3,0 0 0 0 0 0 0 0 0 0 0 0 0 0 0 0 2 0 1 0
14,1,T14_0648,11,3,0 0 0 0 0 0 0 0 0 0 0 0 0 0 0 0 2 0 1 0
14,1,T14_0648,12,3,0 0 0 0 0 0 0 0 0 0 0 0 0 0 0 0 2 0 1 0
14,1,T14_0648,13,3,0 0 0 0 0 0 0 0 0 0 0 0 0 0 0 0 2 0 1 0
14,1,T14_0650,5,0,0 0 0 0 0 0 0 0 0 0 0 0 0 0 0 0 0 0 0 0
14,1,T14_0651,5,0,0 0 0 0 0 0 0 0 0 0 0 0 0 0 0 0 0 0 0 0
14,1,T14_0652,6,5,0 0 0 0 0 0 0 0 0 0 0 0 0 0 0 2 0 0 2 1
14,1,T14_0653,0,8,0 0 0 0 2 0 0 0 0 2 0 2 0 2 0 0 0 0 0 0
14,1,T14_0653,1,6,0 0 0 0 0 0 0 0 0 2 0 2 0 2 0 0 0 0 0 0
14,1,T14_0653,2,6,0 0 0 0 0 0 0 0 0 2 0 2 0 2 0 0 0 0 0 0
14,1,T14_0653,3,6,0 0 0 0 0 0 0 0 0 2 0 2 0 2 0 0 0 0 0 0
14,1,T14_0653,4,6,0 0 0 0 0 0 0 0 0 2 0 2 0 2 0 0 0 0 0 0
14,1,T14_0653,5,7,0 0 0 0 0 0 0 0 0 1 0 2 0 1 0 0 0 1 1 1
14,1,T14_0653,6,6,0 0 0 0 0 0 0 0 0 2 0 2 0 2 0 0 0 0 0 0
14,1,T14_0653,7,6,0 0 0 0 0 0 0 0 0 2 0 2 0 2 0 0 0 0 0 0
14,1,T14_0653,8,7,0 0 0 0 0 0 0 0 0 1 0 2 0 1 0 0 0 1 1 1
14,1,T14_0653,9,7,0 0 0 0 0 0 0 0 0 1 0 2 0 2 0 0 0 0 1 1
14,1,T14_0653,10,6,0 0 0 0 0 0 0 0 0 2 0 2 0 2 0 0 0 0 0 0
14,1,T14_0653,11,6,0 0 0 0 0 0 0 0 0 2 0 2 0 2 0 0 0 0 0 0
14,1,T14_0653,12,6,0 0 0 0 0 0 0 0 0 2 0 2 0 2 0 0 0 0 0 0
14,1,T14_0653,13,6,0 0 0 0 0 0 0 0 0 2 0 2 0 2 0 0 0 0 0 0
14,1,T14_0654,0,2,0 0 0 0 2 0 0 0 0 0 0 0 0 0 0 0 0 0 0 0
14,1,T14_0654,1,0,0 0 0 0 0 0 0 0 0 0 0 0 0 0 0 0 0 0 0 0
14,1,T14_0654,2,0,0 0 0 0 0 0 0 0 0 0 0 0 0 0 0 0 0 0 0 0
14,1,T14_0654,3,0,0 0 0 0 0 0 0 0 0 0 0 0 0 0 0 0 0 0 0 0
14,1,T14_0654,4,0,0 0 0 0 0 0 0 0 0 0 0 0 0 0 0 0 0 0 0 0
14,1,T14_0654,5,0,0 0 0 0 0 0 0 0 0 0 0 0 0 0 0 0 0 0 0 0
14,1,T14_0654,6,0,0 0 0 0 0 0 0 0 0 0 0 0 0 0 0 0 0 0 0 0
14,1,T14_0654,7,0,0 0 0 0 0 0 0 0 0 0 0 0 0 0 0 0 0 0 0 0
14,1,T14_0654,8,2,0 0 0 0 0 0 0 0 0 0 0 0 0 0 0 0 0 0 0 2
14,1,T14_0654,9,2,0 0 0 0 0 0 0 0 0 0 0 0 0 0 0 0 0 0 0 2
14,1,T14_0654,10,0,0 0 0 0 0 0 0 0 0 0 0 0 0 0 0 0 0 0 0 0
14,1,T14_0654,11,0,0 0 0 0 0 0 0 0 0 0 0 0 0 0 0 0 0 0 0 0
14,1,T14_0654,12,0,0 0 0 0 0 0 0 0 0 0 0 0 0 0 0 0 0 0 0 0
14,1,T14_0654,13,0,0 0 0 0 0 0 0 0 0 0 0 0 0 0 0 0 0 0 0 0
14,1,T14_0655,9,6,0 0 0 0 0 0 0 0 0 2 0 0 0 2 0 0 0 0 0 2
14,1,T14_0656,10,3,0 0 0 0 0 0 0 0 0 0 0 0 0 0 0 0 2 0 0 1
14,1,T14_0657,0,6,0 0 0 0 2 0 0 0 0 0 0 0 0 2 0 0 2 0 0 0
14,1,T14_0657,1,4,0 0 0 0 0 0 0 0 0 0 0 0 0 2 0 0 2 0 0 0
14,1,T14_0657,2,4,0 0 0 0 0 0 0 0 0 0 0 0 0 2 0 0 2 0 0 0
14,1,T14_0657,3,4,0 0 0 0 0 0 0 0 0 0 0 0 0 2 0 0 2 0 0 0
14,1,T14_0657,4,4,0 0 0 0 0 0 0 0 0 0 0 0 0 2 0 0 2 0 0 0
14,1,T14_0657,5,4,0 0 0 0 0 0 0 0 0 1 0 0 0 1 0 1 1 0 0 0
14,1,T14_0657,6,4,0 0 0 0 0 0 0 0 0 0 0 0 0 2 0 0 2 0 0 0
14,1,T14_0657,7,4,0 0 0 0 0 0 0 0 0 0 0 0 0 2 0 0 2 0 0 0
14,1,T14_0657,8,4,0 0 0 0 0 0 0 0 0 0 0 0 0 2 0 0 2 0 0 0
14,1,T14_0657,9,4,0 0 0 0 0 0 0 0 0 0 0 0 0 2 0 0 2 0 0 0
14,1,T14_0657,10,4,0 0 0 0 0 0 0 0 0 2 0 0 0 2 0 0 0 0 0 0
14,1,T14_0657,11,4,0 0 0 0 0 0 0 0 0 0 0 0 0 2 0 0 2 0 0 0
14,1,T14_0657,12,4,0 0 0 0 0 0 0 0 0 0 0 0 0 2 0 0 2 0 0 0
14,1,T14_0657,13,4,0 0 0 0 0 0 0 0 0 0 0 0 0 2 0 0 2 0 0 0
14,1,T14_0659,0,0,0 0 0 0 0 0 0 0 0 0 0 0 0 0 0 0 0 0 0 0
14,1,T14_0660,0,0,0 0 0 0 0 0 0 0 0 0 0 0 0 0 0 0 0 0 0 0
14,1,T14_0662,1,4,0 0 0 0 0 0 0 0 0 0 0 0 0 0 0 0 0 2 2 0
14,1,T14_0663,0,4,0 0 0 0 0 0 0 0 0 0 0 0 0 1 0 0 1 1 1 0
14,1,T14_0663,1,6,0 0 0 0 0 0 0 0 0 0 0 2 0 0 0 0 0 2 2 0
14,1,T14_0663,2,4,0 0 0 0 0 0 0 0 0 0 0 0 0 0 0 0 0 2 2 0
14,1,T14_0663,3,4,0 0 0 0 0 0 0 0 0 0 0 0 0 0 0 0 0 2 2 0
14,1,T14_0663,4,4,0 0 0 0 0 0 0 0 0 0 0 0 0 0 0 0 0 2 2 0
14,1,T14_0663,5,4,0 0 0 0 0 0 0 0 0 0 0 0 0 0 0 0 0 2 2 0
14,1,T14_0663,6,4,0 0 0 0 0 0 0 0 0 0 0 0 0 0 0 0 0 2 2 0
14,1,T14_0663,7,4,0 0 0 0 0 0 0 0 0 0 0 0 0 0 0 0 0 2 2 0
14,1,T14_0663,8,4,0 0 0 0 0 0 0 0 0 0 0 0 0 0 0 0 0 2 2 0
14,1,T14_0663,9,4,0 0 0 0 0 0 0 0 0 0 0 0 0 0 0 0 0 2 2 0
14,1,T14_0663,10,4,0 0 0 0 0 0 0 0 0 0 0 0 0 0 0 0 2 0 2 0
14,1,T14_0663,11,4,0 0 0 0 0 0 0 0 0 0 0 0 0 0 0 0 0 2 2 0
14,1,T14_0663,12,4,0 0 0 0 0 0 0 0 0 0 0 0 0 0 0 0 0 2 2 0
14,1,T14_0663,13,4,0 0 0 0 0 0 0 0 0 0 0 0 0 0 0 0 0 2 2 0
14,1,T14_0664,3,4,0 0 0 0 0 0 0 0 0 0 0 0 0 0 0 0 0 2 2 0
14,1,T14_0665,4,2,0 0 0 0 0 0 0 0 0 0 0 0 0 0 0 0 0 0 2 0
14,1,T14_0666,0,3,0 0 0 0 0 0 0 0 0 0 0 0 0 0 0 2 0 0 1 0
14,1,T14_0666,1,5,0 0 0 0 0 0 0 0 0 2 0 0 0 0 0 2 0 0 1 0
14,1,T14_0666,2,3,0 0 0 0 0 0 0 0 0 0 0 0 0 0 0 2 0 0 1 0
14,1,T14_0666,3,3,0 0 0 0 0 0 0 0 0 0 0 0 0 0 0 2 0 0 1 0
14,1,T14_0666,4,3,0 0 0 0 0 0 0 0 0 0 0 0 0 0 0 2 0 0 1 0
14,1,T14_0666,5,3,0 0 0 0 0 0 0 0 0 0 0 0 0 0 0 2 0 0 1 0
14,1,T14_0666,6,3,0 0 0 0 0 0 0 0 0 0 0 0 0 0 0 2 0 0 1 0
14,1,T14_0666,7,3,0 0 0 0 0 0 0 0 0 0 0 0 0 0 0 2 0 0 1 0
14,1,T14_0666,8,4,0 0 0 0 0 0 0 0 0 0 0 0 2 0 0 0 0 0 2 0
14,1,T14_0666,9,3,0 0 0 0 0 0 0 0 0 0 0 0 0 0 0 2 0 0 1 0
14,1,T14_0666,10,3,0 0 0 0 0 0 0 0 0 0 0 0 0 0 0 2 0 0 1 0
14,1,T14_0666,11,3,0 0 0 0 0 0 0 0 0 0 0 0 0 0 0 2 0 0 1 0
14,1,T14_0666,12,3,0 0 0 0 0 0 0 0 0 0 0 0 0 0 0 2 0 0 1 0
14,1,T14_0666,13,3,0 0 0 0 0 0 0 0 0 0 0 0 0 0 0 2 0 0 1 0
14,1,T14_0667,5,5,0 0 0 0 0 0 0 0 0 0 0 0 0 0 0 0 0 2 2 1
14,1,T14_0668,8,6,0 0 0 0 0 0 0 0 0 0 0 2 0 0 0 0 0 2 0 2
14,1,T14_0669,0,0,0 0 0 0 0 0 0 0 0 0 0 0 0 0 0 0 0 0 0 0
14,1,T14_0669,1,2,0 0 0 0 0 0 0 0 0 2 0 0 0 0 0 0 0 0 0 0
14,1,T14_0669,2,0,0 0 0 0 0 0 0 0 0 0 0 0 0 0 0 0 0 0 0 0
14,1,T14_0669,3,0,0 0 0 0 0 0 0 0 0 0 0 0 0 0 0 0 0 0 0 0
14,1,T14_0669,4,0,0 0 0 0 0 0 0 0 0 0 0 0 0 0 0 0 0 0 0 0
14,1,T14_0669,5,0,0 0 0 0 0 0 0 0 0 0 0 0 0 0 0 0 0 0 0 0
14,1,T14_0669,6,0,0 0 0 0 0 0 0 0 0 0 0 0 0 0 0 0 0 0 0 0
14,1,T14_0669,7,0,0 0 0 0 0 0 0 0 0 0 0 0 0 0 0 0 0 0 0 0
14,1,T14_0669,8,2,0 0 0 0 0 0 0 0 0 0 0 0 0 0 0 0 0 0 0 2
14,1,T14_0669,9,2,0 0 0 0 0 0 0 0 0 0 0 0 0 0 0 0 0 0 0 2
14,1,T14_0669,10,0,0 0 0 0 0 0 0 0 0 0 0 0 0 0 0 0 0 0 0 0
14,1,T14_0669,11,0,0 0 0 0 0 0 0 0 0 0 0 0 0 0 0 0 0 0 0 0
14,1,T14_0669,12,0,0 0 0 0 0 0 0 0 0 0 0 0 0 0 0 0 0 0 0 0
14,1,T14_0669,13,0,0 0 0 0 0 0 0 0 0 0 0 0 0 0 0 0 0 0 0 0
14,1,T14_0670,0,7,0 0 0 2 0 0 0 0 0 0 0 1 0 0 1 1 0 0 1 1
14,1,T14_0670,1,8,0 0 0 2 0 0 0 0 0 2 0 2 0 0 0 2 0 0 0 0
14,1,T14_0670,2,6,0 0 0 2 0 0 0 0 0 0 0 2 0 0 0 2 0 0 0 0
14,1,T14_0670,3,6,0 0 0 2 0 0 0 0 0 0 0 2 0 0 0 2 0 0 0 0
14,1,T14_0670,4,6,0 0 0 2 0 0 0 0 0 0 0 2 0 0 0 2 0 0 0 0
14,1,T14_0670,5,6,0 0 0 2 0 0 0 0 0 0 0 2 0 0 0 2 0 0 0 0
14,1,T14_0670,6,6,0 0 0 2 0 0 0 0 0 0 0 2 0 0 0 2 0 0 0 0
14,1,T14_0670,7,6,0 0 0 2 0 0 0 0 0 0 0 2 0 0 0 2 0 0 0 0
14,1,T14_0670,8,7,0 0 0 2 0 0 0 0 0 0 0 1 0 0 0 2 0 0 1 1
14,1,T14_0670,9,7,0 0 0 2 0 0 0 0 0 0 0 1 0 0 1 1 0 0 1 1
14,1,T14_0670,10,6,0 0 0 2 0 0 0 0 0 0 0 2 0 0 0 2 0 0 0 0
14,1,T14_0670,11,6,0 0 0 2 0 0 0 0 0 0 0 2 0 0 0 2 0 0 0 0
14,1,T14_0670,12,6,0 0 0 2 0 0 0 0 0 0 0 2 0 0 0 2 0 0 0 0
14,1,T14_0670,13,6,0 0 0 2 0 0 0 0 0 0 0 2 0 0 0 2 0 0 0 0
14,1,T14_0671,10,3,0 0 0 0 0 0 0 0 0 0 0 0 0 0 0 0 2 0 0 1
14,1,T14_0672,0,4,0 0 0 0 0 0 0 0 0 0 0 1 0 0 1 1 1 0 0 0
14,1,T14_0672,1,6,0 0 0 0 0 0 0 0 0 2 0 0 0 0 0 2 2 0 0 0
14,1,T14_0672,2,4,0 0 0 0 0 0 0 0 0 0 0 0 0 0 0 2 2 0 0 0
14,1,T14_0672,3,4,0 0 0 0 0 0 0 0 0 0 0 0 0 0 0 2 2 0 0 0
14,1,T14_0672,4,4,0 0 0 0 0 0 0 0 0 0 0 0 0 0 0 2 2 0 0 0
14,1,T14_0672,5,4,0 0 0 0 0 0 0 0 0 0 0 0 0 0 0 2 2 0 0 0
14,1,T14_0672,6,4,0 0 0 0 0 0 0 0 0 0 0 0 0 0 0 2 2 0 0 0
14,1,T14_0672,7,4,0 0 0 0 0 0 0 0 0 0 0 0 0 0 0 2 2 0 0 0
14,1,T14_0672,8,4,0 0 0 0 0 0 0 0 0 0 0 0 0 0 0 2 2 0 0 0
14,1,T14_0672,9,4,0 0 0 0 0 0 0 0 0 0 0 0 0 0 0 2 2 0 0 0
14,1,T14_0672,10,4,0 0 0 0 0 0 0 0 0 0 0 0 0 0 2 0 2 0 0 0
14,1,T14_0672,11,4,0 0 0 0 0 0 0 0 0 0 0 0 0 0 0 2 2 0 0 0
14,1,T14_0672,12,4,0 0 0 0 0 0 0 0 0 0 0 0 0 0 0 2 2 0 0 0
14,1,T14_0672,13,4,0 0 0 0 0 0 0 0 0 0 0 0 0 0 0 2 2 0 0 0
14,1,T14_0674,0,3,0 0 0 0 0 0 0 0 0 0 0 0 0 0 0 0 2 0 1 0
14,1,T14_0676,1,3,0 0 0 1 0 0 0 0 0 0 0 0 0 0 0 0 0 1 1 0
14,1,T14_0677,0,4,0 0 0 1 0 0 0 0 0 0 0 0 0 0 0 1 0 1 1 0
14,1,T14_0677,1,5,0 0 0 1 0 0 0 0 0 0 0 2 0 0 0 0 0 1 1 0
14,1,T14_0677,2,3,0 0 0 1 0 0 0 0 0 0 0 0 0 0 0 0 0 1 1 0
14,1,T14_0677,3,3,0 0 0 1 0 0 0 0 0 0 0 0 0 0 0 0 0 1 1 0
14,1,T14_0677,4,3,0 0 0 1 0 0 0 0 0 0 0 0 0 0 0 0 0 1 1 0
14,1,T14_0677,5,3,0 0 0 1 0 0 0 0 0 0 0 0 0 0 0 0 0 1 1 0
14,1,T14_0677,6,3,0 0 0 1 0 0 0 0 0 0 0 0 0 0 0 0 0 1 1 0
14,1,T14_0677,7,3,0 0 0 1 0 0 0 0 0 0 0 0 0 0 0 0 0 1 1 0
14,1,T14_0677,8,3,0 0 0 1 0 0 0 0 0 0 0 0 0 0 0 0 0 1 1 0
14,1,T14_0677,9,3,0 0 0 1 0 0 0 0 0 0 0 0 0 0 0 0 0 1 1 0
14,1,T14_0677,10,3,0 0 0 1 0 0 0 0 0 0 0 0 0 0 0 0 0 1 1 0
14,1,T14_0677,11,3,0 0 0 1 0 0 0 0 0 0 0 0 0 0 0 0 0 1 1 0
14,1,T14_0677,12,3,0 0 0 1 0 0 0 0 0 0 0 0 0 0 0 0 0 1 1 0
14,1,T14_0677,13,3,0 0 0 1 0 0 0 0 0 0 0 0 0 0 0 0 0 1 1 0
14,1,T14_0678,3,3,0 0 0 1 0 0 0 0 0 0 0 0 0 0 0 0 0 1 1 0
14,1,T14_0679,4,5,0 0 0 1 0 0 0 0 0 0 0 0 0 0 0 2 0 0 1 1
14,1,T14_0680,0,0,0 0 0 0 0 0 0 0 0 0 0 0 0 0 0 0 0 0 0 0
14,1,T14_0680,1,2,0 0 0 0 0 0 0 0 0 2 0 0 0 0 0 0 0 0 0 0
14,1,T14_0680,2,0,0 0 0 0 0 0 0 0 0 0 0 0 0 0 0 0 0 0 0 0
14,1,T14_0680,3,0,0 0 0 0 0 0 0 0 0 0 0 0 0 0 0 0 0 0 0 0
14,1,T14_0680,4,3,0 0 0 0 0 0 0 0 0 0 0 0 0 0 0 0 0 1 1 1
14,1,T14_0680,5,0,0 0 0 0 0 0 0 0 0 0 0 0 0 0 0 0 0 0 0 0
14,1,T14_0680,6,0,0 0 0 0 0 0 0 0 0 0 0 0 0 0 0 0 0 0 0 0
14,1,T14_0680,7,0,0 0 0 0 0 0 0 0 0 0 0 0 0 0 0 0 0 0 0 0
14,1,T14_0680,8,2,0 0 0 0 0 0 0 0 0 0 0 0 0 0 0 0 0 0 0 2
14,1,T14_0680,9,0,0 0 0 0 0 0 0 0 0 0 0 0 0 0 0 0 0 0 0 0
14,1,T14_0680,10,0,0 0 0 0 0 0 0 0 0 0 0 0 0 0 0 0 0 0 0 0
14,1,T14_0680,11,0,0 0 0 0 0 0 0 0 0 0 0 0 0 0 0 0 0 0 0 0
14,1,T14_0680,12,0,0 0 0 0 0 0 0 0 0 0 0 0 0 0 0 0 0 0 0 0
14,1,T14_0680,13,0,0 0 0 0 0 0 0 0 0 0 0 0 0 0 0 0 0 0 0 0
14,1,T14_0681,0,0,0 0 0 0 0 0 0 0 0 0 0 0 0 0 0 0 0 0 0 0
14,1,T14_0681,1,2,0 0 0 0 0 0 0 0 0 2 0 0 0 0 0 0 0 0 0 0
14,1,T14_0681,2,0,0 0 0 0 0 0 0 0 0 0 0 0 0 0 0 0 0 0 0 0
14,1,T14_0681,3,0,0 0 0 0 0 0 0 0 0 0 0 0 0 0 0 0 0 0 0 0
14,1,T14_0681,4,0,0 0 0 0 0 0 0 0 0 0 0 0 0 0 0 0 0 0 0 0
14,1,T14_0681,5,0,0 0 0 0 0 0 0 0 0 0 0 0 0 0 0 0 0 0 0 0
14,1,T14_0681,6,0,0 0 0 0 0 0 0 0 0 0 0 0 0 0 0 0 0 0 0 0
14,1,T14_0681,7,0,0 0 0 0 0 0 0 0 0 0 0 0 0 0 0 0 0 0 0 0
14,1,T14_0681,8,0,0 0 0 0 0 0 0 0 0 0 0 0 0 0 0 0 0 0 0 0
14,1,T14_0681,9,0,0 0 0 0 0 0 0 0 0 0 0 0 0 0 0 0 0 0 0 0
14,1,T14_0681,10,0,0 0 0 0 0 0 0 0 0 0 0 0 0 0 0 0 0 0 0 0
14,1,T14_0681,11,0,0 0 0 0 0 0 0 0 0 0 0 0 0 0 0 0 0 0 0 0
14,1,T14_0681,12,0,0 0 0 0 0 0 0 0 0 0 0 0 0 0 0 0 0 0 0 0
14,1,T14_0681,13,0,0 0 0 0 0 0 0 0 0 0 0 0 0 0 0 0 0 0 0 0
14,1,T14_0682,5,4,0 0 0 1 0 0 0 0 0 0 0 0 0 0 0 0 0 1 1 1
14,1,T14_0683,0,7,0 0 0 1 0 0 0 0 0 0 0 2 0 1 0 0 0 1 1 1
14,1,T14_0683,1,8,0 0 0 2 0 0 0 0 0 2 0 2 0 0 0 0 0 0 0 2
14,1,T14_0683,2,6,0 0 0 2 0 0 0 0 0 0 0 2 0 0 0 0 0 0 0 2
14,1,T14_0683,3,6,0 0 0 2 0 0 0 0 0 0 0 2 0 0 0 0 0 0 0 2
14,1,T14_0683,4,6,0 0 0 2 0 0 0 0 0 0 0 2 0 0 0 0 0 0 0 2
14,1,T14_0683,5,6,0 0 0 2 0 0 0 0 0 0 0 2 0 0 0 0 0 0 0 2
14,1,T14_0683,6,6,0 0 0 2 0 0 0 0 0 0 0 2 0 0 0 0 0 0 0 2
14,1,T14_0683,7,6,0 0 0 2 0 0 0 0 0 0 0 2 0 0 0 0 0 0 0 2
14,1,T14_0683,8,6,0 0 0 1 0 0 0 0 0 0 0 2 0 0 0 0 0 1 1 1
14,1,T14_0683,9,6,0 0 0 2 0 0 0 0 0 0 0 2 0 0 0 0 0 0 0 2
14,1,T14_0683,10,6,0 0 0 2 0 0 0 0 0 0 0 2 0 0 0 0 0 0 0 2
14,1,T14_0683,11,6,0 0 0 2 0 0 0 0 0 0 0 2 0 0 0 0 0 0 0 2
14,1,T14_0683,12,6,0 0 0 2 0 0 0 0 0 0 0 2 0 0 0 0 0 0 0 2
14,1,T14_0683,13,6,0 0 0 2 0 0 0 0 0 0 0 2 0 0 0 0 0 0 0 2
14,1,T14_0684,0,0,0 0 0 0 0 0 0 0 0 0 0 0 0 0 0 0 0 0 0 0
14,1,T14_0684,1,2,0 0 0 0 0 0 0 0 0 2 0 0 0 0 0 0 0 0 0 0
14,1,T14_0684,2,0,0 0 0 0 0 0 0 0 0 0 0 0 0 0 0 0 0 0 0 0
14,1,T14_0684,3,0,0 0 0 0 0 0 0 0 0 0 0 0 0 0 0 0 0 0 0 0
14,1,T14_0684,4,0,0 0 0 0 0 0 0 0 0 0 0 0 0 0 0 0 0 0 0 0
14,1,T14_0684,5,0,0 0 0 0 0 0 0 0 0 0 0 0 0 0 0 0 0 0 0 0
14,1,T14_0684,6,0,0 0 0 0 0 0 0 0 0 0 0 0 0 0 0 0 0 0 0 0
14,1,T14_0684,7,0,0 0 0 0 0 0 0 0 0 0 0 0 0 0 0 0 0 0 0 0
14,1,T14_0684,8,2,0 0 0 0 0 0 0 0 0 0 0 0 0 0 0 0 0 0 0 2
14,1,T14_0684,9,2,0 0 0 0 0 0 0 0 0 0 0 0 0 0 0 0 0 0 0 2
14,1,T14_0684,10,0,0 0 0 0 0 0 0 0 0 0 0 0 0 0 0 0 0 0 0 0
14,1,T14_0684,11,0,0 0 0 0 0 0 0 0 0 0 0 0 0 0 0 0 0 0 0 0
14,1,T14_0684,12,0,0 0 0 0 0 0 0 0 0 0 0 0 0 0 0 0 0 0 0 0
14,1,T14_0684,13,0,0 0 0 0 0 0 0 0 0 0 0 0 0 0 0 0 0 0 0 0
14,1,T14_0685,9,4,0 0 0 2 0 0 0 0 0 0 0 0 0 0 0 0 0 0 2 0
14,1,T14_0686,10,3,0 0 0 0 0 0 0 0 0 0 0 0 0 0 0 0 2 0 0 1
14,1,T14_0687,0,4,0 0 0 1 0 0 0 0 0 0 0 0 0 1 0 1 1 0 0 0
14,1,T14_0687,1,5,0 0 0 1 0 0 0 0 0 2 0 0 0 0 0 1 1 0 0 0
14,1,T14_0687,2,3,0 0 0 1 0 0 0 0 0 0 0 0 0 0 0 1 1 0 0 0
14,1,T14_0687,3,3,0 0 0 1 0 0 0 0 0 0 0 0 0 0 0 1 1 0 0 0
14,1,T14_0687,4,3,0 0 0 1 0 0 0 0 0 0 0 0 0 0 0 1 1 0 0 0
14,1,T14_0687,5,3,0 0 0 1 0 0 0 0 0 0 0 0 0 0 0 1 1 0 0 0
14,1,T14_0687,6,3,0 0 0 1 0 0 0 0 0 0 0 0 0 0 0 1 1 0 0 0
14,1,T14_0687,7,3,0 0 0 1 0 0 0 0 0 0 0 0 0 0 0 1 1 0 0 0
14,1,T14_0687,8,3,0 0 0 1 0 0 0 0 0 0 0 0 0 0 0 1 1 0 0 0
14,1,T14_0687,9,3,0 0 0 1 0 0 0 0 0 0 0 0 0 0 0 1 1 0 0 0
14,1,T14_0687,10,3,0 0 0 1 0 0 0 0 0 0 0 0 0 0 0 1 1 0 0 0
14,1,T14_0687,11,3,0 0 0 1 0 0 0 0 0 0 0 0 0 0 0 1 1 0 0 0
14,1,T14_0687,12,3,0 0 0 1 0 0 0 0 0 0 0 0 0 0 0 1 1 0 0 0
14,1,T14_0687,13,3,0 0 0 1 0 0 0 0 0 0 0 0 0 0 0 1 1 0 0 0
14,1,T14_0693,1,4,0 0 0 0 0 0 0 0 0 0 0 0 0 0 0 0 0 2 2 0
14,1,T14_0696,1,3,0 0 0 0 0 0 0 0 0 0 0 0 0 0 0 2 0 0 1 0
14,1,T14_0699,1,0,0 0 0 0 0 0 0 0 0 0 0 0 0 0 0 0 0 0 0 0
14,1,T14_0700,1,6,0 0 0 0 0 0 2 0 0 0 0 2 0 0 0 2 0 0 0 0
14,1,T14_0702,1,4,0 0 0 0 0 0 0 0 0 0 0 0 0 0 0 2 2 0 0 0
14,1,T14_0707,1,3,0 0 0 0 0 0 1 0 0 0 0 0 0 0 0 0 0 1 1 0
14,1,T14_0710,1,0,0 0 0 0 0 0 0 0 0 0 0 0 0 0 0 0 0 0 0 0
14,1,T14_0711,1,0,0 0 0 0 0 0 0 0 0 0 0 0 0 0 0 0 0 0 0 0
14,1,T14_0713,1,6,0 0 0 0 0 0 2 0 0 0 0 2 0 0 0 0 0 0 0 2
14,1,T14_0714,1,0,0 0 0 0 0 0 0 0 0 0 0 0 0 0 0 0 0 0 0 0
14,1,T14_0717,1,3,0 0 0 0 0 0 1 0 0 0 0 0 0 0 0 1 1 0 0 0
14,1,T14_0725,1,2,0 0 0 0 1 0 0 0 0 0 0 0 0 0 1 0 0 0 0 0
14,1,T14_0726,1,9,0 0 0 0 1 1 1 1 0 0 0 1 0 0 0 1 0 1 1 1
14,1,T14_0727,0,5,0 0 0 0 2 0 0 0 1 0 0 2 0 0 0 0 0 0 0 0
14,1,T14_0727,1,2,0 0 0 0 1 0 0 0 1 0 0 0 0 0 0 0 0 0 0 0
14,1,T14_0727,2,2,0 0 0 0 1 0 0 0 1 0 0 0 0 0 0 0 0 0 0 0
14,1,T14_0727,3,4,0 0 0 0 1 0 0 0 1 0 0 0 0 0 2 0 0 0 0 0
14,1,T14_0727,4,2,0 0 0 0 1 0 0 0 1 0 0 0 0 0 0 0 0 0 0 0
14,1,T14_0727,5,2,0 0 0 0 1 0 0 0 1 0 0 0 0 0 0 0 0 0 0 0
14,1,T14_0727,6,4,0 0 0 0 1 0 0 0 1 0 0 2 0 0 0 0 0 0 0 0
14,1,T14_0727,7,2,0 0 0 0 1 0 0 0 1 0 0 0 0 0 0 0 0 0 0 0
14,1,T14_0727,8,2,0 0 0 0 1 0 0 0 1 0 0 0 0 0 0 0 0 0 0 0
14,1,T14_0727,9,2,0 0 0 0 1 0 0 0 1 0 0 0 0 0 0 0 0 0 0 0
14,1,T14_0727,10,2,0 0 0 0 1 0 0 0 1 0 0 0 0 0 0 0 0 0 0 0
14,1,T14_0727,11,2,0 0 0 0 1 0 0 0 1 0 0 0 0 0 0 0 0 0 0 0
14,1,T14_0727,12,2,0 0 0 0 1 0 0 0 1 0 0 0 0 0 0 0 0 0 0 0
14,1,T14_0727,13,2,0 0 0 0 1 0 0 0 1 0 0 0 0 0 0 0 0 0 0 0
14,1,T14_0728,3,10,0 0 0 0 1 0 0 0 1 1 1 0 0 0 0 1 1 0 2 2
14,1,T14_0729,3,7,0 0 0 0 1 0 0 0 0 1 0 0 0 0 1 1 0 1 1 1
14,1,T14_0730,3,8,0 0 0 0 1 0 1 1 0 1 1 0 0 0 1 0 0 0 1 1
14,1,T14_0731,0,3,0 0 0 0 2 0 0 0 0 0 0 0 0 1 0 0 0 0 0 0
14,1,T14_0731,1,2,0 0 0 0 1 0 0 0 0 0 0 0 0 1 0 0 0 0 0 0
14,1,T14_0731,2,2,0 0 0 0 1 0 0 0 0 0 0 0 0 1 0 0 0 0 0 0
14,1,T14_0731,3,4,0 0 0 0 1 0 0 0 0 0 0 0 0 1 2 0 0 0 0 0
14,1,T14_0731,4,2,0 0 0 0 1 0 0 0 0 0 0 0 0 1 0 0 0 0 0 0
14,1,T14_0731,5,2,0 0 0 0 1 0 0 0 0 0 0 0 0 1 0 0 0 0 0 0
14,1,T14_0731,6,2,0 0 0 0 1 0 0 0 0 0 0 0 0 1 0 0 0 0 0 0
14,1,T14_0731,7,2,0 0 0 0 1 0 0 0 0 0 0 0 0 1 0 0 0 0 0 0
14,1,T14_0731,8,2,0 0 0 0 1 0 0 0 0 0 0 0 0 1 0 0 0 0 0 0
14,1,T14_0731,9,2,0 0 0 0 1 0 0 0 0 0 0 0 0 1 0 0 0 0 0 0
14,1,T14_0731,10,2,0 0 0 0 1 0 0 0 0 0 0 0 0 1 0 0 0 0 0 0
14,1,T14_0731,11,2,0 0 0 0 1 0 0 0 0 0 0 0 0 1 0 0 0 0 0 0
14,1,T14_0731,12,2,0 0 0 0 1 0 0 0 0 0 0 0 0 1 0 0 0 0 0 0
14,1,T14_0731,13,2,0 0 0 0 1 0 0 0 0 0 0 0 0 1 0 0 0 0 0 0
14,1,T14_0732,0,12,0 0 0 0 2 0 1 1 1 1 2 0 0 0 0 1 0 1 1 1
14,1,T14_0732,1,9,0 0 0 0 1 0 1 1 1 1 0 0 0 0 0 1 0 1 1 1
14,1,T14_0732,2,9,0 0 0 0 1 0 1 1 1 1 0 0 0 0 0 1 0 1 1 1
14,1,T14_0732,3,9,0 0 0 0 1 0 1 1 1 1 0 0 0 0 0 1 0 1 1 1
14,1,T14_0732,4,9,0 0 0 0 1 0 1 1 1 1 0 0 0 0 0 1 0 1 1 1
14,1,T14_0732,5,9,0 0 0 0 1 0 1 1 1 1 0 0 0 0 0 1 0 1 1 1
14,1,T14_0732,6,11,0 0 0 0 1 0 1 1 1 1 2 0 0 0 0 1 0 1 1 1
14,1,T14_0732,7,9,0 0 0 0 1 0 1 1 1 1 0 0 0 0 0 1 0 1 1 1
14,1,T14_0732,8,9,0 0 0 0 1 0 1 1 1 1 0 0 0 0 0 1 0 1 1 1
14,1,T14_0732,9,9,0 0 0 0 1 0 1 1 1 1 0 0 0 0 0 1 0 1 1 1
14,1,T14_0732,10,9,0 0 0 0 1 0 1 1 1 1 0 0 0 0 0 1 0 1 1 1
14,1,T14_0732,11,9,0 0 0 0 1 0 1 1 1 1 0 0 0 0 0 1 0 1 1 1
14,1,T14_0732,12,9,0 0 0 0 1 0 1 1 1 1 0 0 0 0 0 1 0 1 1 1
14,1,T14_0732,13,9,0 0 0 0 1 0 1 1 1 1 0 0 0 0 0 1 0 1 1 1
14,1,T14_0733,4,10,0 0 0 0 1 0 0 0 0 2 2 0 0 0 1 0 0 0 2 2
14,1,T14_0734,4,8,0 0 0 1 0 0 0 0 0 0 1 0 0 0 1 1 0 1 2 1
14,1,T14_0735,4,6,0 0 0 0 1 0 0 0 0 0 1 1 0 0 1 0 0 0 1 1
14,1,T14_0736,0,10,0 0 0 0 2 0 0 0 2 1 1 0 0 0 0 1 0 1 1 1
14,1,T14_0736,1,7,0 0 0 0 1 0 0 0 0 1 1 0 0 0 0 1 0 1 1 1
14,1,T14_0736,2,7,0 0 0 0 1 0 0 0 0 1 1 0 0 0 0 1 0 1 1 1
14,1,T14_0736,3,7,0 0 0 0 1 0 0 0 0 1 1 0 0 0 0 1 0 1 1 1
14,1,T14_0736,4,7,0 0 0 0 1 0 0 0 0 1 1 0 0 0 0 1 0 1 1 1
14,1,T14_0736,5,7,0 0 0 0 1 0 0 0 0 1 1 0 0 0 0 1 0 1 1 1
14,1,T14_0736,6,9,0 0 0 0 1 0 0 0 2 1 1 0 0 0 0 1 0 1 1 1
14,1,T14_0736,7,7,0 0 0 0 1 0 0 0 0 1 1 0 0 0 0 1 0 1 1 1
14,1,T14_0736,8,7,0 0 0 0 1 0 0 0 0 1 1 0 0 0 0 1 0 1 1 1
14,1,T14_0736,9,7,0 0 0 0 1 0 0 0 0 1 1 0 0 0 0 1 0 1 1 1
14,1,T14_0736,10,7,0 0 0 0 1 0 0 0 0 1 1 0 0 0 0 1 0 1 1 1
14,1,T14_0736,11,7,0 0 0 0 1 0 0 0 0 1 1 0 0 0 0 1 0 1 1 1
14,1,T14_0736,12,7,0 0 0 0 1 0 0 0 0 1 1 0 0 0 0 1 0 1 1 1
14,1,T14_0736,13,7,0 0 0 0 1 0 0 0 0 1 1 0 0 0 0 1 0 1 1 1
14,1,T14_0740,5,1,0 0 0 0 1 0 0 0 0 0 0 0 0 0 0 0 0 0 0 0
14,1,T14_0741,5,9,0 0 0 0 1 0 0 0 0 2 1 1 0 0 0 1 0 1 1 1
14,1,T14_0742,6,1,0 0 0 0 1 0 0 0 0 0 0 0 0 0 0 0 0 0 0 0
14,1,T14_0743,6,1,0 0 0 0 1 0 0 0 0 0 0 0 0 0 0 0 0 0 0 0
14,1,T14_0747,6,9,0 0 0 0 1 0 0 0 0 0 0 2 2 0 0 0 0 2 0 2
14,1,T14_0751,0,0,0 0 0 0 0 0 0 0 0 0 0 0 0 0 0 0 0 0 0 0
14,1,T14_0752,0,8,0 0 2 1 1 0 0 0 0 0 0 0 0 0 0 1 0 1 1 1
14,1,T14_0758,1,3,0 0 0 0 0 0 0 1 0 0 0 2 0 0 0 0 0 0 0 0
14,1,T14_0759,2,11,0 0 0 0 0 0 0 1 1 1 0 2 0 0 0 1 1 0 2 2
14,1,T14_0760,2,8,0 0 0 0 0 0 0 0 1 0 0 2 0 0 1 1 0 1 1 1
14,1,T14_0761,2,9,0 0 0 1 0 0 1 0 1 1 0 2 0 0 1 0 0 0 1 1
14,1,T14_0762,0,3,0 0 0 0 0 0 0 0 0 0 2 0 0 1 0 0 0 0 0 0
14,1,T14_0762,1,5,0 0 0 0 0 0 0 0 0 0 2 2 0 1 0 0 0 0 0 0
14,1,T14_0762,2,5,0 0 0 0 0 0 0 0 0 0 2 0 0 1 2 0 0 0 0 0
14,1,T14_0762,3,3,0 0 0 0 0 0 0 0 0 0 2 0 0 1 0 0 0 0 0 0
14,1,T14_0762,4,3,0 0 0 0 0 0 0 0 0 0 2 0 0 1 0 0 0 0 0 0
14,1,T14_0762,5,3,0 0 0 0 0 0 0 0 0 0 2 0 0 1 0 0 0 0 0 0
14,1,T14_0762,6,3,0 0 0 0 0 0 0 0 0 0 2 0 0 1 0 0 0 0 0 0
14,1,T14_0762,7,3,0 0 0 0 0 0 0 0 0 0 2 0 0 1 0 0 0 0 0 0
14,1,T14_0762,8,3,0 0 0 0 0 0 0 0 0 0 2 0 0 1 0 0 0 0 0 0
14,1,T14_0762,9,3,0 0 0 0 0 0 0 0 0 0 2 0 0 1 0 0 0 0 0 0
14,1,T14_0762,10,3,0 0 0 0 0 0 0 0 0 0 2 0 0 1 0 0 0 0 0 0
14,1,T14_0762,11,3,0 0 0 0 0 0 0 0 0 0 2 0 0 1 0 0 0 0 0 0
14,1,T14_0762,12,3,0 0 0 0 0 0 0 0 0 0 2 0 0 1 0 0 0 0 0 0
14,1,T14_0762,13,3,0 0 0 0 0 0 0 0 0 0 2 0 0 1 0 0 0 0 0 0
14,1,T14_0763,0,10,0 0 0 1 0 0 1 1 1 0 2 0 0 0 0 1 0 1 1 1
14,1,T14_0763,1,12,0 2 0 1 0 0 1 1 1 0 2 0 0 0 0 1 0 1 1 1
14,1,T14_0763,2,10,0 0 0 1 0 0 1 1 1 0 2 0 0 0 0 1 0 1 1 1
14,1,T14_0763,3,10,0 0 0 1 0 0 1 1 1 0 2 0 0 0 0 1 0 1 1 1
14,1,T14_0763,4,10,0 0 0 1 0 0 1 1 1 0 2 0 0 0 0 1 0 1 1 1
14,1,T14_0763,5,10,0 0 0 1 0 0 1 1 1 0 2 0 0 0 0 1 0 1 1 1
14,1,T14_0763,6,10,0 0 0 1 0 0 1 1 1 0 2 0 0 0 0 1 0 1 1 1
14,1,T14_0763,7,10,0 0 0 1 0 0 1 1 1 0 2 0 0 0 0 1 0 1 1 1
14,1,T14_0763,8,10,0 0 0 1 0 0 1 1 1 0 2 0 0 0 0 1 0 1 1 1
14,1,T14_0763,9,10,0 0 0 1 0 0 1 1 1 0 2 0 0 0 0 1 0 1 1 1
14,1,T14_0763,10,10,0 0 0 1 0 0 1 1 1 0 2 0 0 0 0 1 0 1 1 1
14,1,T14_0763,11,10,0 0 0 1 0 0 1 1 1 0 2 0 0 0 0 1 0 1 1 1
14,1,T14_0763,12,10,0 0 0 1 0 0 1 1 1 0 2 0 0 0 0 1 0 1 1 1
14,1,T14_0763,13,10,0 0 0 1 0 0 1 1 1 0 2 0 0 0 0 1 0 1 1 1
14,1,T14_0767,3,2,0 0 0 0 0 0 0 0 2 0 0 0 0 0 0 0 0 0 0 0
14,1,T14_0768,3,9,0 0 0 0 0 0 0 0 2 1 1 1 0 0 0 1 0 1 1 1
14,1,T14_0769,4,11,0 0 0 0 0 0 0 0 2 0 2 2 1 0 0 0 0 0 2 2
14,1,T14_0770,4,10,1 0 0 0 0 0 0 0 2 0 0 1 0 0 1 1 0 1 2 1
14,1,T14_0771,4,7,0 0 0 0 0 0 0 0 2 0 0 1 1 0 1 0 0 0 1 1
14,1,T14_0772,0,8,0 0 0 0 0 0 0 0 2 0 1 1 0 0 0 1 0 1 1 1
14,1,T14_0772,1,10,0 2 0 0 0 0 0 0 2 0 1 1 0 0 0 1 0 1 1 1
14,1,T14_0772,2,8,0 0 0 0 0 0 0 0 2 0 1 1 0 0 0 1 0 1 1 1
14,1,T14_0772,3,8,0 0 0 0 0 0 0 0 2 0 1 1 0 0 0 1 0 1 1 1
14,1,T14_0772,4,8,0 0 0 0 0 0 0 0 2 0 1 1 0 0 0 1 0 1 1 1
14,1,T14_0772,5,8,0 0 0 0 0 0 0 0 2 0 1 1 0 0 0 1 0 1 1 1
14,1,T14_0772,6,8,0 0 0 0 0 0 0 0 2 0 1 1 0 0 0 1 0 1 1 1
14,1,T14_0772,7,8,0 0 0 0 0 0 0 0 2 0 1 1 0 0 0 1 0 1 1 1
14,1,T14_0772,8,8,0 0 0 0 0 0 0 0 2 0 1 1 0 0 0 1 0 1 1 1
14,1,T14_0772,9,8,0 0 0 0 0 0 0 0 2 0 1 1 0 0 0 1 0 1 1 1
14,1,T14_0772,10,8,0 0 0 0 0 0 0 0 2 0 1 1 0 0 0 1 0 1 1 1
14,1,T14_0772,11,8,0 0 0 0 0 0 0 0 2 0 1 1 0 0 0 1 0 1 1 1
14,1,T14_0772,12,8,0 0 0 0 0 0 0 0 2 0 1 1 0 0 0 1 0 1 1 1
14,1,T14_0772,13,8,0 0 0 0 0 0 0 0 2 0 1 1 0 0 0 1 0 1 1 1
14,1,T14_0773,5,0,0 0 0 0 0 0 0 0 0 0 0 0 0 0 0 0 0 0 0 0
14,1,T14_0777,5,8,0 0 1 0 0 0 0 0 0 0 0 1 1 1 0 1 0 1 1 1
14,1,T14_0778,0,0,0 0 0 0 0 0 0 0 0 0 0 0 0 0 0 0 0 0 0 0
14,1,T14_0782,1,9,0 0 0 0 1 1 2 1 0 0 0 0 0 0 1 1 0 1 0 1
14,1,T14_0783,1,12,0 0 0 0 1 0 1 1 0 0 0 0 0 2 2 1 1 1 1 1
14,1,T14_0784,1,7,0 0 0 0 1 0 1 1 0 0 0 0 0 0 1 1 0 0 1 1
14,1,T14_0785,0,7,0 0 0 0 2 0 0 0 0 2 0 1 0 0 0 2 0 0 0 0
14,1,T14_0785,1,4,0 0 0 0 1 0 0 0 0 0 0 1 0 0 0 2 0 0 0 0
14,1,T14_0785,2,4,0 0 0 0 1 0 0 0 0 0 0 1 0 0 0 2 0 0 0 0
14,1,T14_0785,3,4,0 0 0 0 1 0 0 0 0 0 0 1 0 0 0 2 0 0 0 0
14,1,T14_0785,4,4,0 0 0 0 1 0 0 0 0 0 0 1 0 0 0 2 0 0 0 0
14,1,T14_0785,5,4,0 0 0 0 1 0 0 0 0 0 0 1 0 0 0 2 0 0 0 0
14,1,T14_0785,6,6,0 0 0 0 1 0 0 0 0 2 0 1 0 0 0 2 0 0 0 0
14,1,T14_0785,7,4,0 0 0 0 1 0 0 0 0 0 0 1 0 0 0 2 0 0 0 0
14,1,T14_0785,8,4,0 0 0 0 1 0 0 0 0 0 0 1 0 0 0 2 0 0 0 0
14,1,T14_0785,9,4,0 0 0 0 1 0 0 0 0 0 0 1 0 0 0 2 0 0 0 0
14,1,T14_0785,10,4,0 0 0 0 1 0 0 0 0 0 0 1 0 0 0 2 0 0 0 0
14,1,T14_0785,11,4,0 0 0 0 1 0 0 0 0 0 0 1 0 0 0 2 0 0 0 0
14,1,T14_0785,12,4,0 0 0 0 1 0 0 0 0 0 0 1 0 0 0 2 0 0 0 0
14,1,T14_0785,13,4,0 0 0 0 1 0 0 0 0 0 0 1 0 0 0 2 0 0 0 0
14,1,T14_0786,0,7,0 0 0 0 2 0 0 0 1 0 2 0 0 0 0 2 0 0 0 0
14,1,T14_0786,1,4,0 0 0 0 1 0 0 0 1 0 0 0 0 0 0 2 0 0 0 0
14,1,T14_0786,2,4,0 0 0 0 1 0 0 0 1 0 0 0 0 0 0 2 0 0 0 0
14,1,T14_0786,3,4,0 0 0 0 1 0 0 0 1 0 0 0 0 0 0 2 0 0 0 0
14,1,T14_0786,4,4,0 0 0 0 1 0 0 0 1 0 0 0 0 0 0 2 0 0 0 0
14,1,T14_0786,5,4,0 0 0 0 1 0 0 0 1 0 0 0 0 0 0 2 0 0 0 0
14,1,T14_0786,6,6,0 0 0 0 1 0 0 0 1 0 2 0 0 0 0 2 0 0 0 0
14,1,T14_0786,7,4,0 0 0 0 1 0 0 0 1 0 0 0 0 0 0 2 0 0 0 0
14,1,T14_0786,8,4,0 0 0 0 1 0 0 0 1 0 0 0 0 0 0 2 0 0 0 0
14,1,T14_0786,9,4,0 0 0 0 1 0 0 0 1 0 0 0 0 0 0 2 0 0 0 0
14,1,T14_0786,10,4,0 0 0 0 1 0 0 0 1 0 0 0 0 0 0 2 0 0 0 0
14,1,T14_0786,11,4,0 0 0 0 1 0 0 0 1 0 0 0 0 0 0 2 0 0 0 0
14,1,T14_0786,12,4,0 0 0 0 1 0 0 0 1 0 0 0 0 0 0 2 0 0 0 0
14,1,T14_0786,13,4,0 0 0 0 1 0 0 0 1 0 0 0 0 0 0 2 0 0 0 0
14,1,T14_0787,0,13,0 0 1 0 1 1 1 1 1 1 1 0 0 0 0 1 1 1 0 2
14,1,T14_0787,1,10,0 0 0 0 1 0 1 1 1 1 0 0 0 0 0 1 1 1 0 2
14,1,T14_0787,2,10,0 0 0 0 1 0 1 1 1 1 0 0 0 0 0 1 1 1 0 2
14,1,T14_0787,3,11,0 0 0 0 1 0 1 1 1 1 0 0 0 0 1 1 0 1 1 2
14,1,T14_0787,4,10,0 0 0 0 1 0 1 1 1 1 0 0 0 0 0 1 1 1 0 2
14,1,T14_0787,5,10,0 0 0 0 1 0 1 1 1 1 0 0 0 0 0 1 1 1 0 2
14,1,T14_0787,6,12,0 0 0 0 1 0 1 1 2 1 2 0 0 0 1 1 0 1 0 1
14,1,T14_0787,7,10,0 0 0 0 1 0 1 1 1 1 0 0 0 0 0 1 1 1 0 2
14,1,T14_0787,8,10,0 0 0 0 1 0 1 1 1 1 0 0 0 0 0 1 1 1 0 2
14,1,T14_0787,9,10,0 0 0 0 1 0 1 1 2 1 0 0 0 0 1 1 0 1 0 1
14,1,T14_0787,10,10,0 0 0 0 1 0 1 1 1 1 0 0 0 0 0 1 1 1 0 2
14,1,T14_0787,11,10,0 0 0 0 1 0 1 1 1 1 0 0 0 0 0 1 1 1 0 2
14,1,T14_0787,12,10,0 0 0 0 1 0 1 1 1 1 0 0 0 0 0 1 1 1 0 2
14,1,T14_0787,13,10,0 0 0 0 1 0 1 1 1 1 0 0 0 0 0 1 1 1 0 2
14,1,T14_0788,0,15,0 0 0 0 2 0 0 0 1 1 2 0 0 2 2 1 1 1 1 1
14,1,T14_0788,1,12,0 0 0 0 1 0 0 0 1 1 0 0 0 2 2 1 1 1 1 1
14,1,T14_0788,2,12,0 0 0 0 1 0 0 0 1 1 0 0 0 2 2 1 1 1 1 1
14,1,T14_0788,3,13,0 0 0 0 1 0 0 0 1 1 0 0 0 2 1 2 1 1 2 1
14,1,T14_0788,4,12,0 0 0 0 1 0 0 0 1 1 0 0 0 2 2 1 1 1 1 1
14,1,T14_0788,5,12,0 0 0 0 1 0 0 0 1 1 0 0 0 2 2 1 1 1 1 1
14,1,T14_0788,6,14,0 0 0 0 1 0 0 0 1 1 2 0 0 1 1 1 1 1 2 2
14,1,T14_0788,7,12,0 0 0 0 1 0 0 0 1 1 0 0 0 2 2 1 1 1 1 1
14,1,T14_0788,8,12,0 0 0 0 1 0 0 0 1 1 0 0 0 2 1 1 1 1 2 1
14,1,T14_0788,9,12,0 0 0 0 1 0 0 0 1 1 0 0 0 2 2 1 1 1 1 1
14,1,T14_0788,10,12,0 0 0 0 1 0 0 0 1 1 0 0 0 2 2 1 1 1 1 1
14,1,T14_0788,11,12,0 0 0 0 1 0 0 0 1 1 0 0 0 2 2 1 1 1 1 1
14,1,T14_0788,12,12,0 0 0 0 1 0 0 0 1 1 0 0 0 2 2 1 1 1 1 1
14,1,T14_0788,13,12,0 0 0 0 1 0 0 0 1 1 0 0 0 2 2 1 1 1 1 1
14,1,T14_0789,0,10,0 0 0 0 2 0 0 0 1 1 2 0 0 0 1 1 0 0 1 1
14,1,T14_0789,1,7,0 0 0 0 1 0 0 0 1 1 0 0 0 0 1 1 0 0 1 1
14,1,T14_0789,2,7,0 0 0 0 1 0 0 0 1 1 0 0 0 0 1 1 0 0 1 1
14,1,T14_0789,3,7,0 0 0 0 1 0 0 0 1 1 0 0 0 0 1 1 0 0 1 1
14,1,T14_0789,4,7,0 0 0 0 1 0 0 0 1 1 0 0 0 0 1 1 0 0 1 1
14,1,T14_0789,5,7,0 0 0 0 1 0 0 0 1 1 0 0 0 0 1 1 0 0 1 1
14,1,T14_0789,6,9,0 0 0 0 1 0 0 0 1 1 2 0 0 0 1 1 0 0 1 1
14,1,T14_0789,7,7,0 0 0 0 1 0 0 0 1 1 0 0 0 0 1 1 0 0 1 1
14,1,T14_0789,8,7,0 0 0 0 1 0 0 0 1 1 0 0 0 0 1 1 0 0 1 1
14,1,T14_0789,9,7,0 0 0 0 1 0 0 0 1 1 0 0 0 0 1 1 0 0 1 1
14,1,T14_0789,10,7,0 0 0 0 1 0 0 0 1 1 0 0 0 0 1 1 0 0 1 1
14,1,T14_0789,11,7,0 0 0 0 1 0 0 0 1 1 0 0 0 0 1 1 0 0 1 1
14,1,T14_0789,12,7,0 0 0 0 1 0 0 0 1 1 0 0 0 0 1 1 0 0 1 1
14,1,T14_0789,13,7,0 0 0 0 1 0 0 0 1 1 0 0 0 0 1 1 0 0 1 1
14,1,T14_0790,0,5,0 0 0 0 2 0 0 0 0 0 0 0 1 0 0 2 0 0 0 0
14,1,T14_0790,1,4,0 0 0 0 1 0 0 0 0 0 0 0 1 0 0 2 0 0 0 0
14,1,T14_0790,2,4,0 0 0 0 1 0 0 0 0 0 0 0 1 0 0 2 0 0 0 0
14,1,T14_0790,3,4,0 0 0 0 1 0 0 0 0 0 0 0 1 0 0 2 0 0 0 0
14,1,T14_0790,4,4,0 0 0 0 1 0 0 0 0 0 0 0 1 0 0 2 0 0 0 0
14,1,T14_0790,5,4,0 0 0 0 1 0 0 0 0 0 0 0 1 0 0 2 0 0 0 0
14,1,T14_0790,6,4,0 0 0 0 1 0 0 0 0 0 0 0 1 0 0 2 0 0 0 0
14,1,T14_0790,7,4,0 0 0 0 1 0 0 0 0 0 0 0 1 0 0 2 0 0 0 0
14,1,T14_0790,8,4,0 0 0 0 1 0 0 0 0 0 0 0 1 0 0 2 0 0 0 0
14,1,T14_0790,9,4,0 0 0 0 1 0 0 0 0 0 0 0 1 0 0 2 0 0 0 0
14,1,T14_0790,10,4,0 0 0 0 1 0 0 0 0 0 0 0 1 0 0 2 0 0 0 0
14,1,T14_0790,11,4,0 0 0 0 1 0 0 0 0 0 0 0 1 0 0 2 0 0 0 0
14,1,T14_0790,12,4,0 0 0 0 1 0 0 0 0 0 0 0 1 0 0 2 0 0 0 0
14,1,T14_0790,13,4,0 0 0 0 1 0 0 0 0 0 0 0 1 0 0 2 0 0 0 0
14,1,T14_0791,0,11,0 0 0 0 2 0 0 0 2 2 1 0 0 0 1 1 0 1 0 1
14,1,T14_0791,1,8,0 0 0 0 1 0 0 0 0 1 1 0 0 0 1 1 0 1 0 2
14,1,T14_0791,2,8,0 0 0 0 1 0 0 0 0 1 1 0 0 0 1 1 0 1 0 2
14,1,T14_0791,3,8,0 0 0 0 1 0 0 0 0 1 1 0 0 0 1 1 0 1 0 2
14,1,T14_0791,4,9,0 0 0 0 1 0 0 0 0 2 1 0 0 0 1 1 0 1 1 1
14,1,T14_0791,5,8,0 0 0 0 1 0 0 0 0 1 1 0 0 0 1 1 0 1 0 2
14,1,T14_0791,6,10,0 0 0 0 1 0 0 0 2 1 1 0 0 0 1 1 0 1 0 2
14,1,T14_0791,7,8,0 0 0 0 1 0 0 0 0 1 1 0 0 0 1 1 0 1 0 2
14,1,T14_0791,8,8,0 0 0 0 1 0 0 0 0 1 1 0 0 0 1 1 0 1 0 2
14,1,T14_0791,9,8,0 0 0 1 0 0 0 0 0 1 1 0 0 0 1 1 0 1 0 2
14,1,T14_0791,10,8,0 0 0 0 1 0 0 0 0 1 1 0 0 0 1 1 0 1 0 2
14,1,T14_0791,11,8,0 0 0 0 1 0 0 0 0 1 1 0 0 0 1 1 0 1 0 2
14,1,T14_0791,12,8,0 0 0 0 1 0 0 0 0 1 1 0 0 0 1 1 0 1 0 2
14,1,T14_0791,13,8,0 0 0 0 1 0 0 0 0 1 1 0 0 0 1 1 0 1 0 2
14,1,T14_0792,0,15,0 0 0 0 2 0 0 0 2 1 1 0 0 2 2 1 1 1 1 1
14,1,T14_0792,1,12,0 0 0 0 1 0 0 0 0 1 1 0 0 2 2 1 1 1 1 1
14,1,T14_0792,2,12,0 0 0 0 1 0 0 0 0 1 1 0 0 2 2 1 1 1 1 1
14,1,T14_0792,3,12,0 0 0 0 1 0 0 0 0 1 1 0 0 2 2 1 1 1 1 1
14,1,T14_0792,4,13,0 0 0 0 1 0 0 0 0 1 1 0 0 2 1 2 1 1 2 1
14,1,T14_0792,5,12,0 0 0 0 1 0 0 0 0 1 1 0 0 2 2 1 1 1 1 1
14,1,T14_0792,6,14,0 0 0 0 1 0 0 0 2 1 1 0 0 1 1 1 1 1 2 2
14,1,T14_0792,7,12,0 0 0 0 1 0 0 0 0 1 1 0 0 2 2 1 1 1 1 1
14,1,T14_0792,8,12,0 0 0 0 1 0 0 0 0 1 1 0 0 2 1 1 1 1 2 1
14,1,T14_0792,9,12,0 0 0 0 1 0 0 0 0 1 1 0 0 2 2 1 1 1 1 1
14,1,T14_0792,10,12,0 0 0 0 1 0 0 0 0 1 1 0 0 2 2 1 1 1 1 1
14,1,T14_0792,11,12,0 0 0 0 1 0 0 0 0 1 1 0 0 2 2 1 1 1 1 1
14,1,T14_0792,12,12,0 0 0 0 1 0 0 0 0 1 1 0 0 2 2 1 1 1 1 1
14,1,T14_0792,13,12,0 0 0 0 1 0 0 0 0 1 1 0 0 2 2 1 1 1 1 1
14,1,T14_0793,0,13,0 0 1 1 1 1 1 0 1 1 1 0 0 0 1 1 1 0 1 1
14,1,T14_0793,1,9,0 0 0 1 0 0 0 0 0 1 1 0 0 0 1 1 2 0 1 1
14,1,T14_0793,2,9,0 0 0 1 0 0 0 0 0 1 1 0 0 0 1 1 2 0 1 1
14,1,T14_0793,3,9,0 0 0 1 0 0 0 0 0 1 1 0 0 0 1 1 2 0 1 1
14,1,T14_0793,4,9,0 0 0 1 0 0 0 0 0 1 1 0 0 0 1 1 2 0 1 1
14,1,T14_0793,5,9,0 0 0 1 0 0 0 0 0 1 1 0 0 0 1 1 2 0 1 1
14,1,T14_0793,6,10,0 0 0 2 0 0 0 0 2 1 1 0 0 0 1 1 0 0 1 1
14,1,T14_0793,7,9,0 0 0 1 0 0 0 0 0 1 1 0 0 0 1 1 2 0 1 1
14,1,T14_0793,8,9,0 0 0 1 0 0 0 0 0 1 1 0 0 0 1 1 2 0 1 1
14,1,T14_0793,9,9,0 0 0 1 0 0 0 0 0 1 1 0 0 0 1 1 2 0 1 1
14,1,T14_0793,10,9,0 0 0 1 0 0 0 0 0 1 1 0 0 0 1 1 2 0 1 1
14,1,T14_0793,11,9,0 0 0 1 0 0 0 0 0 1 1 0 0 0 1 1 2 0 1 1
14,1,T14_0793,12,9,0 0 0 1 0 0 0 0 0 1 1 0 0 0 1 1 2 0 1 1
14,1,T14_0793,13,9,0 0 0 1 0 0 0 0 0 1 1 0 0 0 1 1 2 0 1 1
14,1,T14_0794,5,10,0 0 0 0 1 0 0 0 0 2 1 1 0 0 0 1 1 1 0 2
14,1,T14_0795,5,12,0 0 0 0 1 0 0 0 0 0 1 1 0 2 2 1 1 1 1 1
14,1,T14_0796,5,9,0 0 0 0 1 0 0 0 0 0 1 1 0 0 1 1 2 0 1 1
14,1,T14_0797,0,3,0 0 0 0 1 0 0 0 0 0 0 0 0 0 0 2 0 0 0 0
14,1,T14_0797,1,3,0 0 0 0 1 0 0 0 0 0 0 0 0 0 0 2 0 0 0 0
14,1,T14_0797,2,3,0 0 0 0 1 0 0 0 0 0 0 0 0 0 0 2 0 0 0 0
14,1,T14_0797,3,3,0 0 0 0 1 0 0 0 0 0 0 0 0 0 0 2 0 0 0 0
14,1,T14_0797,4,3,0 0 0 0 1 0 0 0 0 0 0 0 0 0 0 2 0 0 0 0
14,1,T14_0797,5,3,0 0 0 0 1 0 0 0 0 0 0 0 0 0 0 2 0 0 0 0
14,1,T14_0797,6,3,0 0 0 0 1 0 0 0 0 0 0 0 0 0 0 2 0 0 0 0
14,1,T14_0797,7,3,0 0 0 0 1 0 0 0 0 0 0 0 0 0 0 2 0 0 0 0
14,1,T14_0797,8,3,0 0 0 0 1 0 0 0 0 0 0 0 0 0 0 2 0 0 0 0
14,1,T14_0797,9,3,0 0 0 0 1 0 0 0 0 0 0 0 0 0 0 2 0 0 0 0
14,1,T14_0797,10,3,0 0 0 0 1 0 0 0 0 0 0 0 0 0 0 2 0 0 0 0
14,1,T14_0797,11,3,0 0 0 0 1 0 0 0 0 0 0 0 0 0 0 2 0 0 0 0
14,1,T14_0797,12,3,0 0 0 0 1 0 0 0 0 0 0 0 0 0 0 2 0 0 0 0
14,1,T14_0797,13,3,0 0 0 0 1 0 0 0 0 0 0 0 0 0 0 2 0 0 0 0
14,1,T14_0798,0,5,0 0 0 0 2 0 0 0 0 0 0 0 1 0 0 2 0 0 0 0
14,1,T14_0798,1,4,0 0 0 0 1 0 0 0 0 0 0 0 1 0 0 2 0 0 0 0
14,1,T14_0798,2,4,0 0 0 0 1 0 0 0 0 0 0 0 1 0 0 2 0 0 0 0
14,1,T14_0798,3,4,0 0 0 0 1 0 0 0 0 0 0 0 1 0 0 2 0 0 0 0
14,1,T14_0798,4,4,0 0 0 0 1 0 0 0 0 0 0 0 1 0 0 2 0 0 0 0
14,1,T14_0798,5,4,0 0 0 0 1 0 0 0 0 0 0 0 1 0 0 2 0 0 0 0
14,1,T14_0798,6,4,0 0 0 0 1 0 0 0 0 0 0 0 1 0 0 2 0 0 0 0
14,1,T14_0798,7,4,0 0 0 0 1 0 0 0 0 0 0 0 1 0 0 2 0 0 0 0
14,1,T14_0798,8,4,0 0 0 0 1 0 0 0 0 0 0 0 1 0 0 2 0 0 0 0
14,1,T14_0798,9,4,0 0 0 0 1 0 0 0 0 0 0 0 1 0 0 2 0 0 0 0
14,1,T14_0798,10,4,0 0 0 0 1 0 0 0 0 0 0 0 1 0 0 2 0 0 0 0
14,1,T14_0798,11,4,0 0 0 0 1 0 0 0 0 0 0 0 1 0 0 2 0 0 0 0
14,1,T14_0798,12,4,0 0 0 0 1 0 0 0 0 0 0 0 1 0 0 2 0 0 0 0
14,1,T14_0798,13,4,0 0 0 0 1 0 0 0 0 0 0 0 1 0 0 2 0 0 0 0
14,1,T14_0799,0,3,0 0 0 0 1 0 0 0 0 0 0 0 0 0 0 2 0 0 0 0
14,1,T14_0799,1,3,0 0 0 0 1 0 0 0 0 0 0 0 0 0 0 2 0 0 0 0
14,1,T14_0799,2,3,0 0 0 0 1 0 0 0 0 0 0 0 0 0 0 2 0 0 0 0
14,1,T14_0799,3,3,0 0 0 0 1 0 0 0 0 0 0 0 0 0 0 2 0 0 0 0
14,1,T14_0799,4,3,0 0 0 0 1 0 0 0 0 0 0 0 0 0 0 2 0 0 0 0
14,1,T14_0799,5,3,0 0 0 0 1 0 0 0 0 0 0 0 0 0 0 2 0 0 0 0
14,1,T14_0799,6,3,0 0 0 0 1 0 0 0 0 0 0 0 0 0 0 2 0 0 0 0
14,1,T14_0799,7,3,0 0 0 0 1 0 0 0 0 0 0 0 0 0 0 2 0 0 0 0
14,1,T14_0799,8,3,0 0 0 0 1 0 0 0 0 0 0 0 0 0 0 2 0 0 0 0
14,1,T14_0799,9,3,0 0 0 0 1 0 0 0 0 0 0 0 0 0 0 2 0 0 0 0
14,1,T14_0799,10,3,0 0 0 0 1 0 0 0 0 0 0 0 0 0 0 2 0 0 0 0
14,1,T14_0799,11,3,0 0 0 0 1 0 0 0 0 0 0 0 0 0 0 2 0 0 0 0
14,1,T14_0799,12,3,0 0 0 0 1 0 0 0 0 0 0 0 0 0 0 2 0 0 0 0
14,1,T14_0799,13,3,0 0 0 0 1 0 0 0 0 0 0 0 0 0 0 2 0 0 0 0
14,1,T14_0800,6,10,0 0 0 0 1 0 0 0 0 0 0 2 2 0 1 0 0 2 0 2
14,1,T14_0801,6,12,0 0 0 0 1 0 0 0 0 0 0 1 1 2 2 1 1 1 1 1
14,1,T14_0802,6,7,0 0 0 0 1 0 0 0 0 0 0 1 1 0 1 1 0 0 1 1
14,1,T14_0803,1,0,0 0 0 0 0 0 0 0 0 0 0 0 0 0 0 0 0 0 0 0
14,1,T14_0804,0,9,0 0 2 1 1 0 0 0 0 0 0 0 0 0 0 1 1 1 0 2
14,1,T14_0805,0,11,0 0 0 1 1 0 0 0 0 0 0 0 0 2 2 1 1 1 1 1
14,1,T14_0806,0,8,0 0 0 1 1 0 0 0 0 0 0 0 0 0 1 1 2 0 1 1
14,1,T14_0807,0,2,0 0 0 0 0 0 0 0 0 0 0 0 0 0 0 2 0 0 0 0
14,1,T14_0807,1,2,0 0 0 0 0 0 0 0 0 0 0 0 0 0 0 2 0 0 0 0
14,1,T14_0807,2,2,0 0 0 0 0 0 0 0 0 0 0 0 0 0 0 2 0 0 0 0
14,1,T14_0807,3,2,0 0 0 0 0 0 0 0 0 0 0 0 0 0 0 2 0 0 0 0
14,1,T14_0807,4,2,0 0 0 0 0 0 0 0 0 0 0 0 0 0 0 2 0 0 0 0
14,1,T14_0807,5,2,0 0 0 0 0 0 0 0 0 0 0 0 0 0 0 2 0 0 0 0
14,1,T14_0807,6,2,0 0 0 0 0 0 0 0 0 0 0 0 0 0 0 2 0 0 0 0
14,1,T14_0807,7,2,0 0 0 0 0 0 0 0 0 0 0 0 0 0 0 2 0 0 0 0
14,1,T14_0807,8,2,0 0 0 0 0 0 0 0 0 0 0 0 0 0 0 2 0 0 0 0
14,1,T14_0807,9,2,0 0 0 0 0 0 0 0 0 0 0 0 0 0 0 2 0 0 0 0
14,1,T14_0807,10,2,0 0 0 0 0 0 0 0 0 0 0 0 0 0 0 2 0 0 0 0
14,1,T14_0807,11,2,0 0 0 0 0 0 0 0 0 0 0 0 0 0 0 2 0 0 0 0
14,1,T14_0807,12,2,0 0 0 0 0 0 0 0 0 0 0 0 0 0 0 2 0 0 0 0
14,1,T14_0807,13,2,0 0 0 0 0 0 0 0 0 0 0 0 0 0 0 2 0 0 0 0
14,1,T14_0811,1,5,0 0 0 0 0 0 0 1 0 0 2 0 0 0 0 2 0 0 0 0
14,1,T14_0812,1,5,0 0 0 0 0 0 0 1 0 0 2 0 0 0 0 2 0 0 0 0
14,1,T14_0813,0,11,0 0 0 1 0 0 1 1 1 0 2 0 0 0 0 1 1 1 0 2
14,1,T14_0813,1,13,0 2 0 1 0 0 1 2 1 0 2 0 0 0 0 1 1 1 0 1
14,1,T14_0813,2,12,0 0 0 1 0 0 1 1 1 0 2 0 0 0 1 1 0 1 1 2
14,1,T14_0813,3,11,0 0 0 1 0 0 1 1 1 0 2 0 0 0 0 1 1 1 0 2
14,1,T14_0813,4,11,0 0 0 1 0 0 1 1 1 0 2 0 0 0 0 1 1 1 0 2
14,1,T14_0813,5,11,0 0 0 1 0 0 1 1 1 0 2 0 0 0 1 1 0 1 0 2
14,1,T14_0813,6,11,0 0 0 1 0 0 1 1 1 0 2 0 0 0 0 1 1 1 0 2
14,1,T14_0813,7,11,0 0 0 1 0 0 1 1 1 0 2 0 0 0 0 1 1 1 0 2
14,1,T14_0813,8,11,0 0 0 1 0 0 1 1 1 0 2 0 0 0 0 1 1 1 0 2
14,1,T14_0813,9,11,0 0 0 1 0 0 1 2 1 0 2 0 0 0 1 1 0 1 0 1
14,1,T14_0813,10,11,0 0 0 1 0 0 1 1 1 0 2 0 0 0 0 1 1 1 0 2
14,1,T14_0813,11,11,0 0 0 1 0 0 1 1 1 0 2 0 0 0 0 1 1 1 0 2
14,1,T14_0813,12,11,0 0 0 1 0 0 1 1 1 0 2 0 0 0 0 1 1 1 0 2
14,1,T14_0813,13,11,0 0 0 1 0 0 1 1 1 0 2 0 0 0 0 1 1 1 0 2
14,1,T14_0814,0,13,0 0 0 0 0 0 0 1 1 0 2 0 0 2 2 1 1 1 1 1
14,1,T14_0814,1,15,0 2 0 0 0 0 0 1 1 0 2 0 0 1 1 1 1 1 2 2
14,1,T14_0814,2,14,0 0 0 0 0 0 0 1 1 0 2 0 0 2 1 2 1 1 2 1
14,1,T14_0814,3,13,0 0 0 0 0 0 0 1 1 0 2 0 0 2 2 1 1 1 1 1
14,1,T14_0814,4,13,0 0 0 0 0 0 0 1 1 0 2 0 0 2 2 1 1 1 1 1
14,1,T14_0814,5,13,0 0 0 0 0 0 0 1 1 0 2 0 0 1 1 1 1 1 2 2
14,1,T14_0814,6,13,0 0 0 0 0 0 0 1 1 0 2 0 0 2 2 1 1 1 1 1
14,1,T14_0814,7,13,0 0 0 0 0 0 0 1 1 0 2 0 0 2 2 1 1 1 1 1
14,1,T14_0814,8,13,0 0 0 0 0 0 0 1 1 0 2 0 0 2 1 1 1 1 2 1
14,1,T14_0814,9,13,0 0 0 0 0 0 0 1 1 0 2 0 0 2 2 1 1 1 1 1
14,1,T14_0814,10,13,0 0 0 0 0 0 0 1 1 0 2 0 0 2 2 1 1 1 1 1
14,1,T14_0814,11,13,0 0 0 0 0 0 0 1 1 0 2 0 0 2 2 1 1 1 1 1
14,1,T14_0814,12,13,0 0 0 0 0 0 0 1 1 0 2 0 0 2 2 1 1 1 1 1
14,1,T14_0814,13,13,0 0 0 0 0 0 0 1 1 0 2 0 0 2 2 1 1 1 1 1
14,1,T14_0815,0,8,0 0 0 0 0 0 0 1 1 0 2 0 0 0 1 1 0 0 1 1
14,1,T14_0815,1,10,0 2 0 0 0 0 0 1 1 0 2 0 0 0 1 1 0 0 1 1
14,1,T14_0815,2,8,0 0 0 0 0 0 0 1 1 0 2 0 0 0 1 1 0 0 1 1
14,1,T14_0815,3,8,0 0 0 0 0 0 0 1 1 0 2 0 0 0 1 1 0 0 1 1
14,1,T14_0815,4,8,0 0 0 0 0 0 0 1 1 0 2 0 0 0 1 1 0 0 1 1
14,1,T14_0815,5,8,0 0 0 0 0 0 0 1 1 0 2 0 0 0 1 1 0 0 1 1
14,1,T14_0815,6,8,0 0 0 0 0 0 0 1 1 0 2 0 0 0 1 1 0 0 1 1
14,1,T14_0815,7,8,0 0 0 0 0 0 0 1 1 0 2 0 0 0 1 1 0 0 1 1
14,1,T14_0815,8,8,0 0 0 0 0 0 0 1 1 0 2 0 0 0 1 1 0 0 1 1
14,1,T14_0815,9,8,0 0 0 0 0 0 0 1 1 0 2 0 0 0 1 1 0 0 1 1
14,1,T14_0815,10,8,0 0 0 0 0 0 0 1 1 0 2 0 0 0 1 1 0 0 1 1
14,1,T14_0815,11,8,0 0 0 0 0 0 0 1 1 0 2 0 0 0 1 1 0 0 1 1
14,1,T14_0815,12,8,0 0 0 0 0 0 0 1 1 0 2 0 0 0 1 1 0 0 1 1
14,1,T14_0815,13,8,0 0 0 0 0 0 0 1 1 0 2 0 0 0 1 1 0 0 1 1
14,1,T14_0816,0,5,0 0 0 0 0 0 0 0 0 2 0 0 1 0 0 2 0 0 0 0
14,1,T14_0816,1,7,0 0 0 0 0 0 0 0 0 2 2 0 1 0 0 2 0 0 0 0
14,1,T14_0816,2,5,0 0 0 0 0 0 0 0 0 2 0 0 1 0 0 2 0 0 0 0
14,1,T14_0816,3,5,0 0 0 0 0 0 0 0 0 2 0 0 1 0 0 2 0 0 0 0
14,1,T14_0816,4,5,0 0 0 0 0 0 0 0 0 2 0 0 1 0 0 2 0 0 0 0
14,1,T14_0816,5,5,0 0 0 0 0 0 0 0 0 2 0 0 1 0 0 2 0 0 0 0
14,1,T14_0816,6,5,0 0 0 0 0 0 0 0 0 2 0 0 1 0 0 2 0 0 0 0
14,1,T14_0816,7,5,0 0 0 0 0 0 0 0 0 2 0 0 1 0 0 2 0 0 0 0
14,1,T14_0816,8,5,0 0 0 0 0 0 0 0 0 2 0 0 1 0 0 2 0 0 0 0
14,1,T14_0816,9,5,0 0 0 0 0 0 0 0 0 2 0 0 1 0 0 2 0 0 0 0
14,1,T14_0816,10,5,0 0 0 0 0 0 0 0 0 2 0 0 1 0 0 2 0 0 0 0
14,1,T14_0816,11,5,0 0 0 0 0 0 0 0 0 2 0 0 1 0 0 2 0 0 0 0
14,1,T14_0816,12,5,0 0 0 0 0 0 0 0 0 2 0 0 1 0 0 2 0 0 0 0
14,1,T14_0816,13,5,0 0 0 0 0 0 0 0 0 2 0 0 1 0 0 2 0 0 0 0
14,1,T14_0817,3,10,0 0 0 0 0 0 0 0 2 1 2 1 0 0 1 1 0 1 0 1
14,1,T14_0818,3,13,0 0 0 0 0 0 0 0 2 0 1 1 0 2 2 1 1 1 1 1
14,1,T14_0819,3,8,0 0 0 0 0 0 0 0 2 0 1 1 0 0 1 1 0 0 1 1
14,1,T14_0820,0,5,0 0 0 0 0 0 0 0 2 0 1 0 0 0 0 2 0 0 0 0
14,1,T14_0820,1,7,0 0 0 0 0 0 2 0 2 0 1 0 0 0 0 2 0 0 0 0
14,1,T14_0820,2,5,0 0 0 0 0 0 0 0 2 0 1 0 0 0 0 2 0 0 0 0
14,1,T14_0820,3,5,0 0 0 0 0 0 0 0 2 0 1 0 0 0 0 2 0 0 0 0
14,1,T14_0820,4,5,0 0 0 0 0 0 0 0 2 0 1 0 0 0 0 2 0 0 0 0
14,1,T14_0820,5,5,0 0 0 0 0 0 0 0 2 0 1 0 0 0 0 2 0 0 0 0
14,1,T14_0820,6,5,0 0 0 0 0 0 0 0 2 0 1 0 0 0 0 2 0 0 0 0
14,1,T14_0820,7,5,0 0 0 0 0 0 0 0 2 0 1 0 0 0 0 2 0 0 0 0
14,1,T14_0820,8,5,0 0 0 0 0 0 0 0 2 0 1 0 0 0 0 2 0 0 0 0
14,1,T14_0820,9,5,0 0 0 0 0 0 0 0 2 0 1 0 0 0 0 2 0 0 0 0
14,1,T14_0820,10,5,0 0 0 0 0 0 0 0 2 0 1 0 0 0 0 2 0 0 0 0
14,1,T14_0820,11,5,0 0 0 0 0 0 0 0 2 0 1 0 0 0 0 2 0 0 0 0
14,1,T14_0820,12,5,0 0 0 0 0 0 0 0 2 0 1 0 0 0 0 2 0 0 0 0
14,1,T14_0820,13,5,0 0 0 0 0 0 0 0 2 0 1 0 0 0 0 2 0 0 0 0
14,1,T14_0821,0,9,0 0 0 0 0 0 0 0 2 0 2 1 0 0 1 1 0 1 0 1
14,1,T14_0821,1,11,0 2 0 0 0 0 0 0 2 0 2 1 0 0 1 1 0 1 0 1
14,1,T14_0821,2,9,0 0 0 0 0 0 0 0 2 0 2 1 0 0 1 1 0 1 0 1
14,1,T14_0821,3,9,0 0 0 0 0 0 0 0 2 0 2 1 0 0 1 1 0 1 0 1
14,1,T14_0821,4,10,0 0 0 0 0 0 0 0 2 0 2 1 0 0 1 1 0 1 1 1
14,1,T14_0821,5,9,0 0 0 0 0 0 0 0 2 0 1 1 0 0 1 1 0 1 0 2
14,1,T14_0821,6,9,0 0 0 0 0 0 0 0 2 0 2 1 0 0 1 1 0 1 0 1
14,1,T14_0821,7,9,0 0 0 0 0 0 0 0 2 0 2 1 0 0 1 1 0 1 0 1
14,1,T14_0821,8,9,0 0 0 0 0 0 0 0 2 0 2 1 0 0 1 1 0 1 0 1
14,1,T14_0821,9,10,0 0 0 0 0 0 0 0 2 0 2 2 0 0 1 1 0 1 0 1
14,1,T14_0821,10,9,0 0 0 0 0 0 0 0 2 0 2 1 0 0 1 1 0 1 0 1
14,1,T14_0821,11,9,0 0 0 0 0 0 0 0 2 0 2 1 0 0 1 1 0 1 0 1
14,1,T14_0821,12,9,0 0 0 0 0 0 0 0 2 0 2 1 0 0 1 1 0 1 0 1
14,1,T14_0821,13,9,0 0 0 0 0 0 0 0 2 0 2 1 0 0 1 1 0 1 0 1
14,1,T14_0822,0,13,0 0 0 0 0 0 0 0 2 0 1 1 0 2 2 1 1 1 1 1
14,1,T14_0822,1,15,0 2 0 0 0 0 0 0 2 0 1 1 0 1 2 1 1 1 1 2
14,1,T14_0822,2,13,0 0 0 0 0 0 0 0 2 0 1 1 0 2 2 1 1 1 1 1
14,1,T14_0822,3,13,0 0 0 0 0 0 0 0 2 0 1 1 0 2 2 1 1 1 1 1
14,1,T14_0822,4,14,0 0 0 0 0 0 0 0 2 0 1 1 0 2 1 2 1 1 2 1
14,1,T14_0822,5,13,0 0 0 0 0 0 0 0 2 0 1 1 0 1 1 1 1 1 2 2
14,1,T14_0822,6,13,0 0 0 0 0 0 0 0 2 0 1 1 0 2 2 1 1 1 1 1
14,1,T14_0822,7,13,0 0 0 0 0 0 0 0 2 0 1 1 0 2 2 1 1 1 1 1
14,1,T14_0822,8,13,0 0 0 0 0 0 0 0 2 0 1 1 0 2 1 1 1 1 2 1
14,1,T14_0822,9,13,0 0 0 0 0 0 0 0 2 0 1 1 0 2 2 1 1 1 1 1
14,1,T14_0822,10,13,0 0 0 0 0 0 0 0 2 0 1 1 0 2 2 1 1 1 1 1
14,1,T14_0822,11,13,0 0 0 0 0 0 0 0 2 0 1 1 0 2 2 1 1 1 1 1
14,1,T14_0822,12,13,0 0 0 0 0 0 0 0 2 0 1 1 0 2 2 1 1 1 1 1
14,1,T14_0822,13,13,0 0 0 0 0 0 0 0 2 0 1 1 0 2 2 1 1 1 1 1
14,1,T14_0823,0,11,1 0 0 0 2 0 0 0 0 0 1 1 0 0 1 1 2 0 1 1
14,1,T14_0823,1,13,1 2 0 0 0 0 0 0 2 0 1 1 0 0 1 1 2 0 1 1
14,1,T14_0823,2,11,1 0 0 0 0 0 0 0 2 0 1 1 0 0 1 1 2 0 1 1
14,1,T14_0823,3,11,1 0 0 0 0 0 0 0 2 0 1 1 0 0 1 1 2 0 1 1
14,1,T14_0823,4,11,1 0 0 0 0 0 0 0 2 0 1 1 0 0 1 1 2 0 1 1
14,1,T14_0823,5,11,1 0 0 0 0 0 0 0 2 0 1 1 0 0 1 1 2 0 1 1
14,1,T14_0823,6,11,1 0 0 0 0 0 0 0 2 0 1 1 0 0 1 1 2 0 1 1
14,1,T14_0823,7,11,1 0 0 0 0 0 0 0 2 0 1 1 0 0 1 1 2 0 1 1
14,1,T14_0823,8,11,1 0 0 0 0 0 0 0 2 0 1 1 0 0 1 1 2 0 1 1
14,1,T14_0823,9,11,1 0 0 0 0 0 0 0 2 0 1 1 0 0 1 1 2 0 1 1
14,1,T14_0823,10,11,1 0 0 0 0 0 0 0 2 0 1 1 0 0 1 1 2 0 1 1
14,1,T14_0823,11,11,1 0 0 0 0 0 0 0 2 0 1 1 0 0 1 1 2 0 1 1
14,1,T14_0823,12,11,1 0 0 0 0 0 0 0 2 0 1 1 0 0 1 1 2 0 1 1
14,1,T14_0823,13,11,1 0 0 0 0 0 0 0 2 0 1 1 0 0 1 1 2 0 1 1
14,1,T14_0824,0,2,0 0 0 0 0 0 0 0 0 0 0 0 0 0 0 2 0 0 0 0
14,1,T14_0824,1,2,0 0 0 0 0 0 0 0 0 0 0 0 0 0 0 2 0 0 0 0
14,1,T14_0824,2,2,0 0 0 0 0 0 0 0 0 0 0 0 0 0 0 2 0 0 0 0
14,1,T14_0824,3,2,0 0 0 0 0 0 0 0 0 0 0 0 0 0 0 2 0 0 0 0
14,1,T14_0824,4,2,0 0 0 0 0 0 0 0 0 0 0 0 0 0 0 2 0 0 0 0
14,1,T14_0824,5,2,0 0 0 0 0 0 0 0 0 0 0 0 0 0 0 2 0 0 0 0
14,1,T14_0824,6,2,0 0 0 0 0 0 0 0 0 0 0 0 0 0 0 2 0 0 0 0
14,1,T14_0824,7,2,0 0 0 0 0 0 0 0 0 0 0 0 0 0 0 2 0 0 0 0
14,1,T14_0824,8,2,0 0 0 0 0 0 0 0 0 0 0 0 0 0 0 2 0 0 0 0
14,1,T14_0824,9,2,0 0 0 0 0 0 0 0 0 0 0 0 0 0 0 2 0 0 0 0
14,1,T14_0824,10,2,0 0 0 0 0 0 0 0 0 0 0 0 0 0 0 2 0 0 0 0
14,1,T14_0824,11,2,0 0 0 0 0 0 0 0 0 0 0 0 0 0 0 2 0 0 0 0
14,1,T14_0824,12,2,0 0 0 0 0 0 0 0 0 0 0 0 0 0 0 2 0 0 0 0
14,1,T14_0824,13,2,0 0 0 0 0 0 0 0 0 0 0 0 0 0 0 2 0 0 0 0
14,1,T14_0825,5,8,0 0 1 0 0 0 0 0 0 0 0 2 1 0 1 1 0 1 0 1
14,1,T14_0826,5,11,0 0 0 0 0 0 0 0 0 0 0 1 1 2 2 1 1 1 1 1
14,1,T14_0827,5,6,0 0 0 0 0 0 0 0 0 0 0 1 1 0 1 1 0 0 1 1
14,1,T14_0831,1,4,0 0 0 0 0 0 0 1 1 1 0 1 0 0 0 0 0 0 0 0
14,1,T14_0832,1,3,0 0 0 0 1 0 0 0 0 0 0 0 0 0 0 0 2 0 0 0
14,1,T14_0833,0,7,0 0 0 0 2 0 0 0 0 2 0 1 0 0 0 0 0 0 2 0
14,1,T14_0833,1,4,0 0 0 0 1 0 0 0 0 0 0 1 0 0 0 0 0 0 2 0
14,1,T14_0833,2,4,0 0 0 0 1 0 0 0 0 0 0 1 0 0 0 0 0 0 2 0
14,1,T14_0833,3,4,0 0 0 0 1 0 0 0 0 0 0 1 0 0 0 0 0 0 2 0
14,1,T14_0833,4,4,0 0 0 0 1 0 0 0 0 0 0 1 0 0 0 0 0 0 2 0
14,1,T14_0833,5,4,0 0 0 0 1 0 0 0 0 0 0 1 0 0 0 0 0 0 2 0
14,1,T14_0833,6,6,0 0 0 0 1 0 0 0 0 2 0 1 0 0 0 0 0 0 2 0
14,1,T14_0833,7,5,0 0 0 0 1 0 2 0 0 0 0 0 0 0 0 0 0 0 2 0
14,1,T14_0833,8,4,0 0 0 0 1 0 0 0 0 0 0 1 0 0 0 0 0 0 2 0
14,1,T14_0833,9,4,0 0 0 0 1 0 0 0 0 0 0 1 0 0 0 0 0 0 2 0
14,1,T14_0833,10,4,0 0 0 0 1 0 0 0 0 0 0 1 0 0 0 0 0 0 2 0
14,1,T14_0833,11,4,0 0 0 0 1 0 0 0 0 0 0 1 0 0 0 0 0 0 2 0
14,1,T14_0833,12,4,0 0 0 0 1 0 0 0 0 0 0 1 0 0 0 0 0 0 2 0
14,1,T14_0833,13,4,0 0 0 0 1 0 0 0 0 0 0 1 0 0 0 0 0 0 2 0
14,1,T14_0834,3,4,0 0 0 0 1 0 0 0 0 0 0 0 0 0 0 0 0 1 1 1
14,1,T14_0835,0,5,0 0 0 0 2 0 0 0 0 0 0 0 0 1 0 0 2 0 0 0
14,1,T14_0835,1,4,0 0 0 0 1 0 0 0 0 0 0 0 0 1 0 0 2 0 0 0
14,1,T14_0835,2,4,0 0 0 0 1 0 0 0 0 0 0 0 0 1 0 0 2 0 0 0
14,1,T14_0835,3,5,0 0 0 0 1 0 0 0 0 0 0 0 0 2 0 0 2 0 0 0
14,1,T14_0835,4,4,0 0 0 0 1 0 0 0 0 0 0 0 0 1 0 0 2 0 0 0
14,1,T14_0835,5,4,0 0 0 0 1 0 0 0 0 0 0 0 0 1 0 0 2 0 0 0
14,1,T14_0835,6,4,0 0 0 0 1 0 0 0 0 0 0 0 0 1 0 0 2 0 0 0
14,1,T14_0835,7,4,0 0 0 0 1 0 0 0 0 0 0 0 0 1 0 0 2 0 0 0
14,1,T14_0835,8,4,0 0 0 0 1 0 0 0 0 0 0 0 0 1 0 0 2 0 0 0
14,1,T14_0835,9,4,0 0 0 0 1 0 0 0 0 0 0 0 0 1 0 0 2 0 0 0
14,1,T14_0835,10,4,0 0 0 0 1 0 0 0 0 0 0 0 0 1 0 0 2 0 0 0
14,1,T14_0835,11,4,0 0 0 0 1 0 0 0 0 0 0 0 0 1 0 0 2 0 0 0
14,1,T14_0835,12,4,0 0 0 0 1 0 0 0 0 0 0 0 0 1 0 0 2 0 0 0
14,1,T14_0835,13,4,0 0 0 0 1 0 0 0 0 0 0 0 0 1 0 0 2 0 0 0
14,1,T14_0836,6,3,0 0 0 0 1 0 0 0 0 0 0 0 0 0 0 0 0 0 2 0
14,1,T14_0837,5,3,0 0 0 0 1 0 0 0 0 0 0 0 0 0 0 0 2 0 0 0
14,1,T14_0838,6,3,0 0 0 0 1 0 0 0 0 0 0 0 0 0 0 0 0 0 2 0
14,1,T14_0841,0,2,0 0 0 0 0 0 0 0 0 0 0 0 0 0 0 0 2 0 0 0
14,1,T14_0842,5,2,0 0 0 0 0 0 0 0 0 0 0 0 0 0 0 0 0 0 2 0
14,1,T14_0845,1,5,0 0 0 0 0 0 0 1 0 0 0 2 0 0 0 0 0 0 2 0
14,1,T14_0846,2,5,0 0 0 0 0 0 0 0 0 0 0 2 0 0 0 0 0 1 1 1
14,1,T14_0847,0,5,0 0 0 0 0 0 0 0 0 0 2 0 0 1 0 0 2 0 0 0
14,1,T14_0847,1,7,0 0 0 0 0 0 0 0 0 0 2 2 0 1 0 0 2 0 0 0
14,1,T14_0847,2,6,0 0 0 0 0 0 0 0 0 0 2 0 0 2 0 0 2 0 0 0
14,1,T14_0847,3,5,0 0 0 0 0 0 0 0 0 0 2 0 0 1 0 0 2 0 0 0
14,1,T14_0847,4,5,0 0 0 0 0 0 0 0 0 0 2 0 0 1 0 0 2 0 0 0
14,1,T14_0847,5,5,0 0 0 0 0 0 0 0 0 0 2 0 0 1 0 0 2 0 0 0
14,1,T14_0847,6,5,0 0 0 0 0 0 0 0 0 0 2 0 0 1 0 0 2 0 0 0
14,1,T14_0847,7,5,0 0 0 0 0 0 0 0 0 0 2 0 0 1 0 0 2 0 0 0
14,1,T14_0847,8,5,0 0 0 0 0 0 0 0 0 0 2 0 0 1 0 0 2 0 0 0
14,1,T14_0847,9,5,0 0 0 0 0 0 0 0 0 0 2 0 0 1 0 0 2 0 0 0
14,1,T14_0847,10,5,0 0 0 0 0 0 0 0 0 0 2 0 0 1 0 0 2 0 0 0
14,1,T14_0847,11,5,0 0 0 0 0 0 0 0 0 0 2 0 0 1 0 0 2 0 0 0
14,1,T14_0847,12,5,0 0 0 0 0 0 0 0 0 0 2 0 0 1 0 0 2 0 0 0
14,1,T14_0847,13,5,0 0 0 0 0 0 0 0 0 0 2 0 0 1 0 0 2 0 0 0
14,1,T14_0848,6,4,0 0 0 0 0 0 0 0 0 2 0 0 0 0 0 0 0 0 2 0
14,1,T14_0850,4,6,1 0 0 0 0 0 0 0 2 0 0 0 0 0 0 0 1 1 1 0
15,0,T15_0020,-1,0,0 0 0 0 0 0 0 0 0 0 0 0 0 0 0 0 0 0 0 0 0 0
15,0,T15_0048,-1,0,0 0 0 0 0 0 0 0 0 0 0 0 0 0 0 0 0 0 0 0 0 0
15,0,T15_0055,-1,0,0 0 0 0 0 0 0 0 0 0 0 0 0 0 0 0 0 0 0 0 0 0
15,0,T15_0070,-1,0,0 0 0 0 0 0 0 0 0 0 0 0 0 0 0 0 0 0 0 0 0 0
15,0,T15_0100,-1,2,0 0 0 0 1 0 0 0 0 0 0 0 0 0 0 0 0 1 0 0 0 0
15,0,T15_0102,-1,2,0 0 0 0 1 0 0 0 0 0 0 0 0 0 0 0 0 1 0 0 0 0
15,0,T15_0119,-1,3,0 0 0 0 0 0 0 0 0 0 2 0 0 0 0 0 0 1 0 0 0 0
15,0,T15_0127,-1,3,0 0 0 0 0 0 0 0 2 0 0 0 0 0 0 0 0 1 0 0 0 0
15,0,T15_0136,-1,3,0 0 0 0 1 0 0 0 0 0 0 0 0 0 0 0 0 0 0 0 2 0
15,0,T15_0155,-1,4,0 0 0 0 0 0 0 0 0 0 2 0 0 0 0 0 0 0 0 0 2 0
15,0,T15_0160,-1,4,0 0 0 0 0 0 0 0 2 0 0 0 0 0 0 0 0 0 0 0 2 0
15,0,T15_0163,-1,2,0 0 0 0 1 0 0 0 0 0 0 0 0 0 0 0 1 0 0 0 0 0
15,0,T15_0164,-1,3,0 0 0 0 1 0 0 0 0 0 0 0 0 0 0 0 0 0 0 0 2 0
15,0,T15_0167,-1,4,0 0 0 0 0 0 0 0 0 0 2 0 0 0 0 0 0 0 0 0 2 0
15,1,T15_0009,0,0,0 0 0 0 0 0 0 0 0 0 0 0 0 0 0 0 0 0 0 0 0 0
15,1,T15_0016,0,0,0 0 0 0 0 0 0 0 0 0 0 0 0 0 0 0 0 0 0 0 0 0
15,1,T15_0018,0,0,0 0 0 0 0 0 0 0 0 0 0 0 0 0 0 0 0 0 0 0 0 0
15,1,T15_0019,1,1,0 0 0 0 0 0 0 0 0 0 0 0 0 0 0 0 0 0 0 0 0 1
15,1,T15_0020,0,2,0 0 0 0 2 0 0 0 0 0 0 0 0 0 0 0 0 0 0 0 0 0
15,1,T15_0020,1,0,0 0 0 0 0 0 0 0 0 0 0 0 0 0 0 0 0 0 0 0 0 0
15,1,T15_0020,2,0,0 0 0 0 0 0 0 0 0 0 0 0 0 0 0 0 0 0 0 0 0 0
15,1,T15_0020,3,0,0 0 0 0 0 0 0 0 0 0 0 0 0 0 0 0 0 0 0 0 0 0
15,1,T15_0020,4,2,0 0 0 0 0 0 0 0 0 0 0 0 0 0 0 0 2 0 0 0 0 0
15,1,T15_0020,5,0,0 0 0 0 0 0 0 0 0 0 0 0 0 0 0 0 0 0 0 0 0 0
15,1,T15_0020,6,0,0 0 0 0 0 0 0 0 0 0 0 0 0 0 0 0 0 0 0 0 0 0
15,1,T15_0020,7,0,0 0 0 0 0 0 0 0 0 0 0 0 0 0 0 0 0 0 0 0 0 0
15,1,T15_0020,8,0,0 0 0 0 0 0 0 0 0 0 0 0 0 0 0 0 0 0 0 0 0 0
15,1,T15_0020,9,0,0 0 0 0 0 0 0 0 0 0 0 0 0 0 0 0 0 0 0 0 0 0
15,1,T15_0020,10,0,0 0 0 0 0 0 0 0 0 0 0 0 0 0 0 0 0 0 0 0 0 0
15,1,T15_0020,11,0,0 0 0 0 0 0 0 0 0 0 0 0 0 0 0 0 0 0 0 0 0 0
15,1,T15_0020,12,0,0 0 0 0 0 0 0 0 0 0 0 0 0 0 0 0 0 0 0 0 0 0
15,1,T15_0020,13,0,0 0 0 0 0 0 0 0 0 0 0 0 0 0 0 0 0 0 0 0 0 0
15,1,T15_0020,14,0,0 0 0 0 0 0 0 0 0 0 0 0 0 0 0 0 0 0 0 0 0 0
15,1,T15_0022,6,1,0 0 0 0 0 0 0 0 0 0 0 0 0 0 0 0 0 0 0 0 0 1
15,1,T15_0027,0,0,0 0 0 0 0 0 0 0 0 0 0 0 0 0 0 0 0 0 0 0 0 0
15,1,T15_0033,0,0,0 0 0 0 0 0 0 0 0 0 0 0 0 0 0 0 0 0 0 0 0 0
15,1,T15_0047,1,0,0 0 0 0 0 0 0 0 0 0 0 0 0 0 0 0 0 0 0 0 0 0
15,1,T15_0048,0,0,0 0 0 0 0 0 0 0 0 0 0 0 0 0 0 0 0 0 0 0 0 0
15,1,T15_0048,1,2,0 0 0 0 0 0 0 0 0 0 0 2 0 0 0 0 0 0 0 0 0 0
15,1,T15_0048,2,0,0 0 0 0 0 0 0 0 0 0 0 0 0 0 0 0 0 0 0 0 0 0
15,1,T15_0048,3,0,0 0 0 0 0 0 0 0 0 0 0 0 0 0 0 0 0 0 0 0 0 0
15,1,T15_0048,4,2,0 0 0 0 0 0 0 0 0 0 0 0 0 0 0 0 2 0 0 0 0 0
15,1,T15_0048,5,0,0 0 0 0 0 0 0 0 0 0 0 0 0 0 0 0 0 0 0 0 0 0
15,1,T15_0048,6,0,0 0 0 0 0 0 0 0 0 0 0 0 0 0 0 0 0 0 0 0 0 0
15,1,T15_0048,7,0,0 0 0 0 0 0 0 0 0 0 0 0 0 0 0 0 0 0 0 0 0 0
15,1,T15_0048,8,0,0 0 0 0 0 0 0 0 0 0 0 0 0 0 0 0 0 0 0 0 0 0
15,1,T15_0048,9,0,0 0 0 0 0 0 0 0 0 0 0 0 0 0 0 0 0 0 0 0 0 0
15,1,T15_0048,10,0,0 0 0 0 0 0 0 0 0 0 0 0 0 0 0 0 0 0 0 0 0 0
15,1,T15_0048,11,0,0 0 0 0 0 0 0 0 0 0 0 0 0 0 0 0 0 0 0 0 0 0
15,1,T15_0048,12,0,0 0 0 0 0 0 0 0 0 0 0 0 0 0 0 0 0 0 0 0 0 0
15,1,T15_0048,13,0,0 0 0 0 0 0 0 0 0 0 0 0 0 0 0 0 0 0 0 0 0 0
15,1,T15_0048,14,0,0 0 0 0 0 0 0 0 0 0 0 0 0 0 0 0 0 0 0 0 0 0
15,1,T15_0049,3,0,0 0 0 0 0 0 0 0 0 0 0 0 0 0 0 0 0 0 0 0 0 0
15,1,T15_0051,4,0,0 0 0 0 0 0 0 0 0 0 0 0 0 0 0 0 0 0 0 0 0 0
15,1,T15_0052,5,1,0 0 0 0 0 0 0 0 0 0 0 0 0 0 0 0 0 0 0 0 0 1
15,1,T15_0053,8,1,0 0 0 0 0 0 0 0 0 0 0 0 0 0 0 0 0 0 0 0 0 1
15,1,T15_0054,10,1,0 0 0 0 0 0 0 0 0 0 0 0 0 0 0 0 0 0 0 0 0 1
15,1,T15_0055,0,0,0 0 0 0 0 0 0 0 0 0 0 0 0 0 0 0 0 0 0 0 0 0
15,1,T15_0055,1,2,0 0 0 0 0 0 0 0 0 2 0 0 0 0 0 0 0 0 0 0 0 0
15,1,T15_0055,2,0,0 0 0 0 0 0 0 0 0 0 0 0 0 0 0 0 0 0 0 0 0 0
15,1,T15_0055,3,0,0 0 0 0 0 0 0 0 0 0 0 0 0 0 0 0 0 0 0 0 0 0
15,1,T15_0055,4,2,0 0 0 0 0 0 0 0 0 0 0 0 0 0 2 0 0 0 0 0 0 0
15,1,T15_0055,5,0,0 0 0 0 0 0 0 0 0 0 0 0 0 0 0 0 0 0 0 0 0 0
15,1,T15_0055,6,0,0 0 0 0 0 0 0 0 0 0 0 0 0 0 0 0 0 0 0 0 0 0
15,1,T15_0055,7,0,0 0 0 0 0 0 0 0 0 0 0 0 0 0 0 0 0 0 0 0 0 0
15,1,T15_0055,8,0,0 0 0 0 0 0 0 0 0 0 0 0 0 0 0 0 0 0 0 0 0 0
15,1,T15_0055,9,0,0 0 0 0 0 0 0 0 0 0 0 0 0 0 0 0 0 0 0 0 0 0
15,1,T15_0055,10,0,0 0 0 0 0 0 0 0 0 0 0 0 0 0 0 0 0 0 0 0 0 0
15,1,T15_0055,11,0,0 0 0 0 0 0 0 0 0 0 0 0 0 0 0 0 0 0 0 0 0 0
15,1,T15_0055,12,0,0 0 0 0 0 0 0 0 0 0 0 0 0 0 0 0 0 0 0 0 0 0
15,1,T15_0055,13,0,0 0 0 0 0 0 0 0 0 0 0 0 0 0 0 0 0 0 0 0 0 0
15,1,T15_0055,14,0,0 0 0 0 0 0 0 0 0 0 0 0 0 0 0 0 0 0 0 0 0 0
15,1,T15_0059,1,0,0 0 0 0 0 0 0 0 0 0 0 0 0 0 0 0 0 0 0 0 0 0
15,1,T15_0066,1,0,0 0 0 0 0 0 0 0 0 0 0 0 0 0 0 0 0 0 0 0 0 0
15,1,T15_0069,1,0,0 0 0 0 0 0 0 0 0 0 0 0 0 0 0 0 0 0 0 0 0 0
15,1,T15_0070,0,0,0 0 0 0 0 0 0 0 0 0 0 0 0 0 0 0 0 0 0 0 0 0
15,1,T15_0070,1,2,0 0 0 0 0 0 0 0 0 0 0 2 0 0 0 0 0 0 0 0 0 0
15,1,T15_0070,2,0,0 0 0 0 0 0 0 0 0 0 0 0 0 0 0 0 0 0 0 0 0 0
15,1,T15_0070,3,0,0 0 0 0 0 0 0 0 0 0 0 0 0 0 0 0 0 0 0 0 0 0
15,1,T15_0070,4,2,0 0 0 0 0 0 0 0 0 0 0 0 0 0 0 0 0 0 0 2 0 0
15,1,T15_0070,5,0,0 0 0 0 0 0 0 0 0 0 0 0 0 0 0 0 0 0 0 0 0 0
15,1,T15_0070,6,0,0 0 0 0 0 0 0 0 0 0 0 0 0 0 0 0 0 0 0 0 0 0
15,1,T15_0070,7,0,0 0 0 0 0 0 0 0 0 0 0 0 0 0 0 0 0 0 0 0 0 0
15,1,T15_0070,8,0,0 0 0 0 0 0 0 0 0 0 0 0 0 0 0 0 0 0 0 0 0 0
15,1,T15_0070,9,0,0 0 0 0 0 0 0 0 0 0 0 0 0 0 0 0 0 0 0 0 0 0
15,1,T15_0070,10,0,0 0 0 0 0 0 0 0 0 0 0 0 0 0 0 0 0 0 0 0 0 0
15,1,T15_0070,11,0,0 0 0 0 0 0 0 0 0 0 0 0 0 0 0 0 0 0 0 0 0 0
15,1,T15_0070,12,0,0 0 0 0 0 0 0 0 0 0 0 0 0 0 0 0 0 0 0 0 0 0
15,1,T15_0070,13,0,0 0 0 0 0 0 0 0 0 0 0 0 0 0 0 0 0 0 0 0 0 0
15,1,T15_0070,14,0,0 0 0 0 0 0 0 0 0 0 0 0 0 0 0 0 0 0 0 0 0 0
15,1,T15_0071,3,0,0 0 0 0 0 0 0 0 0 0 0 0 0 0 0 0 0 0 0 0 0 0
15,1,T15_0072,5,1,0 0 0 0 0 0 0 0 0 0 0 0 0 0 0 0 0 0 0 0 0 1
15,1,T15_0077,0,0,0 0 0 0 0 0 0 0 0 0 0 0 0 0 0 0 0 0 0 0 0 0
15,1,T15_0081,0,0,0 0 0 0 0 0 0 0 0 0 0 0 0 0 0 0 0 0 0 0 0 0
15,1,T15_0096,1,2,0 0 0 0 1 0 0 0 0 0 0 0 0 1 0 0 0 0 0 0 0 0
15,1,T15_0098,3,2,0 0 0 0 1 0 0 0 0 0 0 0 0 0 0 1 0 0 0 0 0 0
15,1,T15_0099,3,2,0 0 0 0 1 0 0 0 0 0 0 0 0 0 0 0 0 1 0 0 0 0
15,1,T15_0100,0,5,0 0 0 0 2 0 0 0 0 0 2 0 0 0 0 0 0 1 0 0 0 0
15,1,T15_0100,1,2,0 0 0 0 1 0 0 0 0 0 0 0 0 0 0 0 0 1 0 0 0 0
15,1,T15_0100,2,2,0 0 0 0 1 0 0 0 0 0 0 0 0 0 0 0 0 1 0 0 0 0
15,1,T15_0100,3,2,0 0 0 0 1 0 0 0 0 0 0 0 0 0 0 0 0 1 0 0 0 0
15,1,T15_0100,4,2,0 0 0 0 1 0 0 0 0 0 0 0 0 0 0 0 0 1 0 0 0 0
15,1,T15_0100,5,2,0 0 0 0 1 0 0 0 0 0 0 0 0 0 0 0 0 1 0 0 0 0
15,1,T15_0100,6,4,0 0 0 0 1 0 0 0 0 0 2 0 0 0 0 0 0 1 0 0 0 0
15,1,T15_0100,7,2,0 0 0 0 1 0 0 0 0 0 0 0 0 0 0 0 0 1 0 0 0 0
15,1,T15_0100,8,5,0 0 0 0 1 0 0 0 0 2 0 0 0 0 0 0 0 2 0 0 0 0
15,1,T15_0100,9,2,0 0 0 0 1 0 0 0 0 0 0 0 0 0 0 0 0 1 0 0 0 0
15,1,T15_0100,10,2,0 0 0 0 1 0 0 0 0 0 0 0 0 0 0 0 0 1 0 0 0 0
15,1,T15_0100,11,2,0 0 0 0 1 0 0 0 0 0 0 0 0 0 0 0 0 1 0 0 0 0
15,1,T15_0100,12,4,0 0 0 0 1 0 0 0 0 2 0 0 0 0 0 0 0 1 0 0 0 0
15,1,T15_0100,13,2,0 0 0 0 1 0 0 0 0 0 0 0 0 0 0 0 0 1 0 0 0 0
15,1,T15_0100,14,2,0 0 0 0 1 0 0 0 0 0 0 0 0 0 0 0 0 1 0 0 0 0
15,1,T15_0101,4,2,0 0 0 0 1 0 0 0 0 0 0 0 0 0 0 0 0 1 0 0 0 0
15,1,T15_0102,0,5,0 0 0 0 2 0 0 0 2 0 0 0 0 0 0 0 0 1 0 0 0 0
15,1,T15_0102,1,2,0 0 0 0 1 0 0 0 0 0 0 0 0 0 0 0 0 1 0 0 0 0
15,1,T15_0102,2,2,0 0 0 0 1 0 0 0 0 0 0 0 0 0 0 0 0 1 0 0 0 0
15,1,T15_0102,3,2,0 0 0 0 1 0 0 0 0 0 0 0 0 0 0 0 0 1 0 0 0 0
15,1,T15_0102,4,2,0 0 0 0 1 0 0 0 0 0 0 0 0 0 0 0 0 1 0 0 0 0
15,1,T15_0102,5,2,0 0 0 0 1 0 0 0 0 0 0 0 0 0 0 0 0 1 0 0 0 0
15,1,T15_0102,6,4,0 0 0 0 1 0 0 0 2 0 0 0 0 0 0 0 0 1 0 0 0 0
15,1,T15_0102,7,2,0 0 0 0 1 0 0 0 0 0 0 0 0 0 0 0 0 1 0 0 0 0
15,1,T15_0102,8,5,0 0 0 0 1 0 0 0 0 0 2 0 0 0 0 0 0 2 0 0 0 0
15,1,T15_0102,9,2,0 0 0 0 1 0 0 0 0 0 0 0 0 0 0 0 0 1 0 0 0 0
15,1,T15_0102,10,2,0 0 0 0 1 0 0 0 0 0 0 0 0 0 0 0 0 1 0 0 0 0
15,1,T15_0102,11,2,0 0 0 0 1 0 0 0 0 0 0 0 0 0 0 0 0 1 0 0 0 0
15,1,T15_0102,12,4,0 0 0 0 1 0 0 0 0 0 2 0 0 0 0 0 0 1 0 0 0 0
15,1,T15_0102,13,2,0 0 0 0 1 0 0 0 0 0 0 0 0 0 0 0 0 1 0 0 0 0
15,1,T15_0102,14,2,0 0 0 0 1 0 0 0 0 0 0 0 0 0 0 0 0 1 0 0 0 0
15,1,T15_0107,6,2,0 0 0 0 1 0 0 0 0 0 0 0 0 1 0 0 0 0 0 0 0 0
15,1,T15_0111,0,1,0 0 0 0 0 0 0 0 0 0 0 0 0 0 0 0 0 1 0 0 0 0
15,1,T15_0117,2,3,0 0 0 0 0 0 0 0 0 0 0 2 0 0 0 1 0 0 0 0 0 0
15,1,T15_0118,2,3,0 0 0 0 0 0 0 0 0 0 0 2 0 0 0 0 0 1 0 0 0 0
15,1,T15_0119,0,3,0 0 0 0 0 0 0 0 0 0 2 0 0 0 0 0 0 1 0 0 0 0
15,1,T15_0119,1,5,0 2 0 0 0 0 0 0 0 0 2 0 0 0 0 0 0 1 0 0 0 0
15,1,T15_0119,2,3,0 0 0 0 0 0 0 0 0 0 2 0 0 0 0 0 0 1 0 0 0 0
15,1,T15_0119,3,3,0 0 0 0 0 0 0 0 0 0 2 0 0 0 0 0 0 1 0 0 0 0
15,1,T15_0119,4,3,0 0 0 0 0 0 0 0 0 0 2 0 0 0 0 0 0 1 0 0 0 0
15,1,T15_0119,5,3,0 0 0 0 0 0 0 0 0 0 2 0 0 0 0 0 0 1 0 0 0 0
15,1,T15_0119,6,3,0 0 0 0 0 0 0 0 0 0 2 0 0 0 0 0 0 1 0 0 0 0
15,1,T15_0119,7,3,0 0 0 0 0 0 0 0 0 0 2 0 0 0 0 0 0 1 0 0 0 0
15,1,T15_0119,8,6,0 0 0 0 0 0 0 0 2 0 2 0 0 0 0 0 0 2 0 0 0 0
15,1,T15_0119,9,3,0 0 0 0 0 0 0 0 0 0 2 0 0 0 0 0 0 1 0 0 0 0
15,1,T15_0119,10,3,0 0 0 0 0 0 0 0 0 0 2 0 0 0 0 0 0 1 0 0 0 0
15,1,T15_0119,11,3,0 0 0 0 0 0 0 0 0 0 2 0 0 0 0 0 0 1 0 0 0 0
15,1,T15_0119,12,5,0 0 0 0 0 0 0 0 2 0 2 0 0 0 0 0 0 1 0 0 0 0
15,1,T15_0119,13,3,0 0 0 0 0 0 0 0 0 0 2 0 0 0 0 0 0 1 0 0 0 0
15,1,T15_0119,14,3,0 0 0 0 0 0 0 0 0 0 2 0 0 0 0 0 0 1 0 0 0 0
15,1,T15_0123,3,3,0 0 0 0 0 0 0 0 2 0 0 0 0 0 0 0 0 1 0 0 0 0
15,1,T15_0125,4,4,0 0 0 0 0 0 0 0 2 0 0 0 0 0 0 1 0 0 0 1 0 0
15,1,T15_0126,4,3,0 0 0 0 0 0 0 0 2 0 0 0 0 0 0 0 0 1 0 0 0 0
15,1,T15_0127,0,3,0 0 0 0 0 0 0 0 2 0 0 0 0 0 0 0 0 1 0 0 0 0
15,1,T15_0127,1,5,0 2 0 0 0 0 0 0 2 0 0 0 0 0 0 0 0 1 0 0 0 0
15,1,T15_0127,2,3,0 0 0 0 0 0 0 0 2 0 0 0 0 0 0 0 0 1 0 0 0 0
15,1,T15_0127,3,3,0 0 0 0 0 0 0 0 2 0 0 0 0 0 0 0 0 1 0 0 0 0
15,1,T15_0127,4,3,0 0 0 0 0 0 0 0 2 0 0 0 0 0 0 0 0 1 0 0 0 0
15,1,T15_0127,5,3,0 0 0 0 0 0 0 0 2 0 0 0 0 0 0 0 0 1 0 0 0 0
15,1,T15_0127,6,3,0 0 0 0 0 0 0 0 2 0 0 0 0 0 0 0 0 1 0 0 0 0
15,1,T15_0127,7,3,0 0 0 0 0 0 0 0 2 0 0 0 0 0 0 0 0 1 0 0 0 0
15,1,T15_0127,8,6,0 0 0 0 0 0 0 0 2 0 0 2 0 0 0 0 0 2 0 0 0 0
15,1,T15_0127,9,3,0 0 0 0 0 0 0 0 2 0 0 0 0 0 0 0 0 1 0 0 0 0
15,1,T15_0127,10,3,0 0 0 0 0 0 0 0 2 0 0 0 0 0 0 0 0 1 0 0 0 0
15,1,T15_0127,11,3,0 0 0 0 0 0 0 0 2 0 0 0 0 0 0 0 0 1 0 0 0 0
15,1,T15_0127,12,5,0 0 0 0 0 0 0 0 2 0 0 2 0 0 0 0 0 1 0 0 0 0
15,1,T15_0127,13,3,0 0 0 0 0 0 0 0 2 0 0 0 0 0 0 0 0 1 0 0 0 0
15,1,T15_0127,14,3,0 0 0 0 0 0 0 0 2 0 0 0 0 0 0 0 0 1 0 0 0 0
15,1,T15_0131,5,1,0 0 0 0 0 0 0 0 0 0 0 0 0 1 0 0 0 0 0 0 0 0
15,1,T15_0132,3,1,0 0 0 0 1 0 0 0 0 0 0 0 0 0 0 0 0 0 0 0 0 0
15,1,T15_0133,3,3,0 0 0 0 1 0 0 0 0 0 0 0 0 0 0 0 0 0 0 0 0 2
15,1,T15_0134,3,1,0 0 0 0 1 0 0 0 0 0 0 0 0 0 0 0 0 0 0 0 0 0
15,1,T15_0136,0,6,0 0 0 0 2 0 0 0 0 0 2 0 0 0 0 0 0 0 0 0 2 0
15,1,T15_0136,1,3,0 0 0 0 1 0 0 0 0 0 0 0 0 0 0 0 0 0 0 0 2 0
15,1,T15_0136,2,3,0 0 0 0 1 0 0 0 0 0 0 0 0 0 0 0 0 0 0 0 2 0
15,1,T15_0136,3,3,0 0 0 0 1 0 0 0 0 0 0 0 0 0 0 0 0 0 0 0 2 0
15,1,T15_0136,4,3,0 0 0 0 1 0 0 0 0 0 0 0 0 0 0 0 0 0 0 0 2 0
15,1,T15_0136,5,3,0 0 0 0 1 0 0 0 0 0 0 0 0 0 0 0 0 0 0 0 2 0
15,1,T15_0136,6,5,0 0 0 0 1 0 0 0 0 0 2 0 0 0 0 0 0 0 0 0 2 0
15,1,T15_0136,7,3,0 0 0 0 1 0 0 0 0 0 0 0 0 0 0 0 0 0 0 0 2 0
15,1,T15_0136,8,3,0 0 0 0 1 0 0 0 0 0 0 0 0 0 0 0 0 0 0 0 2 0
15,1,T15_0136,9,5,0 0 0 0 1 0 0 0 2 0 0 0 0 0 0 0 0 0 0 0 2 0
15,1,T15_0136,10,3,0 0 0 0 1 0 0 0 0 0 0 0 0 0 0 0 0 0 0 0 2 0
15,1,T15_0136,11,3,0 0 0 0 1 0 0 0 0 0 0 0 0 0 0 0 0 0 0 0 2 0
15,1,T15_0136,12,3,0 0 0 0 1 0 0 0 0 0 0 0 0 0 0 0 0 0 0 0 2 0
15,1,T15_0136,13,3,0 0 0 0 1 0 0 0 0 0 0 0 0 0 0 0 0 0 0 0 2 0
15,1,T15_0136,14,3,0 0 0 0 1 0 0 0 0 0 0 0 0 0 0 0 0 0 0 0 2 0
15,1,T15_0141,6,3,0 0 0 0 1 0 0 0 0 0 0 0 0 0 0 0 0 0 0 0 2 0
15,1,T15_0146,0,2,0 0 0 0 0 0 0 0 0 0 0 0 0 0 0 0 0 0 0 0 2 0
15,1,T15_0151,2,2,0 0 0 0 0 0 0 0 0 0 0 2 0 0 0 0 0 0 0 0 0 0
15,1,T15_0152,2,4,0 0 0 0 0 0 0 0 0 0 0 2 0 0 0 0 0 0 0 0 0 2
15,1,T15_0153,2,2,0 0 0 0 0 0 0 0 0 0 0 2 0 0 0 0 0 0 0 0 0 0
15,1,T15_0155,0,4,0 0 0 0 0 0 0 0 0 0 2 0 0 0 0 0 0 0 0 0 2 0
15,1,T15_0155,1,6,0 2 0 0 0 0 0 0 0 0 2 0 0 0 0 0 0 0 0 0 2 0
15,1,T15_0155,2,4,0 0 0 0 0 0 0 0 0 0 2 0 0 0 0 0 0 0 0 0 2 0
15,1,T15_0155,3,4,0 0 0 0 0 0 0 0 0 0 2 0 0 0 0 0 0 0 0 0 2 0
15,1,T15_0155,4,4,0 0 0 0 0 0 0 0 0 0 2 0 0 0 0 0 0 0 0 0 2 0
15,1,T15_0155,5,4,0 0 0 0 0 0 0 0 0 0 2 0 0 0 0 0 0 0 0 0 2 0
15,1,T15_0155,6,4,0 0 0 0 0 0 0 0 0 0 2 0 0 0 0 0 0 0 0 0 2 0
15,1,T15_0155,7,4,0 0 0 0 0 0 0 0 0 0 2 0 0 0 0 0 0 0 0 0 2 0
15,1,T15_0155,8,4,0 0 0 0 0 0 0 0 0 0 2 0 0 0 0 0 0 0 0 0 2 0
15,1,T15_0155,9,6,0 0 0 0 0 0 0 2 0 0 2 0 0 0 0 0 0 0 0 0 2 0
15,1,T15_0155,10,4,0 0 0 0 0 0 0 0 0 0 2 0 0 0 0 0 0 0 0 0 2 0
15,1,T15_0155,11,4,0 0 0 0 0 0 0 0 0 0 2 0 0 0 0 0 0 0 0 0 2 0
15,1,T15_0155,12,4,0 0 0 0 0 0 0 0 0 0 2 0 0 0 0 0 0 0 0 0 2 0
15,1,T15_0155,13,4,0 0 0 0 0 0 0 0 0 0 2 0 0 0 0 0 0 0 0 0 2 0
15,1,T15_0155,14,4,0 0 0 0 0 0 0 0 0 0 2 0 0 0 0 0 0 0 0 0 2 0
15,1,T15_0158,3,4,0 0 0 0 0 0 0 0 2 0 0 0 0 0 0 0 0 0 0 0 2 0
15,1,T15_0159,4,3,1 0 0 0 0 0 0 0 2 0 0 0 0 0 0 0 0 0 0 0 0 0
15,1,T15_0160,0,4,0 0 0 0 0 0 0 0 2 0 0 0 0 0 0 0 0 0 0 0 2 0
15,1,T15_0160,1,6,0 2 0 0 0 0 0 0 2 0 0 0 0 0 0 0 0 0 0 0 2 0
15,1,T15_0160,2,4,0 0 0 0 0 0 0 0 2 0 0 0 0 0 0 0 0 0 0 0 2 0
15,1,T15_0160,3,4,0 0 0 0 0 0 0 0 2 0 0 0 0 0 0 0 0 0 0 0 2 0
15,1,T15_0160,4,4,0 0 0 0 0 0 0 0 2 0 0 0 0 0 0 0 0 0 0 0 2 0
15,1,T15_0160,5,4,0 0 0 0 0 0 0 0 2 0 0 0 0 0 0 0 0 0 0 0 2 0
15,1,T15_0160,6,4,0 0 0 0 0 0 0 0 2 0 0 0 0 0 0 0 0 0 0 0 2 0
15,1,T15_0160,7,4,0 0 0 0 0 0 0 0 2 0 0 0 0 0 0 0 0 0 0 0 2 0
15,1,T15_0160,8,4,0 0 0 0 0 0 0 0 2 0 0 0 0 0 0 0 0 0 0 0 2 0
15,1,T15_0160,9,6,0 0 0 0 0 0 0 0 2 0 2 0 0 0 0 0 0 0 0 0 2 0
15,1,T15_0160,10,4,0 0 0 0 0 0 0 0 2 0 0 0 0 0 0 0 0 0 0 0 2 0
15,1,T15_0160,11,4,0 0 0 0 0 0 0 0 2 0 0 0 0 0 0 0 0 0 0 0 2 0
15,1,T15_0160,12,4,0 0 0 0 0 0 0 0 2 0 0 0 0 0 0 0 0 0 0 0 2 0
15,1,T15_0160,13,4,0 0 0 0 0 0 0 0 2 0 0 0 0 0 0 0 0 0 0 0 2 0
15,1,T15_0160,14,4,0 0 0 0 0 0 0 0 2 0 0 0 0 0 0 0 0 0 0 0 2 0
15,1,T15_0162,3,2,0 0 0 0 1 0 0 0 0 0 0 0 0 0 0 0 0 0 0 0 1 0
15,1,T15_0163,0,5,0 0 0 0 2 0 0 0 0 0 2 0 0 0 0 0 1 0 0 0 0 0
15,1,T15_0163,1,2,0 0 0 0 1 0 0 0 0 0 0 0 0 0 0 0 1 0 0 0 0 0
15,1,T15_0163,2,2,0 0 0 0 1 0 0 0 0 0 0 0 0 0 0 0 1 0 0 0 0 0
15,1,T15_0163,3,2,0 0 0 0 1 0 0 0 0 0 0 0 0 0 0 0 1 0 0 0 0 0
15,1,T15_0163,4,2,0 0 0 0 1 0 0 0 0 0 0 0 0 0 0 0 1 0 0 0 0 0
15,1,T15_0163,5,2,0 0 0 0 1 0 0 0 0 0 0 0 0 0 0 0 1 0 0 0 0 0
15,1,T15_0163,6,4,0 0 0 0 1 0 0 0 0 0 2 0 0 0 0 0 1 0 0 0 0 0
15,1,T15_0163,7,2,0 0 0 0 1 0 0 0 0 0 0 0 0 0 0 0 1 0 0 0 0 0
15,1,T15_0163,8,2,0 0 0 0 1 0 0 0 0 0 0 0 0 0 0 0 1 0 0 0 0 0
15,1,T15_0163,9,5,0 0 0 0 1 0 0 0 0 0 0 0 0 0 2 0 0 0 0 0 0 2
15,1,T15_0163,10,2,0 0 0 0 1 0 0 0 0 0 0 0 0 0 0 0 1 0 0 0 0 0
15,1,T15_0163,11,4,0 0 0 0 1 0 0 0 0 0 0 0 0 0 0 0 1 0 0 0 0 2
15,1,T15_0163,12,2,0 0 0 0 1 0 0 0 0 0 0 0 0 0 0 0 1 0 0 0 0 0
15,1,T15_0163,13,2,0 0 0 0 1 0 0 0 0 0 0 0 0 0 0 0 1 0 0 0 0 0
15,1,T15_0163,14,2,0 0 0 0 1 0 0 0 0 0 0 0 0 0 0 0 1 0 0 0 0 0
15,1,T15_0164,0,6,0 0 0 0 2 0 0 0 0 0 2 0 0 0 0 0 0 0 0 0 2 0
15,1,T15_0164,1,3,0 0 0 0 1 0 0 0 0 0 0 0 0 0 0 0 0 0 0 0 2 0
15,1,T15_0164,2,3,0 0 0 0 1 0 0 0 0 0 0 0 0 0 0 0 0 0 0 0 2 0
15,1,T15_0164,3,3,0 0 0 0 1 0 0 0 0 0 0 0 0 0 0 0 0 0 0 0 2 0
15,1,T15_0164,4,3,0 0 0 0 1 0 0 0 0 0 0 0 0 0 0 0 0 0 0 0 2 0
15,1,T15_0164,5,3,0 0 0 0 1 0 0 0 0 0 0 0 0 0 0 0 0 0 0 0 2 0
15,1,T15_0164,6,5,0 0 0 0 1 0 0 0 0 0 2 0 0 0 0 0 0 0 0 0 2 0
15,1,T15_0164,7,3,0 0 0 0 1 0 0 0 0 0 0 0 0 0 0 0 0 0 0 0 2 0
15,1,T15_0164,8,3,0 0 0 0 1 0 0 0 0 0 0 0 0 0 0 0 0 0 0 0 2 0
15,1,T15_0164,9,3,0 0 0 0 1 0 0 0 0 0 0 0 0 0 2 0 0 0 0 0 0 0
15,1,T15_0164,10,3,0 0 0 0 1 0 0 0 0 0 0 0 0 0 0 0 0 0 0 0 2 0
15,1,T15_0164,11,5,0 0 0 0 1 0 0 0 0 0 0 0 0 0 2 0 0 0 0 0 0 2
15,1,T15_0164,12,3,0 0 0 0 1 0 0 0 0 0 0 0 0 0 0 0 0 0 0 0 2 0
15,1,T15_0164,13,3,0 0 0 0 1 0 0 0 0 0 0 0 0 0 0 0 0 0 0 0 2 0
15,1,T15_0164,14,3,0 0 0 0 1 0 0 0 0 0 0 0 0 0 0 0 0 0 0 0 2 0
15,1,T15_0166,6,3,0 0 0 0 1 0 0 0 0 0 0 0 0 0 0 0 0 0 0 0 2 0
15,1,T15_0167,0,4,0 0 0 0 0 0 0 0 0 0 2 0 0 0 0 0 0 0 0 0 2 0
15,1,T15_0167,1,6,0 2 0 0 0 0 0 0 0 0 2 0 0 0 0 0 0 0 0 0 2 0
15,1,T15_0167,2,4,0 0 0 0 0 0 0 0 0 0 2 0 0 0 0 0 0 0 0 0 2 0
15,1,T15_0167,3,4,0 0 0 0 0 0 0 0 0 0 2 0 0 0 0 0 0 0 0 0 2 0
15,1,T15_0167,4,4,0 0 0 0 0 0 0 0 0 0 2 0 0 0 0 0 0 0 0 0 2 0
15,1,T15_0167,5,4,0 0 0 0 0 0 0 0 0 0 2 0 0 0 0 0 0 0 0 0 2 0
15,1,T15_0167,6,4,0 0 0 0 0 0 0 0 0 0 2 0 0 0 0 0 0 0 0 0 2 0
15,1,T15_0167,7,4,0 0 0 0 0 0 0 0 0 0 2 0 0 0 0 0 0 0 0 0 2 0
15,1,T15_0167,8,4,0 0 0 0 0 0 0 0 0 0 2 0 0 0 0 0 0 0 0 0 2 0
15,1,T15_0167,9,4,0 0 0 0 0 0 0 0 0 0 2 0 0 0 2 0 0 0 0 0 0 0
15,1,T15_0167,10,4,0 0 0 0 0 0 0 0 0 0 2 0 0 0 0 0 0 0 0 0 2 0
15,1,T15_0167,11,6,0 0 0 0 0 0 0 0 0 0 2 0 0 0 2 0 0 0 0 0 0 2
15,1,T15_0167,12,4,0 0 0 0 0 0 0 0 0 0 2 0 0 0 0 0 0 0 0 0 2 0
15,1,T15_0167,13,4,0 0 0 0 0 0 0 0 0 0 2 0 0 0 0 0 0 0 0 0 2 0
15,1,T15_0167,14,4,0 0 0 0 0 0 0 0 0 0 2 0 0 0 0 0 0 0 0 0 2 0
