ENDPOINT_CASES_V1
CASE 14 0 T14_0015 -1
EDGES 0,1 0,2 0,4 0,5 1,2 1,7 1,13 2,3 3,6 4,5 4,8 4,9 5,6 5,10 6,7 8,9 8,11 9,12 10,11 10,12
ENDCASE
CASE 14 0 T14_0016 -1
EDGES 0,1 0,2 0,4 0,5 1,2 1,7 2,3 3,6 3,13 4,5 4,8 4,9 5,6 5,10 6,7 8,9 8,11 9,12 10,11 10,12
ENDCASE
CASE 14 0 T14_0018 -1
EDGES 0,1 0,2 0,4 0,5 1,2 1,7 2,3 3,6 4,5 4,8 4,9 5,6 5,10 6,7 6,13 8,9 8,11 9,12 10,11 10,12
ENDCASE
CASE 14 0 T14_0039 -1
EDGES 0,1 0,4 0,5 0,10 1,2 1,4 1,7 2,6 2,13 3,5 3,6 3,7 4,8 4,9 5,6 8,9 8,11 9,12 10,11 10,12
ENDCASE
CASE 14 0 T14_0040 -1
EDGES 0,1 0,4 0,5 0,10 1,2 1,4 1,7 2,6 3,5 3,6 3,7 3,13 4,8 4,9 5,6 8,9 8,11 9,12 10,11 10,12
ENDCASE
CASE 14 0 T14_0042 -1
EDGES 0,1 0,4 0,5 0,10 1,2 1,4 1,7 2,6 3,5 3,6 3,7 4,8 4,9 5,6 5,13 8,9 8,11 9,12 10,11 10,12
ENDCASE
CASE 14 0 T14_0043 -1
EDGES 0,1 0,4 0,5 0,10 1,2 1,4 1,7 2,6 3,5 3,6 3,7 4,8 4,9 5,6 8,9 8,11 8,13 9,12 10,11 10,12
ENDCASE
CASE 14 0 T14_0044 -1
EDGES 0,1 0,4 0,5 0,10 1,2 1,4 1,7 2,6 3,5 3,6 3,7 4,8 4,9 5,6 8,9 8,11 9,12 10,11 10,12 10,13
ENDCASE
CASE 14 0 T14_0045 -1
EDGES 0,1 0,4 0,5 0,10 1,2 1,4 1,7 2,6 3,5 3,6 3,7 4,8 4,9 5,6 8,9 8,11 9,12 10,11 10,12 11,13
ENDCASE
CASE 14 0 T14_0057 -1
EDGES 0,1 0,4 0,5 0,8 1,2 1,4 1,7 2,6 2,13 3,5 3,6 3,7 4,9 4,12 5,6 8,10 8,11 9,10 10,11 11,12
ENDCASE
CASE 14 0 T14_0058 -1
EDGES 0,1 0,4 0,5 0,8 1,2 1,4 1,7 2,6 3,5 3,6 3,7 3,13 4,9 4,12 5,6 8,10 8,11 9,10 10,11 11,12
ENDCASE
CASE 14 0 T14_0059 -1
EDGES 0,1 0,4 0,5 0,8 1,2 1,4 1,7 2,6 3,5 3,6 3,7 4,9 4,12 5,6 5,13 8,10 8,11 9,10 10,11 11,12
ENDCASE
CASE 14 0 T14_0248 -1
EDGES 0,1 0,2 0,4 0,5 1,2 1,7 2,3 3,6 3,8 3,9 4,5 4,10 4,11 5,6 5,12 6,7 8,9 10,11 10,13 12,13
ENDCASE
CASE 14 0 T14_0250 -1
EDGES 0,1 0,2 0,4 0,5 1,2 1,7 2,3 3,6 3,8 3,9 4,5 4,10 4,11 5,6 6,7 7,12 7,13 8,9 10,11 12,13
ENDCASE
CASE 14 0 T14_0251 -1
EDGES 0,1 0,2 0,4 0,5 1,2 1,7 2,3 3,6 3,8 3,9 4,5 4,10 4,11 5,6 6,7 8,9 8,12 8,13 10,11 12,13
ENDCASE
CASE 14 0 T14_0252 -1
EDGES 0,1 0,2 0,4 0,5 1,2 1,7 2,3 3,6 3,8 3,9 4,5 4,10 4,11 5,6 6,7 8,9 10,11 10,12 10,13 12,13
ENDCASE
CASE 14 0 T14_0263 -1
EDGES 0,1 0,2 0,4 0,5 1,2 1,7 2,3 3,6 3,8 3,9 4,5 5,6 6,7 7,10 7,11 8,9 8,12 8,13 10,11 12,13
ENDCASE
CASE 14 0 T14_0266 -1
EDGES 0,1 0,2 0,4 0,5 1,2 1,7 2,3 3,6 3,8 3,9 4,5 5,6 6,7 8,9 8,10 8,11 9,12 9,13 10,11 12,13
ENDCASE
CASE 14 0 T14_0267 -1
EDGES 0,1 0,2 0,4 0,5 1,2 1,7 2,3 3,6 3,8 3,9 4,5 5,6 6,7 8,9 8,10 8,11 9,12 10,11 10,13 12,13
ENDCASE
CASE 14 0 T14_0268 -1
EDGES 0,1 0,2 0,4 0,5 1,2 1,7 2,3 3,6 3,8 3,9 4,5 5,6 6,7 8,9 8,10 8,11 10,11 10,12 10,13 12,13
ENDCASE
CASE 14 0 T14_0296 -1
EDGES 0,1 0,2 0,4 0,5 1,2 1,7 2,3 3,6 4,5 4,8 4,9 5,6 5,10 6,7 8,9 8,11 9,12 9,13 10,11 12,13
ENDCASE
CASE 14 0 T14_0297 -1
EDGES 0,1 0,2 0,4 0,5 1,2 1,7 2,3 3,6 4,5 4,8 4,9 5,6 5,10 6,7 8,9 8,11 10,11 10,12 10,13 12,13
ENDCASE
CASE 14 0 T14_0298 -1
EDGES 0,1 0,2 0,4 0,5 1,2 1,7 2,3 3,6 4,5 4,8 4,9 5,6 5,10 6,7 8,9 8,11 10,11 11,12 11,13 12,13
ENDCASE
CASE 14 0 T14_0304 -1
EDGES 0,1 0,2 0,4 0,5 1,2 1,7 2,3 3,6 4,5 4,8 4,9 5,6 6,7 8,9 8,10 8,11 9,12 9,13 10,11 12,13
ENDCASE
CASE 14 0 T14_0305 -1
EDGES 0,1 0,2 0,4 0,5 1,2 1,7 2,3 3,6 4,5 4,8 4,9 5,6 6,7 8,9 8,10 8,11 9,12 10,11 10,13 12,13
ENDCASE
CASE 14 0 T14_0306 -1
EDGES 0,1 0,2 0,4 0,5 1,2 1,7 2,3 3,6 4,5 4,8 4,9 5,6 6,7 8,9 8,10 8,11 10,11 10,12 10,13 12,13
ENDCASE
CASE 14 0 T14_0515 -1
EDGES 0,1 0,4 0,5 0,12 1,2 1,4 1,7 2,6 2,8 2,9 3,5 3,6 3,7 4,10 4,11 5,6 8,9 10,11 10,13 12,13
ENDCASE
CASE 14 0 T14_0520 -1
EDGES 0,1 0,4 0,5 1,2 1,4 1,7 2,6 2,8 2,9 3,5 3,6 3,7 4,10 4,11 5,6 7,12 7,13 8,9 10,11 12,13
ENDCASE
CASE 14 0 T14_0521 -1
EDGES 0,1 0,4 0,5 1,2 1,4 1,7 2,6 2,8 2,9 3,5 3,6 3,7 4,10 4,11 5,6 8,9 8,12 8,13 10,11 12,13
ENDCASE
CASE 14 0 T14_0522 -1
EDGES 0,1 0,4 0,5 1,2 1,4 1,7 2,6 2,8 2,9 3,5 3,6 3,7 4,10 4,11 5,6 8,9 10,11 10,12 10,13 12,13
ENDCASE
CASE 14 0 T14_0531 -1
EDGES 0,1 0,4 0,5 1,2 1,4 1,7 2,6 2,8 2,9 3,5 3,6 3,7 5,6 7,10 7,11 8,9 8,12 8,13 10,11 12,13
ENDCASE
CASE 14 0 T14_0534 -1
EDGES 0,1 0,4 0,5 1,2 1,4 1,7 2,6 2,8 2,9 3,5 3,6 3,7 5,6 8,9 8,10 8,11 9,12 9,13 10,11 12,13
ENDCASE
CASE 14 0 T14_0535 -1
EDGES 0,1 0,4 0,5 1,2 1,4 1,7 2,6 2,8 2,9 3,5 3,6 3,7 5,6 8,9 8,10 8,11 9,12 10,11 10,13 12,13
ENDCASE
CASE 14 0 T14_0536 -1
EDGES 0,1 0,4 0,5 1,2 1,4 1,7 2,6 2,8 2,9 3,5 3,6 3,7 5,6 8,9 8,10 8,11 10,11 10,12 10,13 12,13
ENDCASE
CASE 14 0 T14_0566 -1
EDGES 0,1 0,4 0,5 0,10 1,2 1,4 1,7 2,6 3,5 3,6 3,7 4,8 4,9 5,6 8,9 8,11 9,12 9,13 10,11 12,13
ENDCASE
CASE 14 0 T14_0567 -1
EDGES 0,1 0,4 0,5 0,10 1,2 1,4 1,7 2,6 3,5 3,6 3,7 4,8 4,9 5,6 8,9 8,11 10,11 10,12 10,13 12,13
ENDCASE
CASE 14 0 T14_0568 -1
EDGES 0,1 0,4 0,5 0,10 1,2 1,4 1,7 2,6 3,5 3,6 3,7 4,8 4,9 5,6 8,9 8,11 10,11 11,12 11,13 12,13
ENDCASE
CASE 14 0 T14_0587 -1
EDGES 0,1 0,4 0,5 1,2 1,4 1,7 2,6 3,5 3,6 3,7 4,8 4,9 5,6 8,9 8,10 8,11 9,12 9,13 10,11 12,13
ENDCASE
CASE 14 0 T14_0588 -1
EDGES 0,1 0,4 0,5 1,2 1,4 1,7 2,6 3,5 3,6 3,7 4,8 4,9 5,6 8,9 8,10 8,11 9,12 10,11 10,13 12,13
ENDCASE
CASE 14 0 T14_0589 -1
EDGES 0,1 0,4 0,5 1,2 1,4 1,7 2,6 3,5 3,6 3,7 4,8 4,9 5,6 8,9 8,10 8,11 10,11 10,12 10,13 12,13
ENDCASE
CASE 14 0 T14_0631 -1
EDGES 0,1 0,2 0,4 0,5 1,2 1,7 2,3 3,6 3,12 3,13 4,5 4,8 5,6 5,9 6,7 8,10 8,11 9,10 10,11 12,13
ENDCASE
CASE 14 0 T14_0633 -1
EDGES 0,1 0,2 0,4 0,5 1,2 1,7 2,3 3,6 4,5 4,8 4,12 5,6 5,9 6,7 8,10 8,11 9,10 9,13 10,11 12,13
ENDCASE
CASE 14 0 T14_0634 -1
EDGES 0,1 0,2 0,4 0,5 1,2 1,7 2,3 3,6 4,5 4,8 4,12 5,6 5,9 6,7 8,10 8,11 9,10 10,11 10,13 12,13
ENDCASE
CASE 14 0 T14_0639 -1
EDGES 0,1 0,2 0,4 0,5 1,2 1,7 2,3 3,6 4,5 4,8 5,6 5,9 6,7 8,10 8,11 8,12 9,10 9,13 10,11 12,13
ENDCASE
CASE 14 0 T14_0640 -1
EDGES 0,1 0,2 0,4 0,5 1,2 1,7 2,3 3,6 4,5 4,8 5,6 5,9 6,7 8,10 8,11 9,10 9,12 9,13 10,11 12,13
ENDCASE
CASE 14 0 T14_0642 -1
EDGES 0,1 0,2 0,4 0,5 1,2 1,7 2,3 3,6 4,5 4,8 5,6 5,9 6,7 8,10 8,11 9,10 10,11 11,12 11,13 12,13
ENDCASE
CASE 14 0 T14_0646 -1
EDGES 0,1 0,2 0,4 0,5 1,2 1,7 2,3 3,6 3,12 3,13 4,5 4,8 5,6 5,9 6,7 8,10 9,10 9,11 10,11 12,13
ENDCASE
CASE 14 0 T14_0648 -1
EDGES 0,1 0,2 0,4 0,5 1,2 1,7 2,3 3,6 4,5 4,8 4,12 5,6 5,9 6,7 8,10 9,10 9,11 9,13 10,11 12,13
ENDCASE
CASE 14 0 T14_0653 -1
EDGES 0,1 0,2 0,4 0,5 1,2 1,7 2,3 3,6 4,5 4,8 5,6 5,9 6,7 8,10 8,12 8,13 9,10 9,11 10,11 12,13
ENDCASE
CASE 14 0 T14_0654 -1
EDGES 0,1 0,2 0,4 0,5 1,2 1,7 2,3 3,6 4,5 4,8 5,6 5,9 6,7 8,10 8,12 9,10 9,11 9,13 10,11 12,13
ENDCASE
CASE 14 0 T14_0657 -1
EDGES 0,1 0,2 0,4 0,5 1,2 1,7 2,3 3,6 4,5 4,8 5,6 5,9 6,7 8,10 9,10 9,11 10,11 11,12 11,13 12,13
ENDCASE
CASE 14 0 T14_0663 -1
EDGES 0,1 0,4 0,5 0,8 1,2 1,4 1,7 2,6 2,12 2,13 3,5 3,6 3,7 4,9 5,6 8,10 8,11 9,10 10,11 12,13
ENDCASE
CASE 14 0 T14_0666 -1
EDGES 0,1 0,4 0,5 0,8 1,2 1,4 1,7 2,6 3,5 3,6 3,7 4,9 4,12 5,6 8,10 8,11 8,13 9,10 10,11 12,13
ENDCASE
CASE 14 0 T14_0669 -1
EDGES 0,1 0,4 0,5 0,8 1,2 1,4 1,7 2,6 3,5 3,6 3,7 4,9 5,6 8,10 8,11 8,12 9,10 9,13 10,11 12,13
ENDCASE
CASE 14 0 T14_0670 -1
EDGES 0,1 0,4 0,5 0,8 1,2 1,4 1,7 2,6 3,5 3,6 3,7 4,9 5,6 8,10 8,11 9,10 9,12 9,13 10,11 12,13
ENDCASE
CASE 14 0 T14_0672 -1
EDGES 0,1 0,4 0,5 0,8 1,2 1,4 1,7 2,6 3,5 3,6 3,7 4,9 5,6 8,10 8,11 9,10 10,11 11,12 11,13 12,13
ENDCASE
CASE 14 0 T14_0677 -1
EDGES 0,1 0,4 0,5 0,8 1,2 1,4 1,7 2,6 2,12 2,13 3,5 3,6 3,7 4,9 5,6 8,10 9,10 9,11 10,11 12,13
ENDCASE
CASE 14 0 T14_0680 -1
EDGES 0,1 0,4 0,5 0,8 1,2 1,4 1,7 2,6 3,5 3,6 3,7 4,9 4,12 5,6 8,10 8,13 9,10 9,11 10,11 12,13
ENDCASE
CASE 14 0 T14_0681 -1
EDGES 0,1 0,4 0,5 0,8 1,2 1,4 1,7 2,6 3,5 3,6 3,7 4,9 4,12 5,6 8,10 9,10 9,11 10,11 10,13 12,13
ENDCASE
CASE 14 0 T14_0683 -1
EDGES 0,1 0,4 0,5 0,8 1,2 1,4 1,7 2,6 3,5 3,6 3,7 4,9 5,6 8,10 8,12 8,13 9,10 9,11 10,11 12,13
ENDCASE
CASE 14 0 T14_0684 -1
EDGES 0,1 0,4 0,5 0,8 1,2 1,4 1,7 2,6 3,5 3,6 3,7 4,9 5,6 8,10 8,12 9,10 9,11 9,13 10,11 12,13
ENDCASE
CASE 14 0 T14_0687 -1
EDGES 0,1 0,4 0,5 0,8 1,2 1,4 1,7 2,6 3,5 3,6 3,7 4,9 5,6 8,10 9,10 9,11 10,11 11,12 11,13 12,13
ENDCASE
CASE 14 0 T14_0727 -1
EDGES 0,1 0,2 0,4 0,5 1,2 1,7 2,3 2,10 3,6 3,8 3,9 4,5 5,6 6,7 8,9 8,11 9,13 10,12 11,12 12,13
ENDCASE
CASE 14 0 T14_0731 -1
EDGES 0,1 0,2 0,4 0,5 1,2 1,7 2,3 3,6 3,8 3,9 4,5 5,6 6,7 6,10 8,9 8,11 9,13 10,12 11,12 12,13
ENDCASE
CASE 14 0 T14_0732 -1
EDGES 0,1 0,2 0,4 0,5 1,2 1,7 2,3 3,6 3,8 3,9 4,5 5,6 6,7 8,9 8,10 9,11 10,12 10,13 11,12 12,13
ENDCASE
CASE 14 0 T14_0736 -1
EDGES 0,1 0,2 0,4 0,5 1,2 1,7 2,3 3,6 4,5 4,8 4,9 5,6 6,7 8,9 8,10 9,11 10,12 10,13 11,12 12,13
ENDCASE
CASE 14 0 T14_0762 -1
EDGES 0,1 0,4 0,5 1,2 1,4 1,7 2,6 2,8 2,9 3,5 3,6 3,7 5,6 6,10 8,9 8,11 9,13 10,12 11,12 12,13
ENDCASE
CASE 14 0 T14_0763 -1
EDGES 0,1 0,4 0,5 1,2 1,4 1,7 2,6 2,8 2,9 3,5 3,6 3,7 5,6 8,9 8,10 9,11 10,12 10,13 11,12 12,13
ENDCASE
CASE 14 0 T14_0772 -1
EDGES 0,1 0,4 0,5 1,2 1,4 1,7 2,6 3,5 3,6 3,7 4,8 4,9 5,6 8,9 8,10 9,11 10,12 10,13 11,12 12,13
ENDCASE
CASE 14 0 T14_0785 -1
EDGES 0,1 0,2 0,4 0,5 1,2 1,7 1,8 2,3 3,6 4,5 5,6 6,7 7,11 8,9 8,10 9,10 9,12 10,13 11,12 11,13
ENDCASE
CASE 14 0 T14_0786 -1
EDGES 0,1 0,2 0,4 0,5 1,2 1,7 2,3 2,11 3,6 3,8 4,5 5,6 6,7 8,9 8,10 9,10 9,12 10,13 11,12 11,13
ENDCASE
CASE 14 0 T14_0787 -1
EDGES 0,1 0,2 0,4 0,5 1,2 1,7 2,3 3,6 3,8 3,11 4,5 5,6 6,7 8,9 8,10 9,10 9,12 9,13 11,12 12,13
ENDCASE
CASE 14 0 T14_0788 -1
EDGES 0,1 0,2 0,4 0,5 1,2 1,7 2,3 3,6 3,8 3,11 4,5 5,6 6,7 8,9 8,10 9,10 9,12 10,13 11,12 11,13
ENDCASE
CASE 14 0 T14_0789 -1
EDGES 0,1 0,2 0,4 0,5 1,2 1,7 2,3 3,6 3,8 3,11 4,5 5,6 6,7 8,9 8,10 9,10 9,12 11,12 11,13 12,13
ENDCASE
CASE 14 0 T14_0790 -1
EDGES 0,1 0,2 0,4 0,5 1,2 1,7 2,3 3,6 3,8 4,5 5,6 6,7 6,11 8,9 8,10 9,10 9,12 10,13 11,12 11,13
ENDCASE
CASE 14 0 T14_0791 -1
EDGES 0,1 0,2 0,4 0,5 1,2 1,7 2,3 3,6 4,5 4,8 4,11 5,6 6,7 8,9 8,10 9,10 9,12 9,13 11,12 12,13
ENDCASE
CASE 14 0 T14_0792 -1
EDGES 0,1 0,2 0,4 0,5 1,2 1,7 2,3 3,6 4,5 4,8 4,11 5,6 6,7 8,9 8,10 9,10 9,12 10,13 11,12 11,13
ENDCASE
CASE 14 0 T14_0793 -1
EDGES 0,1 0,2 0,4 0,5 1,2 1,7 2,3 3,6 4,5 4,8 4,11 5,6 6,7 8,9 8,10 9,10 9,12 11,12 11,13 12,13
ENDCASE
CASE 14 0 T14_0797 -1
EDGES 0,1 0,2 0,4 0,5 1,2 1,7 2,3 3,6 4,5 5,6 5,8 6,7 6,11 8,9 8,10 9,10 9,12 10,13 11,12 11,13
ENDCASE
CASE 14 0 T14_0798 -1
EDGES 0,1 0,2 0,4 0,5 1,2 1,7 2,3 3,6 3,11 4,5 5,6 6,7 6,8 8,9 8,10 9,10 9,12 10,13 11,12 11,13
ENDCASE
CASE 14 0 T14_0799 -1
EDGES 0,1 0,2 0,4 0,5 1,2 1,7 2,3 3,6 4,5 5,6 5,11 6,7 6,8 8,9 8,10 9,10 9,12 10,13 11,12 11,13
ENDCASE
CASE 14 0 T14_0807 -1
EDGES 0,1 0,4 0,5 0,8 1,2 1,4 1,7 2,6 3,5 3,6 3,7 5,6 5,11 8,9 8,10 9,10 9,12 10,13 11,12 11,13
ENDCASE
CASE 14 0 T14_0813 -1
EDGES 0,1 0,4 0,5 1,2 1,4 1,7 2,6 2,8 2,11 3,5 3,6 3,7 5,6 8,9 8,10 9,10 9,12 9,13 11,12 12,13
ENDCASE
CASE 14 0 T14_0814 -1
EDGES 0,1 0,4 0,5 1,2 1,4 1,7 2,6 2,8 2,11 3,5 3,6 3,7 5,6 8,9 8,10 9,10 9,12 10,13 11,12 11,13
ENDCASE
CASE 14 0 T14_0815 -1
EDGES 0,1 0,4 0,5 1,2 1,4 1,7 2,6 2,8 2,11 3,5 3,6 3,7 5,6 8,9 8,10 9,10 9,12 11,12 11,13 12,13
ENDCASE
CASE 14 0 T14_0816 -1
EDGES 0,1 0,4 0,5 1,2 1,4 1,7 2,6 2,8 3,5 3,6 3,7 5,6 6,11 8,9 8,10 9,10 9,12 10,13 11,12 11,13
ENDCASE
CASE 14 0 T14_0820 -1
EDGES 0,1 0,4 0,5 1,2 1,4 1,7 2,6 3,5 3,6 3,7 3,8 5,6 7,11 8,9 8,10 9,10 9,12 10,13 11,12 11,13
ENDCASE
CASE 14 0 T14_0821 -1
EDGES 0,1 0,4 0,5 1,2 1,4 1,7 2,6 3,5 3,6 3,7 4,8 4,11 5,6 8,9 8,10 9,10 9,12 9,13 11,12 12,13
ENDCASE
CASE 14 0 T14_0822 -1
EDGES 0,1 0,4 0,5 1,2 1,4 1,7 2,6 3,5 3,6 3,7 4,8 4,11 5,6 8,9 8,10 9,10 9,12 10,13 11,12 11,13
ENDCASE
CASE 14 0 T14_0823 -1
EDGES 0,1 0,4 0,5 1,2 1,4 1,7 2,6 3,5 3,6 3,7 4,8 4,11 5,6 8,9 8,10 9,10 9,12 11,12 11,13 12,13
ENDCASE
CASE 14 0 T14_0824 -1
EDGES 0,1 0,4 0,5 0,11 1,2 1,4 1,7 2,6 3,5 3,6 3,7 5,6 5,8 8,9 8,10 9,10 9,12 10,13 11,12 11,13
ENDCASE
CASE 14 0 T14_0833 -1
EDGES 0,1 0,2 0,4 0,5 1,2 1,7 1,8 2,3 3,6 4,5 5,6 6,7 7,9 7,13 8,10 9,11 10,11 10,12 11,12 12,13
ENDCASE
CASE 14 0 T14_0835 -1
EDGES 0,1 0,2 0,4 0,5 1,2 1,7 2,3 3,6 3,8 3,9 4,5 5,6 6,7 6,13 8,10 9,11 10,11 10,12 11,12 12,13
ENDCASE
CASE 14 0 T14_0847 -1
EDGES 0,1 0,4 0,5 1,2 1,4 1,7 2,6 2,8 2,9 3,5 3,6 3,7 5,6 6,13 8,10 9,11 10,11 10,12 11,12 12,13
ENDCASE
CASE 14 1 T14_0006 0
EDGES 0,1 0,2 0,4 0,5 0,10 1,2 1,7 1,13 2,3 3,6 4,5 4,8 4,9 5,6 6,7 8,9 8,11 9,12 10,11 10,12
ENDCASE
CASE 14 1 T14_0007 0
EDGES 0,1 0,2 0,4 0,5 0,10 1,2 1,7 2,3 3,6 3,13 4,5 4,8 4,9 5,6 6,7 8,9 8,11 9,12 10,11 10,12
ENDCASE
CASE 14 1 T14_0009 0
EDGES 0,1 0,2 0,4 0,5 0,10 1,2 1,7 2,3 3,6 4,5 4,8 4,9 5,6 5,13 6,7 8,9 8,11 9,12 10,11 10,12
ENDCASE
CASE 14 1 T14_0010 0
EDGES 0,1 0,2 0,4 0,5 0,10 1,2 1,7 2,3 3,6 4,5 4,8 4,9 5,6 6,7 6,13 8,9 8,11 9,12 10,11 10,12
ENDCASE
CASE 14 1 T14_0011 0
EDGES 0,1 0,2 0,4 0,5 0,10 1,2 1,7 2,3 3,6 4,5 4,8 4,9 5,6 6,7 8,9 8,11 8,13 9,12 10,11 10,12
ENDCASE
CASE 14 1 T14_0012 0
EDGES 0,1 0,2 0,4 0,5 0,10 1,2 1,7 2,3 3,6 4,5 4,8 4,9 5,6 6,7 8,9 8,11 9,12 10,11 10,12 10,13
ENDCASE
CASE 14 1 T14_0013 0
EDGES 0,1 0,2 0,4 0,5 0,10 1,2 1,7 2,3 3,6 4,5 4,8 4,9 5,6 6,7 8,9 8,11 9,12 10,11 10,12 11,13
ENDCASE
CASE 14 1 T14_0014 0
EDGES 0,1 0,2 0,4 0,5 0,13 1,2 1,7 2,3 3,6 4,5 4,8 4,9 5,6 5,10 6,7 8,9 8,11 9,12 10,11 10,12
ENDCASE
CASE 14 1 T14_0015 0
EDGES 0,1 0,2 0,4 0,5 1,2 1,7 1,13 2,3 3,6 4,5 4,8 4,9 5,6 5,10 6,7 8,9 8,11 9,12 10,11 10,12
ENDCASE
CASE 14 1 T14_0015 1
EDGES 0,1 0,2 0,4 0,5 1,2 1,7 1,13 2,3 3,6 4,5 4,8 4,9 5,6 5,10 6,7 8,9 8,11 9,12 10,11 10,12
ENDCASE
CASE 14 1 T14_0015 2
EDGES 0,1 0,2 0,4 0,5 1,2 1,7 1,13 2,3 3,6 4,5 4,8 4,9 5,6 5,10 6,7 8,9 8,11 9,12 10,11 10,12
ENDCASE
CASE 14 1 T14_0015 3
EDGES 0,1 0,2 0,4 0,5 1,2 1,7 1,13 2,3 3,6 4,5 4,8 4,9 5,6 5,10 6,7 8,9 8,11 9,12 10,11 10,12
ENDCASE
CASE 14 1 T14_0015 4
EDGES 0,1 0,2 0,4 0,5 1,2 1,7 1,13 2,3 3,6 4,5 4,8 4,9 5,6 5,10 6,7 8,9 8,11 9,12 10,11 10,12
ENDCASE
CASE 14 1 T14_0015 5
EDGES 0,1 0,2 0,4 0,5 1,2 1,7 1,13 2,3 3,6 4,5 4,8 4,9 5,6 5,10 6,7 8,9 8,11 9,12 10,11 10,12
ENDCASE
CASE 14 1 T14_0015 6
EDGES 0,1 0,2 0,4 0,5 1,2 1,7 1,13 2,3 3,6 4,5 4,8 4,9 5,6 5,10 6,7 8,9 8,11 9,12 10,11 10,12
ENDCASE
CASE 14 1 T14_0015 7
EDGES 0,1 0,2 0,4 0,5 1,2 1,7 1,13 2,3 3,6 4,5 4,8 4,9 5,6 5,10 6,7 8,9 8,11 9,12 10,11 10,12
ENDCASE
CASE 14 1 T14_0015 8
EDGES 0,1 0,2 0,4 0,5 1,2 1,7 1,13 2,3 3,6 4,5 4,8 4,9 5,6 5,10 6,7 8,9 8,11 9,12 10,11 10,12
ENDCASE
CASE 14 1 T14_0015 9
EDGES 0,1 0,2 0,4 0,5 1,2 1,7 1,13 2,3 3,6 4,5 4,8 4,9 5,6 5,10 6,7 8,9 8,11 9,12 10,11 10,12
ENDCASE
CASE 14 1 T14_0015 10
EDGES 0,1 0,2 0,4 0,5 1,2 1,7 1,13 2,3 3,6 4,5 4,8 4,9 5,6 5,10 6,7 8,9 8,11 9,12 10,11 10,12
ENDCASE
CASE 14 1 T14_0015 11
EDGES 0,1 0,2 0,4 0,5 1,2 1,7 1,13 2,3 3,6 4,5 4,8 4,9 5,6 5,10 6,7 8,9 8,11 9,12 10,11 10,12
ENDCASE
CASE 14 1 T14_0015 12
EDGES 0,1 0,2 0,4 0,5 1,2 1,7 1,13 2,3 3,6 4,5 4,8 4,9 5,6 5,10 6,7 8,9 8,11 9,12 10,11 10,12
ENDCASE
CASE 14 1 T14_0015 13
EDGES 0,1 0,2 0,4 0,5 1,2 1,7 1,13 2,3 3,6 4,5 4,8 4,9 5,6 5,10 6,7 8,9 8,11 9,12 10,11 10,12
ENDCASE
CASE 14 1 T14_0016 0
EDGES 0,1 0,2 0,4 0,5 1,2 1,7 2,3 3,6 3,13 4,5 4,8 4,9 5,6 5,10 6,7 8,9 8,11 9,12 10,11 10,12
ENDCASE
CASE 14 1 T14_0016 1
EDGES 0,1 0,2 0,4 0,5 1,2 1,7 2,3 3,6 3,13 4,5 4,8 4,9 5,6 5,10 6,7 8,9 8,11 9,12 10,11 10,12
ENDCASE
CASE 14 1 T14_0016 2
EDGES 0,1 0,2 0,4 0,5 1,2 1,7 2,3 3,6 3,13 4,5 4,8 4,9 5,6 5,10 6,7 8,9 8,11 9,12 10,11 10,12
ENDCASE
CASE 14 1 T14_0016 3
EDGES 0,1 0,2 0,4 0,5 1,2 1,7 2,3 3,6 3,13 4,5 4,8 4,9 5,6 5,10 6,7 8,9 8,11 9,12 10,11 10,12
ENDCASE
CASE 14 1 T14_0016 4
EDGES 0,1 0,2 0,4 0,5 1,2 1,7 2,3 3,6 3,13 4,5 4,8 4,9 5,6 5,10 6,7 8,9 8,11 9,12 10,11 10,12
ENDCASE
CASE 14 1 T14_0016 5
EDGES 0,1 0,2 0,4 0,5 1,2 1,7 2,3 3,6 3,13 4,5 4,8 4,9 5,6 5,10 6,7 8,9 8,11 9,12 10,11 10,12
ENDCASE
CASE 14 1 T14_0016 6
EDGES 0,1 0,2 0,4 0,5 1,2 1,7 2,3 3,6 3,13 4,5 4,8 4,9 5,6 5,10 6,7 8,9 8,11 9,12 10,11 10,12
ENDCASE
CASE 14 1 T14_0016 7
EDGES 0,1 0,2 0,4 0,5 1,2 1,7 2,3 3,6 3,13 4,5 4,8 4,9 5,6 5,10 6,7 8,9 8,11 9,12 10,11 10,12
ENDCASE
CASE 14 1 T14_0016 8
EDGES 0,1 0,2 0,4 0,5 1,2 1,7 2,3 3,6 3,13 4,5 4,8 4,9 5,6 5,10 6,7 8,9 8,11 9,12 10,11 10,12
ENDCASE
CASE 14 1 T14_0016 9
EDGES 0,1 0,2 0,4 0,5 1,2 1,7 2,3 3,6 3,13 4,5 4,8 4,9 5,6 5,10 6,7 8,9 8,11 9,12 10,11 10,12
ENDCASE
CASE 14 1 T14_0016 10
EDGES 0,1 0,2 0,4 0,5 1,2 1,7 2,3 3,6 3,13 4,5 4,8 4,9 5,6 5,10 6,7 8,9 8,11 9,12 10,11 10,12
ENDCASE
CASE 14 1 T14_0016 11
EDGES 0,1 0,2 0,4 0,5 1,2 1,7 2,3 3,6 3,13 4,5 4,8 4,9 5,6 5,10 6,7 8,9 8,11 9,12 10,11 10,12
ENDCASE
CASE 14 1 T14_0016 12
EDGES 0,1 0,2 0,4 0,5 1,2 1,7 2,3 3,6 3,13 4,5 4,8 4,9 5,6 5,10 6,7 8,9 8,11 9,12 10,11 10,12
ENDCASE
CASE 14 1 T14_0016 13
EDGES 0,1 0,2 0,4 0,5 1,2 1,7 2,3 3,6 3,13 4,5 4,8 4,9 5,6 5,10 6,7 8,9 8,11 9,12 10,11 10,12
ENDCASE
CASE 14 1 T14_0017 5
EDGES 0,1 0,2 0,4 0,5 1,2 1,7 2,3 3,6 4,5 4,8 4,9 5,6 5,10 5,13 6,7 8,9 8,11 9,12 10,11 10,12
ENDCASE
CASE 14 1 T14_0018 0
EDGES 0,1 0,2 0,4 0,5 1,2 1,7 2,3 3,6 4,5 4,8 4,9 5,6 5,10 6,7 6,13 8,9 8,11 9,12 10,11 10,12
ENDCASE
CASE 14 1 T14_0018 1
EDGES 0,1 0,2 0,4 0,5 1,2 1,7 2,3 3,6 4,5 4,8 4,9 5,6 5,10 6,7 6,13 8,9 8,11 9,12 10,11 10,12
ENDCASE
CASE 14 1 T14_0018 2
EDGES 0,1 0,2 0,4 0,5 1,2 1,7 2,3 3,6 4,5 4,8 4,9 5,6 5,10 6,7 6,13 8,9 8,11 9,12 10,11 10,12
ENDCASE
CASE 14 1 T14_0018 3
EDGES 0,1 0,2 0,4 0,5 1,2 1,7 2,3 3,6 4,5 4,8 4,9 5,6 5,10 6,7 6,13 8,9 8,11 9,12 10,11 10,12
ENDCASE
CASE 14 1 T14_0018 4
EDGES 0,1 0,2 0,4 0,5 1,2 1,7 2,3 3,6 4,5 4,8 4,9 5,6 5,10 6,7 6,13 8,9 8,11 9,12 10,11 10,12
ENDCASE
CASE 14 1 T14_0018 5
EDGES 0,1 0,2 0,4 0,5 1,2 1,7 2,3 3,6 4,5 4,8 4,9 5,6 5,10 6,7 6,13 8,9 8,11 9,12 10,11 10,12
ENDCASE
CASE 14 1 T14_0018 6
EDGES 0,1 0,2 0,4 0,5 1,2 1,7 2,3 3,6 4,5 4,8 4,9 5,6 5,10 6,7 6,13 8,9 8,11 9,12 10,11 10,12
ENDCASE
CASE 14 1 T14_0018 7
EDGES 0,1 0,2 0,4 0,5 1,2 1,7 2,3 3,6 4,5 4,8 4,9 5,6 5,10 6,7 6,13 8,9 8,11 9,12 10,11 10,12
ENDCASE
CASE 14 1 T14_0018 8
EDGES 0,1 0,2 0,4 0,5 1,2 1,7 2,3 3,6 4,5 4,8 4,9 5,6 5,10 6,7 6,13 8,9 8,11 9,12 10,11 10,12
ENDCASE
CASE 14 1 T14_0018 9
EDGES 0,1 0,2 0,4 0,5 1,2 1,7 2,3 3,6 4,5 4,8 4,9 5,6 5,10 6,7 6,13 8,9 8,11 9,12 10,11 10,12
ENDCASE
CASE 14 1 T14_0018 10
EDGES 0,1 0,2 0,4 0,5 1,2 1,7 2,3 3,6 4,5 4,8 4,9 5,6 5,10 6,7 6,13 8,9 8,11 9,12 10,11 10,12
ENDCASE
CASE 14 1 T14_0018 11
EDGES 0,1 0,2 0,4 0,5 1,2 1,7 2,3 3,6 4,5 4,8 4,9 5,6 5,10 6,7 6,13 8,9 8,11 9,12 10,11 10,12
ENDCASE
CASE 14 1 T14_0018 12
EDGES 0,1 0,2 0,4 0,5 1,2 1,7 2,3 3,6 4,5 4,8 4,9 5,6 5,10 6,7 6,13 8,9 8,11 9,12 10,11 10,12
ENDCASE
CASE 14 1 T14_0018 13
EDGES 0,1 0,2 0,4 0,5 1,2 1,7 2,3 3,6 4,5 4,8 4,9 5,6 5,10 6,7 6,13 8,9 8,11 9,12 10,11 10,12
ENDCASE
CASE 14 1 T14_0021 0
EDGES 0,1 0,4 0,5 0,8 0,9 1,2 1,4 1,7 2,6 2,13 3,5 3,6 3,7 4,10 5,6 8,9 8,11 9,12 10,11 10,12
ENDCASE
CASE 14 1 T14_0022 0
EDGES 0,1 0,4 0,5 0,8 0,9 1,2 1,4 1,7 2,6 3,5 3,6 3,7 3,13 4,10 5,6 8,9 8,11 9,12 10,11 10,12
ENDCASE
CASE 14 1 T14_0023 0
EDGES 0,1 0,4 0,5 0,8 0,9 1,2 1,4 1,7 2,6 3,5 3,6 3,7 4,10 4,13 5,6 8,9 8,11 9,12 10,11 10,12
ENDCASE
CASE 14 1 T14_0024 0
EDGES 0,1 0,4 0,5 0,8 0,9 1,2 1,4 1,7 2,6 3,5 3,6 3,7 4,10 5,6 5,13 8,9 8,11 9,12 10,11 10,12
ENDCASE
CASE 14 1 T14_0025 0
EDGES 0,1 0,4 0,5 0,8 0,9 1,2 1,4 1,7 2,6 3,5 3,6 3,7 4,10 5,6 8,9 8,11 8,13 9,12 10,11 10,12
ENDCASE
CASE 14 1 T14_0026 0
EDGES 0,1 0,4 0,5 0,8 0,9 1,2 1,4 1,7 2,6 3,5 3,6 3,7 4,10 5,6 8,9 8,11 9,12 10,11 10,12 10,13
ENDCASE
CASE 14 1 T14_0027 0
EDGES 0,1 0,4 0,5 0,8 0,9 1,2 1,4 1,7 2,6 3,5 3,6 3,7 4,10 5,6 8,9 8,11 9,12 10,11 10,12 11,13
ENDCASE
CASE 14 1 T14_0037 0
EDGES 0,1 0,4 0,5 0,10 0,13 1,2 1,4 1,7 2,6 3,5 3,6 3,7 4,8 4,9 5,6 8,9 8,11 9,12 10,11 10,12
ENDCASE
CASE 14 1 T14_0038 1
EDGES 0,1 0,4 0,5 0,10 1,2 1,4 1,7 1,13 2,6 3,5 3,6 3,7 4,8 4,9 5,6 8,9 8,11 9,12 10,11 10,12
ENDCASE
CASE 14 1 T14_0039 0
EDGES 0,1 0,4 0,5 0,10 1,2 1,4 1,7 2,6 2,13 3,5 3,6 3,7 4,8 4,9 5,6 8,9 8,11 9,12 10,11 10,12
ENDCASE
CASE 14 1 T14_0039 1
EDGES 0,1 0,4 0,5 0,10 1,2 1,4 1,7 2,6 2,13 3,5 3,6 3,7 4,8 4,9 5,6 8,9 8,11 9,12 10,11 10,12
ENDCASE
CASE 14 1 T14_0039 2
EDGES 0,1 0,4 0,5 0,10 1,2 1,4 1,7 2,6 2,13 3,5 3,6 3,7 4,8 4,9 5,6 8,9 8,11 9,12 10,11 10,12
ENDCASE
CASE 14 1 T14_0039 3
EDGES 0,1 0,4 0,5 0,10 1,2 1,4 1,7 2,6 2,13 3,5 3,6 3,7 4,8 4,9 5,6 8,9 8,11 9,12 10,11 10,12
ENDCASE
CASE 14 1 T14_0039 4
EDGES 0,1 0,4 0,5 0,10 1,2 1,4 1,7 2,6 2,13 3,5 3,6 3,7 4,8 4,9 5,6 8,9 8,11 9,12 10,11 10,12
ENDCASE
CASE 14 1 T14_0039 5
EDGES 0,1 0,4 0,5 0,10 1,2 1,4 1,7 2,6 2,13 3,5 3,6 3,7 4,8 4,9 5,6 8,9 8,11 9,12 10,11 10,12
ENDCASE
CASE 14 1 T14_0039 6
EDGES 0,1 0,4 0,5 0,10 1,2 1,4 1,7 2,6 2,13 3,5 3,6 3,7 4,8 4,9 5,6 8,9 8,11 9,12 10,11 10,12
ENDCASE
CASE 14 1 T14_0039 7
EDGES 0,1 0,4 0,5 0,10 1,2 1,4 1,7 2,6 2,13 3,5 3,6 3,7 4,8 4,9 5,6 8,9 8,11 9,12 10,11 10,12
ENDCASE
CASE 14 1 T14_0039 8
EDGES 0,1 0,4 0,5 0,10 1,2 1,4 1,7 2,6 2,13 3,5 3,6 3,7 4,8 4,9 5,6 8,9 8,11 9,12 10,11 10,12
ENDCASE
CASE 14 1 T14_0039 9
EDGES 0,1 0,4 0,5 0,10 1,2 1,4 1,7 2,6 2,13 3,5 3,6 3,7 4,8 4,9 5,6 8,9 8,11 9,12 10,11 10,12
ENDCASE
CASE 14 1 T14_0039 10
EDGES 0,1 0,4 0,5 0,10 1,2 1,4 1,7 2,6 2,13 3,5 3,6 3,7 4,8 4,9 5,6 8,9 8,11 9,12 10,11 10,12
ENDCASE
CASE 14 1 T14_0039 11
EDGES 0,1 0,4 0,5 0,10 1,2 1,4 1,7 2,6 2,13 3,5 3,6 3,7 4,8 4,9 5,6 8,9 8,11 9,12 10,11 10,12
ENDCASE
CASE 14 1 T14_0039 12
EDGES 0,1 0,4 0,5 0,10 1,2 1,4 1,7 2,6 2,13 3,5 3,6 3,7 4,8 4,9 5,6 8,9 8,11 9,12 10,11 10,12
ENDCASE
CASE 14 1 T14_0039 13
EDGES 0,1 0,4 0,5 0,10 1,2 1,4 1,7 2,6 2,13 3,5 3,6 3,7 4,8 4,9 5,6 8,9 8,11 9,12 10,11 10,12
ENDCASE
CASE 14 1 T14_0040 0
EDGES 0,1 0,4 0,5 0,10 1,2 1,4 1,7 2,6 3,5 3,6 3,7 3,13 4,8 4,9 5,6 8,9 8,11 9,12 10,11 10,12
ENDCASE
CASE 14 1 T14_0040 1
EDGES 0,1 0,4 0,5 0,10 1,2 1,4 1,7 2,6 3,5 3,6 3,7 3,13 4,8 4,9 5,6 8,9 8,11 9,12 10,11 10,12
ENDCASE
CASE 14 1 T14_0040 2
EDGES 0,1 0,4 0,5 0,10 1,2 1,4 1,7 2,6 3,5 3,6 3,7 3,13 4,8 4,9 5,6 8,9 8,11 9,12 10,11 10,12
ENDCASE
CASE 14 1 T14_0040 3
EDGES 0,1 0,4 0,5 0,10 1,2 1,4 1,7 2,6 3,5 3,6 3,7 3,13 4,8 4,9 5,6 8,9 8,11 9,12 10,11 10,12
ENDCASE
CASE 14 1 T14_0040 4
EDGES 0,1 0,4 0,5 0,10 1,2 1,4 1,7 2,6 3,5 3,6 3,7 3,13 4,8 4,9 5,6 8,9 8,11 9,12 10,11 10,12
ENDCASE
CASE 14 1 T14_0040 5
EDGES 0,1 0,4 0,5 0,10 1,2 1,4 1,7 2,6 3,5 3,6 3,7 3,13 4,8 4,9 5,6 8,9 8,11 9,12 10,11 10,12
ENDCASE
CASE 14 1 T14_0040 6
EDGES 0,1 0,4 0,5 0,10 1,2 1,4 1,7 2,6 3,5 3,6 3,7 3,13 4,8 4,9 5,6 8,9 8,11 9,12 10,11 10,12
ENDCASE
CASE 14 1 T14_0040 7
EDGES 0,1 0,4 0,5 0,10 1,2 1,4 1,7 2,6 3,5 3,6 3,7 3,13 4,8 4,9 5,6 8,9 8,11 9,12 10,11 10,12
ENDCASE
CASE 14 1 T14_0040 8
EDGES 0,1 0,4 0,5 0,10 1,2 1,4 1,7 2,6 3,5 3,6 3,7 3,13 4,8 4,9 5,6 8,9 8,11 9,12 10,11 10,12
ENDCASE
CASE 14 1 T14_0040 9
EDGES 0,1 0,4 0,5 0,10 1,2 1,4 1,7 2,6 3,5 3,6 3,7 3,13 4,8 4,9 5,6 8,9 8,11 9,12 10,11 10,12
ENDCASE
CASE 14 1 T14_0040 10
EDGES 0,1 0,4 0,5 0,10 1,2 1,4 1,7 2,6 3,5 3,6 3,7 3,13 4,8 4,9 5,6 8,9 8,11 9,12 10,11 10,12
ENDCASE
CASE 14 1 T14_0040 11
EDGES 0,1 0,4 0,5 0,10 1,2 1,4 1,7 2,6 3,5 3,6 3,7 3,13 4,8 4,9 5,6 8,9 8,11 9,12 10,11 10,12
ENDCASE
CASE 14 1 T14_0040 12
EDGES 0,1 0,4 0,5 0,10 1,2 1,4 1,7 2,6 3,5 3,6 3,7 3,13 4,8 4,9 5,6 8,9 8,11 9,12 10,11 10,12
ENDCASE
CASE 14 1 T14_0040 13
EDGES 0,1 0,4 0,5 0,10 1,2 1,4 1,7 2,6 3,5 3,6 3,7 3,13 4,8 4,9 5,6 8,9 8,11 9,12 10,11 10,12
ENDCASE
CASE 14 1 T14_0041 4
EDGES 0,1 0,4 0,5 0,10 1,2 1,4 1,7 2,6 3,5 3,6 3,7 4,8 4,9 4,13 5,6 8,9 8,11 9,12 10,11 10,12
ENDCASE
CASE 14 1 T14_0042 0
EDGES 0,1 0,4 0,5 0,10 1,2 1,4 1,7 2,6 3,5 3,6 3,7 4,8 4,9 5,6 5,13 8,9 8,11 9,12 10,11 10,12
ENDCASE
CASE 14 1 T14_0042 1
EDGES 0,1 0,4 0,5 0,10 1,2 1,4 1,7 2,6 3,5 3,6 3,7 4,8 4,9 5,6 5,13 8,9 8,11 9,12 10,11 10,12
ENDCASE
CASE 14 1 T14_0042 2
EDGES 0,1 0,4 0,5 0,10 1,2 1,4 1,7 2,6 3,5 3,6 3,7 4,8 4,9 5,6 5,13 8,9 8,11 9,12 10,11 10,12
ENDCASE
CASE 14 1 T14_0042 3
EDGES 0,1 0,4 0,5 0,10 1,2 1,4 1,7 2,6 3,5 3,6 3,7 4,8 4,9 5,6 5,13 8,9 8,11 9,12 10,11 10,12
ENDCASE
CASE 14 1 T14_0042 4
EDGES 0,1 0,4 0,5 0,10 1,2 1,4 1,7 2,6 3,5 3,6 3,7 4,8 4,9 5,6 5,13 8,9 8,11 9,12 10,11 10,12
ENDCASE
CASE 14 1 T14_0042 5
EDGES 0,1 0,4 0,5 0,10 1,2 1,4 1,7 2,6 3,5 3,6 3,7 4,8 4,9 5,6 5,13 8,9 8,11 9,12 10,11 10,12
ENDCASE
CASE 14 1 T14_0042 6
EDGES 0,1 0,4 0,5 0,10 1,2 1,4 1,7 2,6 3,5 3,6 3,7 4,8 4,9 5,6 5,13 8,9 8,11 9,12 10,11 10,12
ENDCASE
CASE 14 1 T14_0042 7
EDGES 0,1 0,4 0,5 0,10 1,2 1,4 1,7 2,6 3,5 3,6 3,7 4,8 4,9 5,6 5,13 8,9 8,11 9,12 10,11 10,12
ENDCASE
CASE 14 1 T14_0042 8
EDGES 0,1 0,4 0,5 0,10 1,2 1,4 1,7 2,6 3,5 3,6 3,7 4,8 4,9 5,6 5,13 8,9 8,11 9,12 10,11 10,12
ENDCASE
CASE 14 1 T14_0042 9
EDGES 0,1 0,4 0,5 0,10 1,2 1,4 1,7 2,6 3,5 3,6 3,7 4,8 4,9 5,6 5,13 8,9 8,11 9,12 10,11 10,12
ENDCASE
CASE 14 1 T14_0042 10
EDGES 0,1 0,4 0,5 0,10 1,2 1,4 1,7 2,6 3,5 3,6 3,7 4,8 4,9 5,6 5,13 8,9 8,11 9,12 10,11 10,12
ENDCASE
CASE 14 1 T14_0042 11
EDGES 0,1 0,4 0,5 0,10 1,2 1,4 1,7 2,6 3,5 3,6 3,7 4,8 4,9 5,6 5,13 8,9 8,11 9,12 10,11 10,12
ENDCASE
CASE 14 1 T14_0042 12
EDGES 0,1 0,4 0,5 0,10 1,2 1,4 1,7 2,6 3,5 3,6 3,7 4,8 4,9 5,6 5,13 8,9 8,11 9,12 10,11 10,12
ENDCASE
CASE 14 1 T14_0042 13
EDGES 0,1 0,4 0,5 0,10 1,2 1,4 1,7 2,6 3,5 3,6 3,7 4,8 4,9 5,6 5,13 8,9 8,11 9,12 10,11 10,12
ENDCASE
CASE 14 1 T14_0043 0
EDGES 0,1 0,4 0,5 0,10 1,2 1,4 1,7 2,6 3,5 3,6 3,7 4,8 4,9 5,6 8,9 8,11 8,13 9,12 10,11 10,12
ENDCASE
CASE 14 1 T14_0043 1
EDGES 0,1 0,4 0,5 0,10 1,2 1,4 1,7 2,6 3,5 3,6 3,7 4,8 4,9 5,6 8,9 8,11 8,13 9,12 10,11 10,12
ENDCASE
CASE 14 1 T14_0043 2
EDGES 0,1 0,4 0,5 0,10 1,2 1,4 1,7 2,6 3,5 3,6 3,7 4,8 4,9 5,6 8,9 8,11 8,13 9,12 10,11 10,12
ENDCASE
CASE 14 1 T14_0043 3
EDGES 0,1 0,4 0,5 0,10 1,2 1,4 1,7 2,6 3,5 3,6 3,7 4,8 4,9 5,6 8,9 8,11 8,13 9,12 10,11 10,12
ENDCASE
CASE 14 1 T14_0043 4
EDGES 0,1 0,4 0,5 0,10 1,2 1,4 1,7 2,6 3,5 3,6 3,7 4,8 4,9 5,6 8,9 8,11 8,13 9,12 10,11 10,12
ENDCASE
CASE 14 1 T14_0043 5
EDGES 0,1 0,4 0,5 0,10 1,2 1,4 1,7 2,6 3,5 3,6 3,7 4,8 4,9 5,6 8,9 8,11 8,13 9,12 10,11 10,12
ENDCASE
CASE 14 1 T14_0043 6
EDGES 0,1 0,4 0,5 0,10 1,2 1,4 1,7 2,6 3,5 3,6 3,7 4,8 4,9 5,6 8,9 8,11 8,13 9,12 10,11 10,12
ENDCASE
CASE 14 1 T14_0043 7
EDGES 0,1 0,4 0,5 0,10 1,2 1,4 1,7 2,6 3,5 3,6 3,7 4,8 4,9 5,6 8,9 8,11 8,13 9,12 10,11 10,12
ENDCASE
CASE 14 1 T14_0043 8
EDGES 0,1 0,4 0,5 0,10 1,2 1,4 1,7 2,6 3,5 3,6 3,7 4,8 4,9 5,6 8,9 8,11 8,13 9,12 10,11 10,12
ENDCASE
CASE 14 1 T14_0043 9
EDGES 0,1 0,4 0,5 0,10 1,2 1,4 1,7 2,6 3,5 3,6 3,7 4,8 4,9 5,6 8,9 8,11 8,13 9,12 10,11 10,12
ENDCASE
CASE 14 1 T14_0043 10
EDGES 0,1 0,4 0,5 0,10 1,2 1,4 1,7 2,6 3,5 3,6 3,7 4,8 4,9 5,6 8,9 8,11 8,13 9,12 10,11 10,12
ENDCASE
CASE 14 1 T14_0043 11
EDGES 0,1 0,4 0,5 0,10 1,2 1,4 1,7 2,6 3,5 3,6 3,7 4,8 4,9 5,6 8,9 8,11 8,13 9,12 10,11 10,12
ENDCASE
CASE 14 1 T14_0043 12
EDGES 0,1 0,4 0,5 0,10 1,2 1,4 1,7 2,6 3,5 3,6 3,7 4,8 4,9 5,6 8,9 8,11 8,13 9,12 10,11 10,12
ENDCASE
CASE 14 1 T14_0043 13
EDGES 0,1 0,4 0,5 0,10 1,2 1,4 1,7 2,6 3,5 3,6 3,7 4,8 4,9 5,6 8,9 8,11 8,13 9,12 10,11 10,12
ENDCASE
CASE 14 1 T14_0044 0
EDGES 0,1 0,4 0,5 0,10 1,2 1,4 1,7 2,6 3,5 3,6 3,7 4,8 4,9 5,6 8,9 8,11 9,12 10,11 10,12 10,13
ENDCASE
CASE 14 1 T14_0044 1
EDGES 0,1 0,4 0,5 0,10 1,2 1,4 1,7 2,6 3,5 3,6 3,7 4,8 4,9 5,6 8,9 8,11 9,12 10,11 10,12 10,13
ENDCASE
CASE 14 1 T14_0044 2
EDGES 0,1 0,4 0,5 0,10 1,2 1,4 1,7 2,6 3,5 3,6 3,7 4,8 4,9 5,6 8,9 8,11 9,12 10,11 10,12 10,13
ENDCASE
CASE 14 1 T14_0044 3
EDGES 0,1 0,4 0,5 0,10 1,2 1,4 1,7 2,6 3,5 3,6 3,7 4,8 4,9 5,6 8,9 8,11 9,12 10,11 10,12 10,13
ENDCASE
CASE 14 1 T14_0044 4
EDGES 0,1 0,4 0,5 0,10 1,2 1,4 1,7 2,6 3,5 3,6 3,7 4,8 4,9 5,6 8,9 8,11 9,12 10,11 10,12 10,13
ENDCASE
CASE 14 1 T14_0044 5
EDGES 0,1 0,4 0,5 0,10 1,2 1,4 1,7 2,6 3,5 3,6 3,7 4,8 4,9 5,6 8,9 8,11 9,12 10,11 10,12 10,13
ENDCASE
CASE 14 1 T14_0044 6
EDGES 0,1 0,4 0,5 0,10 1,2 1,4 1,7 2,6 3,5 3,6 3,7 4,8 4,9 5,6 8,9 8,11 9,12 10,11 10,12 10,13
ENDCASE
CASE 14 1 T14_0044 7
EDGES 0,1 0,4 0,5 0,10 1,2 1,4 1,7 2,6 3,5 3,6 3,7 4,8 4,9 5,6 8,9 8,11 9,12 10,11 10,12 10,13
ENDCASE
CASE 14 1 T14_0044 8
EDGES 0,1 0,4 0,5 0,10 1,2 1,4 1,7 2,6 3,5 3,6 3,7 4,8 4,9 5,6 8,9 8,11 9,12 10,11 10,12 10,13
ENDCASE
CASE 14 1 T14_0044 9
EDGES 0,1 0,4 0,5 0,10 1,2 1,4 1,7 2,6 3,5 3,6 3,7 4,8 4,9 5,6 8,9 8,11 9,12 10,11 10,12 10,13
ENDCASE
CASE 14 1 T14_0044 10
EDGES 0,1 0,4 0,5 0,10 1,2 1,4 1,7 2,6 3,5 3,6 3,7 4,8 4,9 5,6 8,9 8,11 9,12 10,11 10,12 10,13
ENDCASE
CASE 14 1 T14_0044 11
EDGES 0,1 0,4 0,5 0,10 1,2 1,4 1,7 2,6 3,5 3,6 3,7 4,8 4,9 5,6 8,9 8,11 9,12 10,11 10,12 10,13
ENDCASE
CASE 14 1 T14_0044 12
EDGES 0,1 0,4 0,5 0,10 1,2 1,4 1,7 2,6 3,5 3,6 3,7 4,8 4,9 5,6 8,9 8,11 9,12 10,11 10,12 10,13
ENDCASE
CASE 14 1 T14_0044 13
EDGES 0,1 0,4 0,5 0,10 1,2 1,4 1,7 2,6 3,5 3,6 3,7 4,8 4,9 5,6 8,9 8,11 9,12 10,11 10,12 10,13
ENDCASE
CASE 14 1 T14_0045 0
EDGES 0,1 0,4 0,5 0,10 1,2 1,4 1,7 2,6 3,5 3,6 3,7 4,8 4,9 5,6 8,9 8,11 9,12 10,11 10,12 11,13
ENDCASE
CASE 14 1 T14_0045 1
EDGES 0,1 0,4 0,5 0,10 1,2 1,4 1,7 2,6 3,5 3,6 3,7 4,8 4,9 5,6 8,9 8,11 9,12 10,11 10,12 11,13
ENDCASE
CASE 14 1 T14_0045 2
EDGES 0,1 0,4 0,5 0,10 1,2 1,4 1,7 2,6 3,5 3,6 3,7 4,8 4,9 5,6 8,9 8,11 9,12 10,11 10,12 11,13
ENDCASE
CASE 14 1 T14_0045 3
EDGES 0,1 0,4 0,5 0,10 1,2 1,4 1,7 2,6 3,5 3,6 3,7 4,8 4,9 5,6 8,9 8,11 9,12 10,11 10,12 11,13
ENDCASE
CASE 14 1 T14_0045 4
EDGES 0,1 0,4 0,5 0,10 1,2 1,4 1,7 2,6 3,5 3,6 3,7 4,8 4,9 5,6 8,9 8,11 9,12 10,11 10,12 11,13
ENDCASE
CASE 14 1 T14_0045 5
EDGES 0,1 0,4 0,5 0,10 1,2 1,4 1,7 2,6 3,5 3,6 3,7 4,8 4,9 5,6 8,9 8,11 9,12 10,11 10,12 11,13
ENDCASE
CASE 14 1 T14_0045 6
EDGES 0,1 0,4 0,5 0,10 1,2 1,4 1,7 2,6 3,5 3,6 3,7 4,8 4,9 5,6 8,9 8,11 9,12 10,11 10,12 11,13
ENDCASE
CASE 14 1 T14_0045 7
EDGES 0,1 0,4 0,5 0,10 1,2 1,4 1,7 2,6 3,5 3,6 3,7 4,8 4,9 5,6 8,9 8,11 9,12 10,11 10,12 11,13
ENDCASE
CASE 14 1 T14_0045 8
EDGES 0,1 0,4 0,5 0,10 1,2 1,4 1,7 2,6 3,5 3,6 3,7 4,8 4,9 5,6 8,9 8,11 9,12 10,11 10,12 11,13
ENDCASE
CASE 14 1 T14_0045 9
EDGES 0,1 0,4 0,5 0,10 1,2 1,4 1,7 2,6 3,5 3,6 3,7 4,8 4,9 5,6 8,9 8,11 9,12 10,11 10,12 11,13
ENDCASE
CASE 14 1 T14_0045 10
EDGES 0,1 0,4 0,5 0,10 1,2 1,4 1,7 2,6 3,5 3,6 3,7 4,8 4,9 5,6 8,9 8,11 9,12 10,11 10,12 11,13
ENDCASE
CASE 14 1 T14_0045 11
EDGES 0,1 0,4 0,5 0,10 1,2 1,4 1,7 2,6 3,5 3,6 3,7 4,8 4,9 5,6 8,9 8,11 9,12 10,11 10,12 11,13
ENDCASE
CASE 14 1 T14_0045 12
EDGES 0,1 0,4 0,5 0,10 1,2 1,4 1,7 2,6 3,5 3,6 3,7 4,8 4,9 5,6 8,9 8,11 9,12 10,11 10,12 11,13
ENDCASE
CASE 14 1 T14_0045 13
EDGES 0,1 0,4 0,5 0,10 1,2 1,4 1,7 2,6 3,5 3,6 3,7 4,8 4,9 5,6 8,9 8,11 9,12 10,11 10,12 11,13
ENDCASE
CASE 14 1 T14_0046 1
EDGES 0,1 0,4 0,5 0,13 1,2 1,4 1,7 1,10 2,6 3,5 3,6 3,7 4,8 4,9 5,6 8,9 8,11 9,12 10,11 10,12
ENDCASE
CASE 14 1 T14_0048 1
EDGES 0,1 0,4 0,5 1,2 1,4 1,7 1,10 2,6 2,13 3,5 3,6 3,7 4,8 4,9 5,6 8,9 8,11 9,12 10,11 10,12
ENDCASE
CASE 14 1 T14_0049 1
EDGES 0,1 0,4 0,5 1,2 1,4 1,7 1,10 2,6 3,5 3,6 3,7 3,13 4,8 4,9 5,6 8,9 8,11 9,12 10,11 10,12
ENDCASE
CASE 14 1 T14_0051 1
EDGES 0,1 0,4 0,5 1,2 1,4 1,7 1,10 2,6 3,5 3,6 3,7 4,8 4,9 5,6 5,13 8,9 8,11 9,12 10,11 10,12
ENDCASE
CASE 14 1 T14_0052 1
EDGES 0,1 0,4 0,5 1,2 1,4 1,7 1,10 2,6 3,5 3,6 3,7 4,8 4,9 5,6 8,9 8,11 8,13 9,12 10,11 10,12
ENDCASE
CASE 14 1 T14_0053 1
EDGES 0,1 0,4 0,5 1,2 1,4 1,7 1,10 2,6 3,5 3,6 3,7 4,8 4,9 5,6 8,9 8,11 9,12 10,11 10,12 10,13
ENDCASE
CASE 14 1 T14_0054 1
EDGES 0,1 0,4 0,5 1,2 1,4 1,7 1,10 2,6 3,5 3,6 3,7 4,8 4,9 5,6 8,9 8,11 9,12 10,11 10,12 11,13
ENDCASE
CASE 14 1 T14_0055 0
EDGES 0,1 0,4 0,5 0,8 0,13 1,2 1,4 1,7 2,6 3,5 3,6 3,7 4,9 4,12 5,6 8,10 8,11 9,10 10,11 11,12
ENDCASE
CASE 14 1 T14_0056 1
EDGES 0,1 0,4 0,5 0,8 1,2 1,4 1,7 1,13 2,6 3,5 3,6 3,7 4,9 4,12 5,6 8,10 8,11 9,10 10,11 11,12
ENDCASE
CASE 14 1 T14_0057 0
EDGES 0,1 0,4 0,5 0,8 1,2 1,4 1,7 2,6 2,13 3,5 3,6 3,7 4,9 4,12 5,6 8,10 8,11 9,10 10,11 11,12
ENDCASE
CASE 14 1 T14_0057 1
EDGES 0,1 0,4 0,5 0,8 1,2 1,4 1,7 2,6 2,13 3,5 3,6 3,7 4,9 4,12 5,6 8,10 8,11 9,10 10,11 11,12
ENDCASE
CASE 14 1 T14_0057 2
EDGES 0,1 0,4 0,5 0,8 1,2 1,4 1,7 2,6 2,13 3,5 3,6 3,7 4,9 4,12 5,6 8,10 8,11 9,10 10,11 11,12
ENDCASE
CASE 14 1 T14_0057 3
EDGES 0,1 0,4 0,5 0,8 1,2 1,4 1,7 2,6 2,13 3,5 3,6 3,7 4,9 4,12 5,6 8,10 8,11 9,10 10,11 11,12
ENDCASE
CASE 14 1 T14_0057 4
EDGES 0,1 0,4 0,5 0,8 1,2 1,4 1,7 2,6 2,13 3,5 3,6 3,7 4,9 4,12 5,6 8,10 8,11 9,10 10,11 11,12
ENDCASE
CASE 14 1 T14_0057 5
EDGES 0,1 0,4 0,5 0,8 1,2 1,4 1,7 2,6 2,13 3,5 3,6 3,7 4,9 4,12 5,6 8,10 8,11 9,10 10,11 11,12
ENDCASE
CASE 14 1 T14_0057 6
EDGES 0,1 0,4 0,5 0,8 1,2 1,4 1,7 2,6 2,13 3,5 3,6 3,7 4,9 4,12 5,6 8,10 8,11 9,10 10,11 11,12
ENDCASE
CASE 14 1 T14_0057 7
EDGES 0,1 0,4 0,5 0,8 1,2 1,4 1,7 2,6 2,13 3,5 3,6 3,7 4,9 4,12 5,6 8,10 8,11 9,10 10,11 11,12
ENDCASE
CASE 14 1 T14_0057 8
EDGES 0,1 0,4 0,5 0,8 1,2 1,4 1,7 2,6 2,13 3,5 3,6 3,7 4,9 4,12 5,6 8,10 8,11 9,10 10,11 11,12
ENDCASE
CASE 14 1 T14_0057 9
EDGES 0,1 0,4 0,5 0,8 1,2 1,4 1,7 2,6 2,13 3,5 3,6 3,7 4,9 4,12 5,6 8,10 8,11 9,10 10,11 11,12
ENDCASE
CASE 14 1 T14_0057 10
EDGES 0,1 0,4 0,5 0,8 1,2 1,4 1,7 2,6 2,13 3,5 3,6 3,7 4,9 4,12 5,6 8,10 8,11 9,10 10,11 11,12
ENDCASE
CASE 14 1 T14_0057 11
EDGES 0,1 0,4 0,5 0,8 1,2 1,4 1,7 2,6 2,13 3,5 3,6 3,7 4,9 4,12 5,6 8,10 8,11 9,10 10,11 11,12
ENDCASE
CASE 14 1 T14_0057 12
EDGES 0,1 0,4 0,5 0,8 1,2 1,4 1,7 2,6 2,13 3,5 3,6 3,7 4,9 4,12 5,6 8,10 8,11 9,10 10,11 11,12
ENDCASE
CASE 14 1 T14_0057 13
EDGES 0,1 0,4 0,5 0,8 1,2 1,4 1,7 2,6 2,13 3,5 3,6 3,7 4,9 4,12 5,6 8,10 8,11 9,10 10,11 11,12
ENDCASE
CASE 14 1 T14_0058 0
EDGES 0,1 0,4 0,5 0,8 1,2 1,4 1,7 2,6 3,5 3,6 3,7 3,13 4,9 4,12 5,6 8,10 8,11 9,10 10,11 11,12
ENDCASE
CASE 14 1 T14_0058 1
EDGES 0,1 0,4 0,5 0,8 1,2 1,4 1,7 2,6 3,5 3,6 3,7 3,13 4,9 4,12 5,6 8,10 8,11 9,10 10,11 11,12
ENDCASE
CASE 14 1 T14_0058 2
EDGES 0,1 0,4 0,5 0,8 1,2 1,4 1,7 2,6 3,5 3,6 3,7 3,13 4,9 4,12 5,6 8,10 8,11 9,10 10,11 11,12
ENDCASE
CASE 14 1 T14_0058 3
EDGES 0,1 0,4 0,5 0,8 1,2 1,4 1,7 2,6 3,5 3,6 3,7 3,13 4,9 4,12 5,6 8,10 8,11 9,10 10,11 11,12
ENDCASE
CASE 14 1 T14_0058 4
EDGES 0,1 0,4 0,5 0,8 1,2 1,4 1,7 2,6 3,5 3,6 3,7 3,13 4,9 4,12 5,6 8,10 8,11 9,10 10,11 11,12
ENDCASE
CASE 14 1 T14_0058 5
EDGES 0,1 0,4 0,5 0,8 1,2 1,4 1,7 2,6 3,5 3,6 3,7 3,13 4,9 4,12 5,6 8,10 8,11 9,10 10,11 11,12
ENDCASE
CASE 14 1 T14_0058 6
EDGES 0,1 0,4 0,5 0,8 1,2 1,4 1,7 2,6 3,5 3,6 3,7 3,13 4,9 4,12 5,6 8,10 8,11 9,10 10,11 11,12
ENDCASE
CASE 14 1 T14_0058 7
EDGES 0,1 0,4 0,5 0,8 1,2 1,4 1,7 2,6 3,5 3,6 3,7 3,13 4,9 4,12 5,6 8,10 8,11 9,10 10,11 11,12
ENDCASE
CASE 14 1 T14_0058 8
EDGES 0,1 0,4 0,5 0,8 1,2 1,4 1,7 2,6 3,5 3,6 3,7 3,13 4,9 4,12 5,6 8,10 8,11 9,10 10,11 11,12
ENDCASE
CASE 14 1 T14_0058 9
EDGES 0,1 0,4 0,5 0,8 1,2 1,4 1,7 2,6 3,5 3,6 3,7 3,13 4,9 4,12 5,6 8,10 8,11 9,10 10,11 11,12
ENDCASE
CASE 14 1 T14_0058 10
EDGES 0,1 0,4 0,5 0,8 1,2 1,4 1,7 2,6 3,5 3,6 3,7 3,13 4,9 4,12 5,6 8,10 8,11 9,10 10,11 11,12
ENDCASE
CASE 14 1 T14_0058 11
EDGES 0,1 0,4 0,5 0,8 1,2 1,4 1,7 2,6 3,5 3,6 3,7 3,13 4,9 4,12 5,6 8,10 8,11 9,10 10,11 11,12
ENDCASE
CASE 14 1 T14_0058 12
EDGES 0,1 0,4 0,5 0,8 1,2 1,4 1,7 2,6 3,5 3,6 3,7 3,13 4,9 4,12 5,6 8,10 8,11 9,10 10,11 11,12
ENDCASE
CASE 14 1 T14_0058 13
EDGES 0,1 0,4 0,5 0,8 1,2 1,4 1,7 2,6 3,5 3,6 3,7 3,13 4,9 4,12 5,6 8,10 8,11 9,10 10,11 11,12
ENDCASE
CASE 14 1 T14_0059 0
EDGES 0,1 0,4 0,5 0,8 1,2 1,4 1,7 2,6 3,5 3,6 3,7 4,9 4,12 5,6 5,13 8,10 8,11 9,10 10,11 11,12
ENDCASE
CASE 14 1 T14_0059 1
EDGES 0,1 0,4 0,5 0,8 1,2 1,4 1,7 2,6 3,5 3,6 3,7 4,9 4,12 5,6 5,13 8,10 8,11 9,10 10,11 11,12
ENDCASE
CASE 14 1 T14_0059 2
EDGES 0,1 0,4 0,5 0,8 1,2 1,4 1,7 2,6 3,5 3,6 3,7 4,9 4,12 5,6 5,13 8,10 8,11 9,10 10,11 11,12
ENDCASE
CASE 14 1 T14_0059 3
EDGES 0,1 0,4 0,5 0,8 1,2 1,4 1,7 2,6 3,5 3,6 3,7 4,9 4,12 5,6 5,13 8,10 8,11 9,10 10,11 11,12
ENDCASE
CASE 14 1 T14_0059 4
EDGES 0,1 0,4 0,5 0,8 1,2 1,4 1,7 2,6 3,5 3,6 3,7 4,9 4,12 5,6 5,13 8,10 8,11 9,10 10,11 11,12
ENDCASE
CASE 14 1 T14_0059 5
EDGES 0,1 0,4 0,5 0,8 1,2 1,4 1,7 2,6 3,5 3,6 3,7 4,9 4,12 5,6 5,13 8,10 8,11 9,10 10,11 11,12
ENDCASE
CASE 14 1 T14_0059 6
EDGES 0,1 0,4 0,5 0,8 1,2 1,4 1,7 2,6 3,5 3,6 3,7 4,9 4,12 5,6 5,13 8,10 8,11 9,10 10,11 11,12
ENDCASE
CASE 14 1 T14_0059 7
EDGES 0,1 0,4 0,5 0,8 1,2 1,4 1,7 2,6 3,5 3,6 3,7 4,9 4,12 5,6 5,13 8,10 8,11 9,10 10,11 11,12
ENDCASE
CASE 14 1 T14_0059 8
EDGES 0,1 0,4 0,5 0,8 1,2 1,4 1,7 2,6 3,5 3,6 3,7 4,9 4,12 5,6 5,13 8,10 8,11 9,10 10,11 11,12
ENDCASE
CASE 14 1 T14_0059 9
EDGES 0,1 0,4 0,5 0,8 1,2 1,4 1,7 2,6 3,5 3,6 3,7 4,9 4,12 5,6 5,13 8,10 8,11 9,10 10,11 11,12
ENDCASE
CASE 14 1 T14_0059 10
EDGES 0,1 0,4 0,5 0,8 1,2 1,4 1,7 2,6 3,5 3,6 3,7 4,9 4,12 5,6 5,13 8,10 8,11 9,10 10,11 11,12
ENDCASE
CASE 14 1 T14_0059 11
EDGES 0,1 0,4 0,5 0,8 1,2 1,4 1,7 2,6 3,5 3,6 3,7 4,9 4,12 5,6 5,13 8,10 8,11 9,10 10,11 11,12
ENDCASE
CASE 14 1 T14_0059 12
EDGES 0,1 0,4 0,5 0,8 1,2 1,4 1,7 2,6 3,5 3,6 3,7 4,9 4,12 5,6 5,13 8,10 8,11 9,10 10,11 11,12
ENDCASE
CASE 14 1 T14_0059 13
EDGES 0,1 0,4 0,5 0,8 1,2 1,4 1,7 2,6 3,5 3,6 3,7 4,9 4,12 5,6 5,13 8,10 8,11 9,10 10,11 11,12
ENDCASE
CASE 14 1 T14_0062 0
EDGES 0,1 0,4 0,5 0,8 0,12 1,2 1,4 1,7 2,6 2,13 3,5 3,6 3,7 4,9 5,6 8,10 9,10 9,11 10,11 11,12
ENDCASE
CASE 14 1 T14_0063 0
EDGES 0,1 0,4 0,5 0,8 0,12 1,2 1,4 1,7 2,6 3,5 3,6 3,7 3,13 4,9 5,6 8,10 9,10 9,11 10,11 11,12
ENDCASE
CASE 14 1 T14_0064 0
EDGES 0,1 0,4 0,5 0,8 0,12 1,2 1,4 1,7 2,6 3,5 3,6 3,7 4,9 4,13 5,6 8,10 9,10 9,11 10,11 11,12
ENDCASE
CASE 14 1 T14_0065 0
EDGES 0,1 0,4 0,5 0,8 0,12 1,2 1,4 1,7 2,6 3,5 3,6 3,7 4,9 5,6 5,13 8,10 9,10 9,11 10,11 11,12
ENDCASE
CASE 14 1 T14_0066 0
EDGES 0,1 0,4 0,5 0,8 0,12 1,2 1,4 1,7 2,6 3,5 3,6 3,7 4,9 5,6 8,10 8,13 9,10 9,11 10,11 11,12
ENDCASE
CASE 14 1 T14_0067 0
EDGES 0,1 0,4 0,5 0,8 0,12 1,2 1,4 1,7 2,6 3,5 3,6 3,7 4,9 5,6 8,10 9,10 9,11 9,13 10,11 11,12
ENDCASE
CASE 14 1 T14_0068 0
EDGES 0,1 0,4 0,5 0,8 0,12 1,2 1,4 1,7 2,6 3,5 3,6 3,7 4,9 5,6 8,10 9,10 9,11 10,11 10,13 11,12
ENDCASE
CASE 14 1 T14_0161 0
EDGES 0,1 0,2 0,4 0,5 0,8 1,2 1,7 2,3 3,6 3,10 3,11 4,5 4,12 4,13 5,6 6,7 6,9 8,9 10,11 12,13
ENDCASE
CASE 14 1 T14_0164 0
EDGES 0,1 0,2 0,4 0,5 0,8 1,2 1,7 2,3 3,6 3,10 3,11 4,5 5,6 6,7 6,9 7,12 7,13 8,9 10,11 12,13
ENDCASE
CASE 14 1 T14_0165 0
EDGES 0,1 0,2 0,4 0,5 0,8 1,2 1,7 2,3 3,6 3,10 3,11 4,5 5,6 6,7 6,9 8,9 8,12 8,13 10,11 12,13
ENDCASE
CASE 14 1 T14_0166 0
EDGES 0,1 0,2 0,4 0,5 0,8 1,2 1,7 2,3 3,6 3,10 3,11 4,5 5,6 6,7 6,9 8,9 9,12 9,13 10,11 12,13
ENDCASE
CASE 14 1 T14_0167 0
EDGES 0,1 0,2 0,4 0,5 0,8 1,2 1,7 2,3 3,6 3,10 3,11 4,5 5,6 6,7 6,9 8,9 10,11 10,12 10,13 12,13
ENDCASE
CASE 14 1 T14_0171 0
EDGES 0,1 0,2 0,4 0,5 0,8 1,2 1,7 2,3 3,6 4,5 4,10 4,11 5,6 5,12 6,7 6,9 8,9 10,11 10,13 12,13
ENDCASE
CASE 14 1 T14_0173 0
EDGES 0,1 0,2 0,4 0,5 0,8 1,2 1,7 2,3 3,6 4,5 4,10 4,11 5,6 6,7 6,9 8,9 8,12 8,13 10,11 12,13
ENDCASE
CASE 14 1 T14_0174 0
EDGES 0,1 0,2 0,4 0,5 0,8 1,2 1,7 2,3 3,6 4,5 4,10 4,11 5,6 6,7 6,9 8,9 9,12 9,13 10,11 12,13
ENDCASE
CASE 14 1 T14_0175 0
EDGES 0,1 0,2 0,4 0,5 0,8 1,2 1,7 2,3 3,6 4,5 4,10 4,11 5,6 6,7 6,9 8,9 10,11 10,12 10,13 12,13
ENDCASE
CASE 14 1 T14_0187 0
EDGES 0,1 0,2 0,4 0,5 0,8 1,2 1,7 2,3 3,6 4,5 5,6 6,7 6,9 8,9 8,10 8,11 9,12 9,13 10,11 12,13
ENDCASE
CASE 14 1 T14_0188 0
EDGES 0,1 0,2 0,4 0,5 0,8 1,2 1,7 2,3 3,6 4,5 5,6 6,7 6,9 8,9 8,10 8,11 10,11 10,12 10,13 12,13
ENDCASE
CASE 14 1 T14_0190 0
EDGES 0,1 0,2 0,4 0,5 0,8 1,2 1,7 2,3 3,6 4,5 5,6 6,7 6,9 8,9 9,10 9,11 10,11 10,12 10,13 12,13
ENDCASE
CASE 14 1 T14_0206 1
EDGES 0,1 0,2 0,4 0,5 1,2 1,7 1,8 1,9 2,3 3,6 3,10 3,11 4,5 4,12 4,13 5,6 6,7 8,9 10,11 12,13
ENDCASE
CASE 14 1 T14_0209 1
EDGES 0,1 0,2 0,4 0,5 1,2 1,7 1,8 1,9 2,3 3,6 3,10 3,11 4,5 5,6 6,7 7,12 7,13 8,9 10,11 12,13
ENDCASE
CASE 14 1 T14_0210 1
EDGES 0,1 0,2 0,4 0,5 1,2 1,7 1,8 1,9 2,3 3,6 3,10 3,11 4,5 5,6 6,7 8,9 8,12 8,13 10,11 12,13
ENDCASE
CASE 14 1 T14_0211 1
EDGES 0,1 0,2 0,4 0,5 1,2 1,7 1,8 1,9 2,3 3,6 3,10 3,11 4,5 5,6 6,7 8,9 10,11 10,12 10,13 12,13
ENDCASE
CASE 14 1 T14_0215 1
EDGES 0,1 0,2 0,4 0,5 1,2 1,7 1,8 1,9 2,3 3,6 4,5 4,10 4,11 5,6 5,12 6,7 8,9 10,11 10,13 12,13
ENDCASE
CASE 14 1 T14_0217 1
EDGES 0,1 0,2 0,4 0,5 1,2 1,7 1,8 1,9 2,3 3,6 4,5 4,10 4,11 5,6 6,7 7,12 7,13 8,9 10,11 12,13
ENDCASE
CASE 14 1 T14_0218 1
EDGES 0,1 0,2 0,4 0,5 1,2 1,7 1,8 1,9 2,3 3,6 4,5 4,10 4,11 5,6 6,7 8,9 8,12 8,13 10,11 12,13
ENDCASE
CASE 14 1 T14_0219 1
EDGES 0,1 0,2 0,4 0,5 1,2 1,7 1,8 1,9 2,3 3,6 4,5 4,10 4,11 5,6 6,7 8,9 10,11 10,12 10,13 12,13
ENDCASE
CASE 14 1 T14_0231 1
EDGES 0,1 0,2 0,4 0,5 1,2 1,7 1,8 1,9 2,3 3,6 4,5 5,6 6,7 7,10 7,11 8,9 8,12 8,13 10,11 12,13
ENDCASE
CASE 14 1 T14_0232 1
EDGES 0,1 0,2 0,4 0,5 1,2 1,7 1,8 1,9 2,3 3,6 4,5 5,6 6,7 7,10 7,11 8,9 10,11 10,12 10,13 12,13
ENDCASE
CASE 14 1 T14_0235 1
EDGES 0,1 0,2 0,4 0,5 1,2 1,7 1,8 1,9 2,3 3,6 4,5 5,6 6,7 8,9 8,10 8,11 9,12 9,13 10,11 12,13
ENDCASE
CASE 14 1 T14_0236 1
EDGES 0,1 0,2 0,4 0,5 1,2 1,7 1,8 1,9 2,3 3,6 4,5 5,6 6,7 8,9 8,10 8,11 9,12 10,11 10,13 12,13
ENDCASE
CASE 14 1 T14_0237 1
EDGES 0,1 0,2 0,4 0,5 1,2 1,7 1,8 1,9 2,3 3,6 4,5 5,6 6,7 8,9 8,10 8,11 10,11 10,12 10,13 12,13
ENDCASE
CASE 14 1 T14_0245 0
EDGES 0,1 0,2 0,4 0,5 0,12 1,2 1,7 2,3 3,6 3,8 3,9 4,5 4,10 4,11 5,6 6,7 8,9 10,11 10,13 12,13
ENDCASE
CASE 14 1 T14_0247 5
EDGES 0,1 0,2 0,4 0,5 1,2 1,7 2,3 3,6 3,8 3,9 4,5 4,10 4,11 5,6 5,12 5,13 6,7 8,9 10,11 12,13
ENDCASE
CASE 14 1 T14_0248 0
EDGES 0,1 0,2 0,4 0,5 1,2 1,7 2,3 3,6 3,8 3,9 4,5 4,10 4,11 5,6 5,12 6,7 8,9 10,11 10,13 12,13
ENDCASE
CASE 14 1 T14_0248 1
EDGES 0,1 0,2 0,4 0,5 1,2 1,7 2,3 3,6 3,8 3,9 4,5 4,10 4,11 5,6 5,12 6,7 8,9 10,11 10,13 12,13
ENDCASE
CASE 14 1 T14_0248 2
EDGES 0,1 0,2 0,4 0,5 1,2 1,7 2,3 3,6 3,8 3,9 4,5 4,10 4,11 5,6 5,12 6,7 8,9 10,11 10,13 12,13
ENDCASE
CASE 14 1 T14_0248 3
EDGES 0,1 0,2 0,4 0,5 1,2 1,7 2,3 3,6 3,8 3,9 4,5 4,10 4,11 5,6 5,12 6,7 8,9 10,11 10,13 12,13
ENDCASE
CASE 14 1 T14_0248 4
EDGES 0,1 0,2 0,4 0,5 1,2 1,7 2,3 3,6 3,8 3,9 4,5 4,10 4,11 5,6 5,12 6,7 8,9 10,11 10,13 12,13
ENDCASE
CASE 14 1 T14_0248 5
EDGES 0,1 0,2 0,4 0,5 1,2 1,7 2,3 3,6 3,8 3,9 4,5 4,10 4,11 5,6 5,12 6,7 8,9 10,11 10,13 12,13
ENDCASE
CASE 14 1 T14_0248 6
EDGES 0,1 0,2 0,4 0,5 1,2 1,7 2,3 3,6 3,8 3,9 4,5 4,10 4,11 5,6 5,12 6,7 8,9 10,11 10,13 12,13
ENDCASE
CASE 14 1 T14_0248 7
EDGES 0,1 0,2 0,4 0,5 1,2 1,7 2,3 3,6 3,8 3,9 4,5 4,10 4,11 5,6 5,12 6,7 8,9 10,11 10,13 12,13
ENDCASE
CASE 14 1 T14_0248 8
EDGES 0,1 0,2 0,4 0,5 1,2 1,7 2,3 3,6 3,8 3,9 4,5 4,10 4,11 5,6 5,12 6,7 8,9 10,11 10,13 12,13
ENDCASE
CASE 14 1 T14_0248 9
EDGES 0,1 0,2 0,4 0,5 1,2 1,7 2,3 3,6 3,8 3,9 4,5 4,10 4,11 5,6 5,12 6,7 8,9 10,11 10,13 12,13
ENDCASE
CASE 14 1 T14_0248 10
EDGES 0,1 0,2 0,4 0,5 1,2 1,7 2,3 3,6 3,8 3,9 4,5 4,10 4,11 5,6 5,12 6,7 8,9 10,11 10,13 12,13
ENDCASE
CASE 14 1 T14_0248 11
EDGES 0,1 0,2 0,4 0,5 1,2 1,7 2,3 3,6 3,8 3,9 4,5 4,10 4,11 5,6 5,12 6,7 8,9 10,11 10,13 12,13
ENDCASE
CASE 14 1 T14_0248 12
EDGES 0,1 0,2 0,4 0,5 1,2 1,7 2,3 3,6 3,8 3,9 4,5 4,10 4,11 5,6 5,12 6,7 8,9 10,11 10,13 12,13
ENDCASE
CASE 14 1 T14_0248 13
EDGES 0,1 0,2 0,4 0,5 1,2 1,7 2,3 3,6 3,8 3,9 4,5 4,10 4,11 5,6 5,12 6,7 8,9 10,11 10,13 12,13
ENDCASE
CASE 14 1 T14_0249 6
EDGES 0,1 0,2 0,4 0,5 1,2 1,7 2,3 3,6 3,8 3,9 4,5 4,10 4,11 5,6 6,7 6,12 6,13 8,9 10,11 12,13
ENDCASE
CASE 14 1 T14_0250 0
EDGES 0,1 0,2 0,4 0,5 1,2 1,7 2,3 3,6 3,8 3,9 4,5 4,10 4,11 5,6 6,7 7,12 7,13 8,9 10,11 12,13
ENDCASE
CASE 14 1 T14_0250 1
EDGES 0,1 0,2 0,4 0,5 1,2 1,7 2,3 3,6 3,8 3,9 4,5 4,10 4,11 5,6 6,7 7,12 7,13 8,9 10,11 12,13
ENDCASE
CASE 14 1 T14_0250 2
EDGES 0,1 0,2 0,4 0,5 1,2 1,7 2,3 3,6 3,8 3,9 4,5 4,10 4,11 5,6 6,7 7,12 7,13 8,9 10,11 12,13
ENDCASE
CASE 14 1 T14_0250 3
EDGES 0,1 0,2 0,4 0,5 1,2 1,7 2,3 3,6 3,8 3,9 4,5 4,10 4,11 5,6 6,7 7,12 7,13 8,9 10,11 12,13
ENDCASE
CASE 14 1 T14_0250 4
EDGES 0,1 0,2 0,4 0,5 1,2 1,7 2,3 3,6 3,8 3,9 4,5 4,10 4,11 5,6 6,7 7,12 7,13 8,9 10,11 12,13
ENDCASE
CASE 14 1 T14_0250 5
EDGES 0,1 0,2 0,4 0,5 1,2 1,7 2,3 3,6 3,8 3,9 4,5 4,10 4,11 5,6 6,7 7,12 7,13 8,9 10,11 12,13
ENDCASE
CASE 14 1 T14_0250 6
EDGES 0,1 0,2 0,4 0,5 1,2 1,7 2,3 3,6 3,8 3,9 4,5 4,10 4,11 5,6 6,7 7,12 7,13 8,9 10,11 12,13
ENDCASE
CASE 14 1 T14_0250 7
EDGES 0,1 0,2 0,4 0,5 1,2 1,7 2,3 3,6 3,8 3,9 4,5 4,10 4,11 5,6 6,7 7,12 7,13 8,9 10,11 12,13
ENDCASE
CASE 14 1 T14_0250 8
EDGES 0,1 0,2 0,4 0,5 1,2 1,7 2,3 3,6 3,8 3,9 4,5 4,10 4,11 5,6 6,7 7,12 7,13 8,9 10,11 12,13
ENDCASE
CASE 14 1 T14_0250 9
EDGES 0,1 0,2 0,4 0,5 1,2 1,7 2,3 3,6 3,8 3,9 4,5 4,10 4,11 5,6 6,7 7,12 7,13 8,9 10,11 12,13
ENDCASE
CASE 14 1 T14_0250 10
EDGES 0,1 0,2 0,4 0,5 1,2 1,7 2,3 3,6 3,8 3,9 4,5 4,10 4,11 5,6 6,7 7,12 7,13 8,9 10,11 12,13
ENDCASE
CASE 14 1 T14_0250 11
EDGES 0,1 0,2 0,4 0,5 1,2 1,7 2,3 3,6 3,8 3,9 4,5 4,10 4,11 5,6 6,7 7,12 7,13 8,9 10,11 12,13
ENDCASE
CASE 14 1 T14_0250 12
EDGES 0,1 0,2 0,4 0,5 1,2 1,7 2,3 3,6 3,8 3,9 4,5 4,10 4,11 5,6 6,7 7,12 7,13 8,9 10,11 12,13
ENDCASE
CASE 14 1 T14_0250 13
EDGES 0,1 0,2 0,4 0,5 1,2 1,7 2,3 3,6 3,8 3,9 4,5 4,10 4,11 5,6 6,7 7,12 7,13 8,9 10,11 12,13
ENDCASE
CASE 14 1 T14_0251 0
EDGES 0,1 0,2 0,4 0,5 1,2 1,7 2,3 3,6 3,8 3,9 4,5 4,10 4,11 5,6 6,7 8,9 8,12 8,13 10,11 12,13
ENDCASE
CASE 14 1 T14_0251 1
EDGES 0,1 0,2 0,4 0,5 1,2 1,7 2,3 3,6 3,8 3,9 4,5 4,10 4,11 5,6 6,7 8,9 8,12 8,13 10,11 12,13
ENDCASE
CASE 14 1 T14_0251 2
EDGES 0,1 0,2 0,4 0,5 1,2 1,7 2,3 3,6 3,8 3,9 4,5 4,10 4,11 5,6 6,7 8,9 8,12 8,13 10,11 12,13
ENDCASE
CASE 14 1 T14_0251 3
EDGES 0,1 0,2 0,4 0,5 1,2 1,7 2,3 3,6 3,8 3,9 4,5 4,10 4,11 5,6 6,7 8,9 8,12 8,13 10,11 12,13
ENDCASE
CASE 14 1 T14_0251 4
EDGES 0,1 0,2 0,4 0,5 1,2 1,7 2,3 3,6 3,8 3,9 4,5 4,10 4,11 5,6 6,7 8,9 8,12 8,13 10,11 12,13
ENDCASE
CASE 14 1 T14_0251 5
EDGES 0,1 0,2 0,4 0,5 1,2 1,7 2,3 3,6 3,8 3,9 4,5 4,10 4,11 5,6 6,7 8,9 8,12 8,13 10,11 12,13
ENDCASE
CASE 14 1 T14_0251 6
EDGES 0,1 0,2 0,4 0,5 1,2 1,7 2,3 3,6 3,8 3,9 4,5 4,10 4,11 5,6 6,7 8,9 8,12 8,13 10,11 12,13
ENDCASE
CASE 14 1 T14_0251 7
EDGES 0,1 0,2 0,4 0,5 1,2 1,7 2,3 3,6 3,8 3,9 4,5 4,10 4,11 5,6 6,7 8,9 8,12 8,13 10,11 12,13
ENDCASE
CASE 14 1 T14_0251 8
EDGES 0,1 0,2 0,4 0,5 1,2 1,7 2,3 3,6 3,8 3,9 4,5 4,10 4,11 5,6 6,7 8,9 8,12 8,13 10,11 12,13
ENDCASE
CASE 14 1 T14_0251 9
EDGES 0,1 0,2 0,4 0,5 1,2 1,7 2,3 3,6 3,8 3,9 4,5 4,10 4,11 5,6 6,7 8,9 8,12 8,13 10,11 12,13
ENDCASE
CASE 14 1 T14_0251 10
EDGES 0,1 0,2 0,4 0,5 1,2 1,7 2,3 3,6 3,8 3,9 4,5 4,10 4,11 5,6 6,7 8,9 8,12 8,13 10,11 12,13
ENDCASE
CASE 14 1 T14_0251 11
EDGES 0,1 0,2 0,4 0,5 1,2 1,7 2,3 3,6 3,8 3,9 4,5 4,10 4,11 5,6 6,7 8,9 8,12 8,13 10,11 12,13
ENDCASE
CASE 14 1 T14_0251 12
EDGES 0,1 0,2 0,4 0,5 1,2 1,7 2,3 3,6 3,8 3,9 4,5 4,10 4,11 5,6 6,7 8,9 8,12 8,13 10,11 12,13
ENDCASE
CASE 14 1 T14_0251 13
EDGES 0,1 0,2 0,4 0,5 1,2 1,7 2,3 3,6 3,8 3,9 4,5 4,10 4,11 5,6 6,7 8,9 8,12 8,13 10,11 12,13
ENDCASE
CASE 14 1 T14_0252 0
EDGES 0,1 0,2 0,4 0,5 1,2 1,7 2,3 3,6 3,8 3,9 4,5 4,10 4,11 5,6 6,7 8,9 10,11 10,12 10,13 12,13
ENDCASE
CASE 14 1 T14_0252 1
EDGES 0,1 0,2 0,4 0,5 1,2 1,7 2,3 3,6 3,8 3,9 4,5 4,10 4,11 5,6 6,7 8,9 10,11 10,12 10,13 12,13
ENDCASE
CASE 14 1 T14_0252 2
EDGES 0,1 0,2 0,4 0,5 1,2 1,7 2,3 3,6 3,8 3,9 4,5 4,10 4,11 5,6 6,7 8,9 10,11 10,12 10,13 12,13
ENDCASE
CASE 14 1 T14_0252 3
EDGES 0,1 0,2 0,4 0,5 1,2 1,7 2,3 3,6 3,8 3,9 4,5 4,10 4,11 5,6 6,7 8,9 10,11 10,12 10,13 12,13
ENDCASE
CASE 14 1 T14_0252 4
EDGES 0,1 0,2 0,4 0,5 1,2 1,7 2,3 3,6 3,8 3,9 4,5 4,10 4,11 5,6 6,7 8,9 10,11 10,12 10,13 12,13
ENDCASE
CASE 14 1 T14_0252 5
EDGES 0,1 0,2 0,4 0,5 1,2 1,7 2,3 3,6 3,8 3,9 4,5 4,10 4,11 5,6 6,7 8,9 10,11 10,12 10,13 12,13
ENDCASE
CASE 14 1 T14_0252 6
EDGES 0,1 0,2 0,4 0,5 1,2 1,7 2,3 3,6 3,8 3,9 4,5 4,10 4,11 5,6 6,7 8,9 10,11 10,12 10,13 12,13
ENDCASE
CASE 14 1 T14_0252 7
EDGES 0,1 0,2 0,4 0,5 1,2 1,7 2,3 3,6 3,8 3,9 4,5 4,10 4,11 5,6 6,7 8,9 10,11 10,12 10,13 12,13
ENDCASE
CASE 14 1 T14_0252 8
EDGES 0,1 0,2 0,4 0,5 1,2 1,7 2,3 3,6 3,8 3,9 4,5 4,10 4,11 5,6 6,7 8,9 10,11 10,12 10,13 12,13
ENDCASE
CASE 14 1 T14_0252 9
EDGES 0,1 0,2 0,4 0,5 1,2 1,7 2,3 3,6 3,8 3,9 4,5 4,10 4,11 5,6 6,7 8,9 10,11 10,12 10,13 12,13
ENDCASE
CASE 14 1 T14_0252 10
EDGES 0,1 0,2 0,4 0,5 1,2 1,7 2,3 3,6 3,8 3,9 4,5 4,10 4,11 5,6 6,7 8,9 10,11 10,12 10,13 12,13
ENDCASE
CASE 14 1 T14_0252 11
EDGES 0,1 0,2 0,4 0,5 1,2 1,7 2,3 3,6 3,8 3,9 4,5 4,10 4,11 5,6 6,7 8,9 10,11 10,12 10,13 12,13
ENDCASE
CASE 14 1 T14_0252 12
EDGES 0,1 0,2 0,4 0,5 1,2 1,7 2,3 3,6 3,8 3,9 4,5 4,10 4,11 5,6 6,7 8,9 10,11 10,12 10,13 12,13
ENDCASE
CASE 14 1 T14_0252 13
EDGES 0,1 0,2 0,4 0,5 1,2 1,7 2,3 3,6 3,8 3,9 4,5 4,10 4,11 5,6 6,7 8,9 10,11 10,12 10,13 12,13
ENDCASE
CASE 14 1 T14_0253 5
EDGES 0,1 0,2 0,4 0,5 1,2 1,7 2,3 3,6 3,8 3,9 4,5 4,12 5,6 5,10 5,11 6,7 8,9 10,11 10,13 12,13
ENDCASE
CASE 14 1 T14_0256 5
EDGES 0,1 0,2 0,4 0,5 1,2 1,7 2,3 3,6 3,8 3,9 4,5 5,6 5,10 5,11 6,7 7,12 7,13 8,9 10,11 12,13
ENDCASE
CASE 14 1 T14_0257 5
EDGES 0,1 0,2 0,4 0,5 1,2 1,7 2,3 3,6 3,8 3,9 4,5 5,6 5,10 5,11 6,7 8,9 8,12 8,13 10,11 12,13
ENDCASE
CASE 14 1 T14_0258 5
EDGES 0,1 0,2 0,4 0,5 1,2 1,7 2,3 3,6 3,8 3,9 4,5 5,6 5,10 5,11 6,7 8,9 10,11 10,12 10,13 12,13
ENDCASE
CASE 14 1 T14_0260 6
EDGES 0,1 0,2 0,4 0,5 1,2 1,7 2,3 3,6 3,8 3,9 4,5 5,6 6,7 6,10 6,11 7,12 7,13 8,9 10,11 12,13
ENDCASE
CASE 14 1 T14_0261 6
EDGES 0,1 0,2 0,4 0,5 1,2 1,7 2,3 3,6 3,8 3,9 4,5 5,6 6,7 6,10 6,11 8,9 8,12 8,13 10,11 12,13
ENDCASE
CASE 14 1 T14_0262 6
EDGES 0,1 0,2 0,4 0,5 1,2 1,7 2,3 3,6 3,8 3,9 4,5 5,6 6,7 6,10 6,11 8,9 10,11 10,12 10,13 12,13
ENDCASE
CASE 14 1 T14_0263 0
EDGES 0,1 0,2 0,4 0,5 1,2 1,7 2,3 3,6 3,8 3,9 4,5 5,6 6,7 7,10 7,11 8,9 8,12 8,13 10,11 12,13
ENDCASE
CASE 14 1 T14_0263 1
EDGES 0,1 0,2 0,4 0,5 1,2 1,7 2,3 3,6 3,8 3,9 4,5 5,6 6,7 7,10 7,11 8,9 8,12 8,13 10,11 12,13
ENDCASE
CASE 14 1 T14_0263 2
EDGES 0,1 0,2 0,4 0,5 1,2 1,7 2,3 3,6 3,8 3,9 4,5 5,6 6,7 7,10 7,11 8,9 8,12 8,13 10,11 12,13
ENDCASE
CASE 14 1 T14_0263 3
EDGES 0,1 0,2 0,4 0,5 1,2 1,7 2,3 3,6 3,8 3,9 4,5 5,6 6,7 7,10 7,11 8,9 8,12 8,13 10,11 12,13
ENDCASE
CASE 14 1 T14_0263 4
EDGES 0,1 0,2 0,4 0,5 1,2 1,7 2,3 3,6 3,8 3,9 4,5 5,6 6,7 7,10 7,11 8,9 8,12 8,13 10,11 12,13
ENDCASE
CASE 14 1 T14_0263 5
EDGES 0,1 0,2 0,4 0,5 1,2 1,7 2,3 3,6 3,8 3,9 4,5 5,6 6,7 7,10 7,11 8,9 8,12 8,13 10,11 12,13
ENDCASE
CASE 14 1 T14_0263 6
EDGES 0,1 0,2 0,4 0,5 1,2 1,7 2,3 3,6 3,8 3,9 4,5 5,6 6,7 7,10 7,11 8,9 8,12 8,13 10,11 12,13
ENDCASE
CASE 14 1 T14_0263 7
EDGES 0,1 0,2 0,4 0,5 1,2 1,7 2,3 3,6 3,8 3,9 4,5 5,6 6,7 7,10 7,11 8,9 8,12 8,13 10,11 12,13
ENDCASE
CASE 14 1 T14_0263 8
EDGES 0,1 0,2 0,4 0,5 1,2 1,7 2,3 3,6 3,8 3,9 4,5 5,6 6,7 7,10 7,11 8,9 8,12 8,13 10,11 12,13
ENDCASE
CASE 14 1 T14_0263 9
EDGES 0,1 0,2 0,4 0,5 1,2 1,7 2,3 3,6 3,8 3,9 4,5 5,6 6,7 7,10 7,11 8,9 8,12 8,13 10,11 12,13
ENDCASE
CASE 14 1 T14_0263 10
EDGES 0,1 0,2 0,4 0,5 1,2 1,7 2,3 3,6 3,8 3,9 4,5 5,6 6,7 7,10 7,11 8,9 8,12 8,13 10,11 12,13
ENDCASE
CASE 14 1 T14_0263 11
EDGES 0,1 0,2 0,4 0,5 1,2 1,7 2,3 3,6 3,8 3,9 4,5 5,6 6,7 7,10 7,11 8,9 8,12 8,13 10,11 12,13
ENDCASE
CASE 14 1 T14_0263 12
EDGES 0,1 0,2 0,4 0,5 1,2 1,7 2,3 3,6 3,8 3,9 4,5 5,6 6,7 7,10 7,11 8,9 8,12 8,13 10,11 12,13
ENDCASE
CASE 14 1 T14_0263 13
EDGES 0,1 0,2 0,4 0,5 1,2 1,7 2,3 3,6 3,8 3,9 4,5 5,6 6,7 7,10 7,11 8,9 8,12 8,13 10,11 12,13
ENDCASE
CASE 14 1 T14_0264 3
EDGES 0,1 0,2 0,4 0,5 1,2 1,7 2,3 3,6 3,8 3,9 3,12 4,5 5,6 6,7 8,9 8,10 8,11 10,11 10,13 12,13
ENDCASE
CASE 14 1 T14_0266 0
EDGES 0,1 0,2 0,4 0,5 1,2 1,7 2,3 3,6 3,8 3,9 4,5 5,6 6,7 8,9 8,10 8,11 9,12 9,13 10,11 12,13
ENDCASE
CASE 14 1 T14_0266 1
EDGES 0,1 0,2 0,4 0,5 1,2 1,7 2,3 3,6 3,8 3,9 4,5 5,6 6,7 8,9 8,10 8,11 9,12 9,13 10,11 12,13
ENDCASE
CASE 14 1 T14_0266 2
EDGES 0,1 0,2 0,4 0,5 1,2 1,7 2,3 3,6 3,8 3,9 4,5 5,6 6,7 8,9 8,10 8,11 9,12 9,13 10,11 12,13
ENDCASE
CASE 14 1 T14_0266 3
EDGES 0,1 0,2 0,4 0,5 1,2 1,7 2,3 3,6 3,8 3,9 4,5 5,6 6,7 8,9 8,10 8,11 9,12 9,13 10,11 12,13
ENDCASE
CASE 14 1 T14_0266 4
EDGES 0,1 0,2 0,4 0,5 1,2 1,7 2,3 3,6 3,8 3,9 4,5 5,6 6,7 8,9 8,10 8,11 9,12 9,13 10,11 12,13
ENDCASE
CASE 14 1 T14_0266 5
EDGES 0,1 0,2 0,4 0,5 1,2 1,7 2,3 3,6 3,8 3,9 4,5 5,6 6,7 8,9 8,10 8,11 9,12 9,13 10,11 12,13
ENDCASE
CASE 14 1 T14_0266 6
EDGES 0,1 0,2 0,4 0,5 1,2 1,7 2,3 3,6 3,8 3,9 4,5 5,6 6,7 8,9 8,10 8,11 9,12 9,13 10,11 12,13
ENDCASE
CASE 14 1 T14_0266 7
EDGES 0,1 0,2 0,4 0,5 1,2 1,7 2,3 3,6 3,8 3,9 4,5 5,6 6,7 8,9 8,10 8,11 9,12 9,13 10,11 12,13
ENDCASE
CASE 14 1 T14_0266 8
EDGES 0,1 0,2 0,4 0,5 1,2 1,7 2,3 3,6 3,8 3,9 4,5 5,6 6,7 8,9 8,10 8,11 9,12 9,13 10,11 12,13
ENDCASE
CASE 14 1 T14_0266 9
EDGES 0,1 0,2 0,4 0,5 1,2 1,7 2,3 3,6 3,8 3,9 4,5 5,6 6,7 8,9 8,10 8,11 9,12 9,13 10,11 12,13
ENDCASE
CASE 14 1 T14_0266 10
EDGES 0,1 0,2 0,4 0,5 1,2 1,7 2,3 3,6 3,8 3,9 4,5 5,6 6,7 8,9 8,10 8,11 9,12 9,13 10,11 12,13
ENDCASE
CASE 14 1 T14_0266 11
EDGES 0,1 0,2 0,4 0,5 1,2 1,7 2,3 3,6 3,8 3,9 4,5 5,6 6,7 8,9 8,10 8,11 9,12 9,13 10,11 12,13
ENDCASE
CASE 14 1 T14_0266 12
EDGES 0,1 0,2 0,4 0,5 1,2 1,7 2,3 3,6 3,8 3,9 4,5 5,6 6,7 8,9 8,10 8,11 9,12 9,13 10,11 12,13
ENDCASE
CASE 14 1 T14_0266 13
EDGES 0,1 0,2 0,4 0,5 1,2 1,7 2,3 3,6 3,8 3,9 4,5 5,6 6,7 8,9 8,10 8,11 9,12 9,13 10,11 12,13
ENDCASE
CASE 14 1 T14_0267 0
EDGES 0,1 0,2 0,4 0,5 1,2 1,7 2,3 3,6 3,8 3,9 4,5 5,6 6,7 8,9 8,10 8,11 9,12 10,11 10,13 12,13
ENDCASE
CASE 14 1 T14_0267 1
EDGES 0,1 0,2 0,4 0,5 1,2 1,7 2,3 3,6 3,8 3,9 4,5 5,6 6,7 8,9 8,10 8,11 9,12 10,11 10,13 12,13
ENDCASE
CASE 14 1 T14_0267 2
EDGES 0,1 0,2 0,4 0,5 1,2 1,7 2,3 3,6 3,8 3,9 4,5 5,6 6,7 8,9 8,10 8,11 9,12 10,11 10,13 12,13
ENDCASE
CASE 14 1 T14_0267 3
EDGES 0,1 0,2 0,4 0,5 1,2 1,7 2,3 3,6 3,8 3,9 4,5 5,6 6,7 8,9 8,10 8,11 9,12 10,11 10,13 12,13
ENDCASE
CASE 14 1 T14_0267 4
EDGES 0,1 0,2 0,4 0,5 1,2 1,7 2,3 3,6 3,8 3,9 4,5 5,6 6,7 8,9 8,10 8,11 9,12 10,11 10,13 12,13
ENDCASE
CASE 14 1 T14_0267 5
EDGES 0,1 0,2 0,4 0,5 1,2 1,7 2,3 3,6 3,8 3,9 4,5 5,6 6,7 8,9 8,10 8,11 9,12 10,11 10,13 12,13
ENDCASE
CASE 14 1 T14_0267 6
EDGES 0,1 0,2 0,4 0,5 1,2 1,7 2,3 3,6 3,8 3,9 4,5 5,6 6,7 8,9 8,10 8,11 9,12 10,11 10,13 12,13
ENDCASE
CASE 14 1 T14_0267 7
EDGES 0,1 0,2 0,4 0,5 1,2 1,7 2,3 3,6 3,8 3,9 4,5 5,6 6,7 8,9 8,10 8,11 9,12 10,11 10,13 12,13
ENDCASE
CASE 14 1 T14_0267 8
EDGES 0,1 0,2 0,4 0,5 1,2 1,7 2,3 3,6 3,8 3,9 4,5 5,6 6,7 8,9 8,10 8,11 9,12 10,11 10,13 12,13
ENDCASE
CASE 14 1 T14_0267 9
EDGES 0,1 0,2 0,4 0,5 1,2 1,7 2,3 3,6 3,8 3,9 4,5 5,6 6,7 8,9 8,10 8,11 9,12 10,11 10,13 12,13
ENDCASE
CASE 14 1 T14_0267 10
EDGES 0,1 0,2 0,4 0,5 1,2 1,7 2,3 3,6 3,8 3,9 4,5 5,6 6,7 8,9 8,10 8,11 9,12 10,11 10,13 12,13
ENDCASE
CASE 14 1 T14_0267 11
EDGES 0,1 0,2 0,4 0,5 1,2 1,7 2,3 3,6 3,8 3,9 4,5 5,6 6,7 8,9 8,10 8,11 9,12 10,11 10,13 12,13
ENDCASE
CASE 14 1 T14_0267 12
EDGES 0,1 0,2 0,4 0,5 1,2 1,7 2,3 3,6 3,8 3,9 4,5 5,6 6,7 8,9 8,10 8,11 9,12 10,11 10,13 12,13
ENDCASE
CASE 14 1 T14_0267 13
EDGES 0,1 0,2 0,4 0,5 1,2 1,7 2,3 3,6 3,8 3,9 4,5 5,6 6,7 8,9 8,10 8,11 9,12 10,11 10,13 12,13
ENDCASE
CASE 14 1 T14_0268 0
EDGES 0,1 0,2 0,4 0,5 1,2 1,7 2,3 3,6 3,8 3,9 4,5 5,6 6,7 8,9 8,10 8,11 10,11 10,12 10,13 12,13
ENDCASE
CASE 14 1 T14_0268 1
EDGES 0,1 0,2 0,4 0,5 1,2 1,7 2,3 3,6 3,8 3,9 4,5 5,6 6,7 8,9 8,10 8,11 10,11 10,12 10,13 12,13
ENDCASE
CASE 14 1 T14_0268 2
EDGES 0,1 0,2 0,4 0,5 1,2 1,7 2,3 3,6 3,8 3,9 4,5 5,6 6,7 8,9 8,10 8,11 10,11 10,12 10,13 12,13
ENDCASE
CASE 14 1 T14_0268 3
EDGES 0,1 0,2 0,4 0,5 1,2 1,7 2,3 3,6 3,8 3,9 4,5 5,6 6,7 8,9 8,10 8,11 10,11 10,12 10,13 12,13
ENDCASE
CASE 14 1 T14_0268 4
EDGES 0,1 0,2 0,4 0,5 1,2 1,7 2,3 3,6 3,8 3,9 4,5 5,6 6,7 8,9 8,10 8,11 10,11 10,12 10,13 12,13
ENDCASE
CASE 14 1 T14_0268 5
EDGES 0,1 0,2 0,4 0,5 1,2 1,7 2,3 3,6 3,8 3,9 4,5 5,6 6,7 8,9 8,10 8,11 10,11 10,12 10,13 12,13
ENDCASE
CASE 14 1 T14_0268 6
EDGES 0,1 0,2 0,4 0,5 1,2 1,7 2,3 3,6 3,8 3,9 4,5 5,6 6,7 8,9 8,10 8,11 10,11 10,12 10,13 12,13
ENDCASE
CASE 14 1 T14_0268 7
EDGES 0,1 0,2 0,4 0,5 1,2 1,7 2,3 3,6 3,8 3,9 4,5 5,6 6,7 8,9 8,10 8,11 10,11 10,12 10,13 12,13
ENDCASE
CASE 14 1 T14_0268 8
EDGES 0,1 0,2 0,4 0,5 1,2 1,7 2,3 3,6 3,8 3,9 4,5 5,6 6,7 8,9 8,10 8,11 10,11 10,12 10,13 12,13
ENDCASE
CASE 14 1 T14_0268 9
EDGES 0,1 0,2 0,4 0,5 1,2 1,7 2,3 3,6 3,8 3,9 4,5 5,6 6,7 8,9 8,10 8,11 10,11 10,12 10,13 12,13
ENDCASE
CASE 14 1 T14_0268 10
EDGES 0,1 0,2 0,4 0,5 1,2 1,7 2,3 3,6 3,8 3,9 4,5 5,6 6,7 8,9 8,10 8,11 10,11 10,12 10,13 12,13
ENDCASE
CASE 14 1 T14_0268 11
EDGES 0,1 0,2 0,4 0,5 1,2 1,7 2,3 3,6 3,8 3,9 4,5 5,6 6,7 8,9 8,10 8,11 10,11 10,12 10,13 12,13
ENDCASE
CASE 14 1 T14_0268 12
EDGES 0,1 0,2 0,4 0,5 1,2 1,7 2,3 3,6 3,8 3,9 4,5 5,6 6,7 8,9 8,10 8,11 10,11 10,12 10,13 12,13
ENDCASE
CASE 14 1 T14_0268 13
EDGES 0,1 0,2 0,4 0,5 1,2 1,7 2,3 3,6 3,8 3,9 4,5 5,6 6,7 8,9 8,10 8,11 10,11 10,12 10,13 12,13
ENDCASE
CASE 14 1 T14_0276 0
EDGES 0,1 0,2 0,4 0,5 0,10 1,2 1,7 2,3 3,6 4,5 4,8 4,9 5,6 6,7 8,9 8,11 9,12 9,13 10,11 12,13
ENDCASE
CASE 14 1 T14_0277 0
EDGES 0,1 0,2 0,4 0,5 0,10 1,2 1,7 2,3 3,6 4,5 4,8 4,9 5,6 6,7 8,9 8,11 10,11 10,12 10,13 12,13
ENDCASE
CASE 14 1 T14_0278 0
EDGES 0,1 0,2 0,4 0,5 0,10 1,2 1,7 2,3 3,6 4,5 4,8 4,9 5,6 6,7 8,9 8,11 10,11 11,12 11,13 12,13
ENDCASE
CASE 14 1 T14_0289 5
EDGES 0,1 0,2 0,4 0,5 1,2 1,7 2,3 3,6 4,5 4,8 4,9 5,6 5,10 5,11 6,7 8,9 8,12 8,13 10,11 12,13
ENDCASE
CASE 14 1 T14_0290 5
EDGES 0,1 0,2 0,4 0,5 1,2 1,7 2,3 3,6 4,5 4,8 4,9 5,6 5,10 5,11 6,7 8,9 10,11 10,12 10,13 12,13
ENDCASE
CASE 14 1 T14_0291 4
EDGES 0,1 0,2 0,4 0,5 1,2 1,7 2,3 3,6 4,5 4,8 4,9 4,12 5,6 5,10 6,7 8,9 8,11 10,11 10,13 12,13
ENDCASE
CASE 14 1 T14_0292 4
EDGES 0,1 0,2 0,4 0,5 1,2 1,7 2,3 3,6 4,5 4,8 4,9 4,12 5,6 5,10 6,7 8,9 8,11 10,11 11,13 12,13
ENDCASE
CASE 14 1 T14_0293 5
EDGES 0,1 0,2 0,4 0,5 1,2 1,7 2,3 3,6 4,5 4,8 4,9 5,6 5,10 5,12 6,7 8,9 8,11 8,13 10,11 12,13
ENDCASE
CASE 14 1 T14_0294 6
EDGES 0,1 0,2 0,4 0,5 1,2 1,7 2,3 3,6 4,5 4,8 4,9 5,6 5,10 6,7 6,12 6,13 8,9 8,11 10,11 12,13
ENDCASE
CASE 14 1 T14_0295 8
EDGES 0,1 0,2 0,4 0,5 1,2 1,7 2,3 3,6 4,5 4,8 4,9 5,6 5,10 6,7 8,9 8,11 8,12 8,13 10,11 12,13
ENDCASE
CASE 14 1 T14_0296 0
EDGES 0,1 0,2 0,4 0,5 1,2 1,7 2,3 3,6 4,5 4,8 4,9 5,6 5,10 6,7 8,9 8,11 9,12 9,13 10,11 12,13
ENDCASE
CASE 14 1 T14_0296 1
EDGES 0,1 0,2 0,4 0,5 1,2 1,7 2,3 3,6 4,5 4,8 4,9 5,6 5,10 6,7 8,9 8,11 9,12 9,13 10,11 12,13
ENDCASE
CASE 14 1 T14_0296 2
EDGES 0,1 0,2 0,4 0,5 1,2 1,7 2,3 3,6 4,5 4,8 4,9 5,6 5,10 6,7 8,9 8,11 9,12 9,13 10,11 12,13
ENDCASE
CASE 14 1 T14_0296 3
EDGES 0,1 0,2 0,4 0,5 1,2 1,7 2,3 3,6 4,5 4,8 4,9 5,6 5,10 6,7 8,9 8,11 9,12 9,13 10,11 12,13
ENDCASE
CASE 14 1 T14_0296 4
EDGES 0,1 0,2 0,4 0,5 1,2 1,7 2,3 3,6 4,5 4,8 4,9 5,6 5,10 6,7 8,9 8,11 9,12 9,13 10,11 12,13
ENDCASE
CASE 14 1 T14_0296 5
EDGES 0,1 0,2 0,4 0,5 1,2 1,7 2,3 3,6 4,5 4,8 4,9 5,6 5,10 6,7 8,9 8,11 9,12 9,13 10,11 12,13
ENDCASE
CASE 14 1 T14_0296 6
EDGES 0,1 0,2 0,4 0,5 1,2 1,7 2,3 3,6 4,5 4,8 4,9 5,6 5,10 6,7 8,9 8,11 9,12 9,13 10,11 12,13
ENDCASE
CASE 14 1 T14_0296 7
EDGES 0,1 0,2 0,4 0,5 1,2 1,7 2,3 3,6 4,5 4,8 4,9 5,6 5,10 6,7 8,9 8,11 9,12 9,13 10,11 12,13
ENDCASE
CASE 14 1 T14_0296 8
EDGES 0,1 0,2 0,4 0,5 1,2 1,7 2,3 3,6 4,5 4,8 4,9 5,6 5,10 6,7 8,9 8,11 9,12 9,13 10,11 12,13
ENDCASE
CASE 14 1 T14_0296 9
EDGES 0,1 0,2 0,4 0,5 1,2 1,7 2,3 3,6 4,5 4,8 4,9 5,6 5,10 6,7 8,9 8,11 9,12 9,13 10,11 12,13
ENDCASE
CASE 14 1 T14_0296 10
EDGES 0,1 0,2 0,4 0,5 1,2 1,7 2,3 3,6 4,5 4,8 4,9 5,6 5,10 6,7 8,9 8,11 9,12 9,13 10,11 12,13
ENDCASE
CASE 14 1 T14_0296 11
EDGES 0,1 0,2 0,4 0,5 1,2 1,7 2,3 3,6 4,5 4,8 4,9 5,6 5,10 6,7 8,9 8,11 9,12 9,13 10,11 12,13
ENDCASE
CASE 14 1 T14_0296 12
EDGES 0,1 0,2 0,4 0,5 1,2 1,7 2,3 3,6 4,5 4,8 4,9 5,6 5,10 6,7 8,9 8,11 9,12 9,13 10,11 12,13
ENDCASE
CASE 14 1 T14_0296 13
EDGES 0,1 0,2 0,4 0,5 1,2 1,7 2,3 3,6 4,5 4,8 4,9 5,6 5,10 6,7 8,9 8,11 9,12 9,13 10,11 12,13
ENDCASE
CASE 14 1 T14_0297 0
EDGES 0,1 0,2 0,4 0,5 1,2 1,7 2,3 3,6 4,5 4,8 4,9 5,6 5,10 6,7 8,9 8,11 10,11 10,12 10,13 12,13
ENDCASE
CASE 14 1 T14_0297 1
EDGES 0,1 0,2 0,4 0,5 1,2 1,7 2,3 3,6 4,5 4,8 4,9 5,6 5,10 6,7 8,9 8,11 10,11 10,12 10,13 12,13
ENDCASE
CASE 14 1 T14_0297 2
EDGES 0,1 0,2 0,4 0,5 1,2 1,7 2,3 3,6 4,5 4,8 4,9 5,6 5,10 6,7 8,9 8,11 10,11 10,12 10,13 12,13
ENDCASE
CASE 14 1 T14_0297 3
EDGES 0,1 0,2 0,4 0,5 1,2 1,7 2,3 3,6 4,5 4,8 4,9 5,6 5,10 6,7 8,9 8,11 10,11 10,12 10,13 12,13
ENDCASE
CASE 14 1 T14_0297 4
EDGES 0,1 0,2 0,4 0,5 1,2 1,7 2,3 3,6 4,5 4,8 4,9 5,6 5,10 6,7 8,9 8,11 10,11 10,12 10,13 12,13
ENDCASE
CASE 14 1 T14_0297 5
EDGES 0,1 0,2 0,4 0,5 1,2 1,7 2,3 3,6 4,5 4,8 4,9 5,6 5,10 6,7 8,9 8,11 10,11 10,12 10,13 12,13
ENDCASE
CASE 14 1 T14_0297 6
EDGES 0,1 0,2 0,4 0,5 1,2 1,7 2,3 3,6 4,5 4,8 4,9 5,6 5,10 6,7 8,9 8,11 10,11 10,12 10,13 12,13
ENDCASE
CASE 14 1 T14_0297 7
EDGES 0,1 0,2 0,4 0,5 1,2 1,7 2,3 3,6 4,5 4,8 4,9 5,6 5,10 6,7 8,9 8,11 10,11 10,12 10,13 12,13
ENDCASE
CASE 14 1 T14_0297 8
EDGES 0,1 0,2 0,4 0,5 1,2 1,7 2,3 3,6 4,5 4,8 4,9 5,6 5,10 6,7 8,9 8,11 10,11 10,12 10,13 12,13
ENDCASE
CASE 14 1 T14_0297 9
EDGES 0,1 0,2 0,4 0,5 1,2 1,7 2,3 3,6 4,5 4,8 4,9 5,6 5,10 6,7 8,9 8,11 10,11 10,12 10,13 12,13
ENDCASE
CASE 14 1 T14_0297 10
EDGES 0,1 0,2 0,4 0,5 1,2 1,7 2,3 3,6 4,5 4,8 4,9 5,6 5,10 6,7 8,9 8,11 10,11 10,12 10,13 12,13
ENDCASE
CASE 14 1 T14_0297 11
EDGES 0,1 0,2 0,4 0,5 1,2 1,7 2,3 3,6 4,5 4,8 4,9 5,6 5,10 6,7 8,9 8,11 10,11 10,12 10,13 12,13
ENDCASE
CASE 14 1 T14_0297 12
EDGES 0,1 0,2 0,4 0,5 1,2 1,7 2,3 3,6 4,5 4,8 4,9 5,6 5,10 6,7 8,9 8,11 10,11 10,12 10,13 12,13
ENDCASE
CASE 14 1 T14_0297 13
EDGES 0,1 0,2 0,4 0,5 1,2 1,7 2,3 3,6 4,5 4,8 4,9 5,6 5,10 6,7 8,9 8,11 10,11 10,12 10,13 12,13
ENDCASE
CASE 14 1 T14_0298 0
EDGES 0,1 0,2 0,4 0,5 1,2 1,7 2,3 3,6 4,5 4,8 4,9 5,6 5,10 6,7 8,9 8,11 10,11 11,12 11,13 12,13
ENDCASE
CASE 14 1 T14_0298 1
EDGES 0,1 0,2 0,4 0,5 1,2 1,7 2,3 3,6 4,5 4,8 4,9 5,6 5,10 6,7 8,9 8,11 10,11 11,12 11,13 12,13
ENDCASE
CASE 14 1 T14_0298 2
EDGES 0,1 0,2 0,4 0,5 1,2 1,7 2,3 3,6 4,5 4,8 4,9 5,6 5,10 6,7 8,9 8,11 10,11 11,12 11,13 12,13
ENDCASE
CASE 14 1 T14_0298 3
EDGES 0,1 0,2 0,4 0,5 1,2 1,7 2,3 3,6 4,5 4,8 4,9 5,6 5,10 6,7 8,9 8,11 10,11 11,12 11,13 12,13
ENDCASE
CASE 14 1 T14_0298 4
EDGES 0,1 0,2 0,4 0,5 1,2 1,7 2,3 3,6 4,5 4,8 4,9 5,6 5,10 6,7 8,9 8,11 10,11 11,12 11,13 12,13
ENDCASE
CASE 14 1 T14_0298 5
EDGES 0,1 0,2 0,4 0,5 1,2 1,7 2,3 3,6 4,5 4,8 4,9 5,6 5,10 6,7 8,9 8,11 10,11 11,12 11,13 12,13
ENDCASE
CASE 14 1 T14_0298 6
EDGES 0,1 0,2 0,4 0,5 1,2 1,7 2,3 3,6 4,5 4,8 4,9 5,6 5,10 6,7 8,9 8,11 10,11 11,12 11,13 12,13
ENDCASE
CASE 14 1 T14_0298 7
EDGES 0,1 0,2 0,4 0,5 1,2 1,7 2,3 3,6 4,5 4,8 4,9 5,6 5,10 6,7 8,9 8,11 10,11 11,12 11,13 12,13
ENDCASE
CASE 14 1 T14_0298 8
EDGES 0,1 0,2 0,4 0,5 1,2 1,7 2,3 3,6 4,5 4,8 4,9 5,6 5,10 6,7 8,9 8,11 10,11 11,12 11,13 12,13
ENDCASE
CASE 14 1 T14_0298 9
EDGES 0,1 0,2 0,4 0,5 1,2 1,7 2,3 3,6 4,5 4,8 4,9 5,6 5,10 6,7 8,9 8,11 10,11 11,12 11,13 12,13
ENDCASE
CASE 14 1 T14_0298 10
EDGES 0,1 0,2 0,4 0,5 1,2 1,7 2,3 3,6 4,5 4,8 4,9 5,6 5,10 6,7 8,9 8,11 10,11 11,12 11,13 12,13
ENDCASE
CASE 14 1 T14_0298 11
EDGES 0,1 0,2 0,4 0,5 1,2 1,7 2,3 3,6 4,5 4,8 4,9 5,6 5,10 6,7 8,9 8,11 10,11 11,12 11,13 12,13
ENDCASE
CASE 14 1 T14_0298 12
EDGES 0,1 0,2 0,4 0,5 1,2 1,7 2,3 3,6 4,5 4,8 4,9 5,6 5,10 6,7 8,9 8,11 10,11 11,12 11,13 12,13
ENDCASE
CASE 14 1 T14_0298 13
EDGES 0,1 0,2 0,4 0,5 1,2 1,7 2,3 3,6 4,5 4,8 4,9 5,6 5,10 6,7 8,9 8,11 10,11 11,12 11,13 12,13
ENDCASE
CASE 14 1 T14_0300 6
EDGES 0,1 0,2 0,4 0,5 1,2 1,7 2,3 3,6 4,5 4,8 4,9 5,6 6,7 6,10 6,11 8,9 8,12 8,13 10,11 12,13
ENDCASE
CASE 14 1 T14_0301 6
EDGES 0,1 0,2 0,4 0,5 1,2 1,7 2,3 3,6 4,5 4,8 4,9 5,6 6,7 6,10 6,11 8,9 10,11 10,12 10,13 12,13
ENDCASE
CASE 14 1 T14_0302 4
EDGES 0,1 0,2 0,4 0,5 1,2 1,7 2,3 3,6 4,5 4,8 4,9 4,12 5,6 6,7 8,9 8,10 8,11 10,11 10,13 12,13
ENDCASE
CASE 14 1 T14_0304 0
EDGES 0,1 0,2 0,4 0,5 1,2 1,7 2,3 3,6 4,5 4,8 4,9 5,6 6,7 8,9 8,10 8,11 9,12 9,13 10,11 12,13
ENDCASE
CASE 14 1 T14_0304 1
EDGES 0,1 0,2 0,4 0,5 1,2 1,7 2,3 3,6 4,5 4,8 4,9 5,6 6,7 8,9 8,10 8,11 9,12 9,13 10,11 12,13
ENDCASE
CASE 14 1 T14_0304 2
EDGES 0,1 0,2 0,4 0,5 1,2 1,7 2,3 3,6 4,5 4,8 4,9 5,6 6,7 8,9 8,10 8,11 9,12 9,13 10,11 12,13
ENDCASE
CASE 14 1 T14_0304 3
EDGES 0,1 0,2 0,4 0,5 1,2 1,7 2,3 3,6 4,5 4,8 4,9 5,6 6,7 8,9 8,10 8,11 9,12 9,13 10,11 12,13
ENDCASE
CASE 14 1 T14_0304 4
EDGES 0,1 0,2 0,4 0,5 1,2 1,7 2,3 3,6 4,5 4,8 4,9 5,6 6,7 8,9 8,10 8,11 9,12 9,13 10,11 12,13
ENDCASE
CASE 14 1 T14_0304 5
EDGES 0,1 0,2 0,4 0,5 1,2 1,7 2,3 3,6 4,5 4,8 4,9 5,6 6,7 8,9 8,10 8,11 9,12 9,13 10,11 12,13
ENDCASE
CASE 14 1 T14_0304 6
EDGES 0,1 0,2 0,4 0,5 1,2 1,7 2,3 3,6 4,5 4,8 4,9 5,6 6,7 8,9 8,10 8,11 9,12 9,13 10,11 12,13
ENDCASE
CASE 14 1 T14_0304 7
EDGES 0,1 0,2 0,4 0,5 1,2 1,7 2,3 3,6 4,5 4,8 4,9 5,6 6,7 8,9 8,10 8,11 9,12 9,13 10,11 12,13
ENDCASE
CASE 14 1 T14_0304 8
EDGES 0,1 0,2 0,4 0,5 1,2 1,7 2,3 3,6 4,5 4,8 4,9 5,6 6,7 8,9 8,10 8,11 9,12 9,13 10,11 12,13
ENDCASE
CASE 14 1 T14_0304 9
EDGES 0,1 0,2 0,4 0,5 1,2 1,7 2,3 3,6 4,5 4,8 4,9 5,6 6,7 8,9 8,10 8,11 9,12 9,13 10,11 12,13
ENDCASE
CASE 14 1 T14_0304 10
EDGES 0,1 0,2 0,4 0,5 1,2 1,7 2,3 3,6 4,5 4,8 4,9 5,6 6,7 8,9 8,10 8,11 9,12 9,13 10,11 12,13
ENDCASE
CASE 14 1 T14_0304 11
EDGES 0,1 0,2 0,4 0,5 1,2 1,7 2,3 3,6 4,5 4,8 4,9 5,6 6,7 8,9 8,10 8,11 9,12 9,13 10,11 12,13
ENDCASE
CASE 14 1 T14_0304 12
EDGES 0,1 0,2 0,4 0,5 1,2 1,7 2,3 3,6 4,5 4,8 4,9 5,6 6,7 8,9 8,10 8,11 9,12 9,13 10,11 12,13
ENDCASE
CASE 14 1 T14_0304 13
EDGES 0,1 0,2 0,4 0,5 1,2 1,7 2,3 3,6 4,5 4,8 4,9 5,6 6,7 8,9 8,10 8,11 9,12 9,13 10,11 12,13
ENDCASE
CASE 14 1 T14_0305 0
EDGES 0,1 0,2 0,4 0,5 1,2 1,7 2,3 3,6 4,5 4,8 4,9 5,6 6,7 8,9 8,10 8,11 9,12 10,11 10,13 12,13
ENDCASE
CASE 14 1 T14_0305 1
EDGES 0,1 0,2 0,4 0,5 1,2 1,7 2,3 3,6 4,5 4,8 4,9 5,6 6,7 8,9 8,10 8,11 9,12 10,11 10,13 12,13
ENDCASE
CASE 14 1 T14_0305 2
EDGES 0,1 0,2 0,4 0,5 1,2 1,7 2,3 3,6 4,5 4,8 4,9 5,6 6,7 8,9 8,10 8,11 9,12 10,11 10,13 12,13
ENDCASE
CASE 14 1 T14_0305 3
EDGES 0,1 0,2 0,4 0,5 1,2 1,7 2,3 3,6 4,5 4,8 4,9 5,6 6,7 8,9 8,10 8,11 9,12 10,11 10,13 12,13
ENDCASE
CASE 14 1 T14_0305 4
EDGES 0,1 0,2 0,4 0,5 1,2 1,7 2,3 3,6 4,5 4,8 4,9 5,6 6,7 8,9 8,10 8,11 9,12 10,11 10,13 12,13
ENDCASE
CASE 14 1 T14_0305 5
EDGES 0,1 0,2 0,4 0,5 1,2 1,7 2,3 3,6 4,5 4,8 4,9 5,6 6,7 8,9 8,10 8,11 9,12 10,11 10,13 12,13
ENDCASE
CASE 14 1 T14_0305 6
EDGES 0,1 0,2 0,4 0,5 1,2 1,7 2,3 3,6 4,5 4,8 4,9 5,6 6,7 8,9 8,10 8,11 9,12 10,11 10,13 12,13
ENDCASE
CASE 14 1 T14_0305 7
EDGES 0,1 0,2 0,4 0,5 1,2 1,7 2,3 3,6 4,5 4,8 4,9 5,6 6,7 8,9 8,10 8,11 9,12 10,11 10,13 12,13
ENDCASE
CASE 14 1 T14_0305 8
EDGES 0,1 0,2 0,4 0,5 1,2 1,7 2,3 3,6 4,5 4,8 4,9 5,6 6,7 8,9 8,10 8,11 9,12 10,11 10,13 12,13
ENDCASE
CASE 14 1 T14_0305 9
EDGES 0,1 0,2 0,4 0,5 1,2 1,7 2,3 3,6 4,5 4,8 4,9 5,6 6,7 8,9 8,10 8,11 9,12 10,11 10,13 12,13
ENDCASE
CASE 14 1 T14_0305 10
EDGES 0,1 0,2 0,4 0,5 1,2 1,7 2,3 3,6 4,5 4,8 4,9 5,6 6,7 8,9 8,10 8,11 9,12 10,11 10,13 12,13
ENDCASE
CASE 14 1 T14_0305 11
EDGES 0,1 0,2 0,4 0,5 1,2 1,7 2,3 3,6 4,5 4,8 4,9 5,6 6,7 8,9 8,10 8,11 9,12 10,11 10,13 12,13
ENDCASE
CASE 14 1 T14_0305 12
EDGES 0,1 0,2 0,4 0,5 1,2 1,7 2,3 3,6 4,5 4,8 4,9 5,6 6,7 8,9 8,10 8,11 9,12 10,11 10,13 12,13
ENDCASE
CASE 14 1 T14_0305 13
EDGES 0,1 0,2 0,4 0,5 1,2 1,7 2,3 3,6 4,5 4,8 4,9 5,6 6,7 8,9 8,10 8,11 9,12 10,11 10,13 12,13
ENDCASE
CASE 14 1 T14_0306 0
EDGES 0,1 0,2 0,4 0,5 1,2 1,7 2,3 3,6 4,5 4,8 4,9 5,6 6,7 8,9 8,10 8,11 10,11 10,12 10,13 12,13
ENDCASE
CASE 14 1 T14_0306 1
EDGES 0,1 0,2 0,4 0,5 1,2 1,7 2,3 3,6 4,5 4,8 4,9 5,6 6,7 8,9 8,10 8,11 10,11 10,12 10,13 12,13
ENDCASE
CASE 14 1 T14_0306 2
EDGES 0,1 0,2 0,4 0,5 1,2 1,7 2,3 3,6 4,5 4,8 4,9 5,6 6,7 8,9 8,10 8,11 10,11 10,12 10,13 12,13
ENDCASE
CASE 14 1 T14_0306 3
EDGES 0,1 0,2 0,4 0,5 1,2 1,7 2,3 3,6 4,5 4,8 4,9 5,6 6,7 8,9 8,10 8,11 10,11 10,12 10,13 12,13
ENDCASE
CASE 14 1 T14_0306 4
EDGES 0,1 0,2 0,4 0,5 1,2 1,7 2,3 3,6 4,5 4,8 4,9 5,6 6,7 8,9 8,10 8,11 10,11 10,12 10,13 12,13
ENDCASE
CASE 14 1 T14_0306 5
EDGES 0,1 0,2 0,4 0,5 1,2 1,7 2,3 3,6 4,5 4,8 4,9 5,6 6,7 8,9 8,10 8,11 10,11 10,12 10,13 12,13
ENDCASE
CASE 14 1 T14_0306 6
EDGES 0,1 0,2 0,4 0,5 1,2 1,7 2,3 3,6 4,5 4,8 4,9 5,6 6,7 8,9 8,10 8,11 10,11 10,12 10,13 12,13
ENDCASE
CASE 14 1 T14_0306 7
EDGES 0,1 0,2 0,4 0,5 1,2 1,7 2,3 3,6 4,5 4,8 4,9 5,6 6,7 8,9 8,10 8,11 10,11 10,12 10,13 12,13
ENDCASE
CASE 14 1 T14_0306 8
EDGES 0,1 0,2 0,4 0,5 1,2 1,7 2,3 3,6 4,5 4,8 4,9 5,6 6,7 8,9 8,10 8,11 10,11 10,12 10,13 12,13
ENDCASE
CASE 14 1 T14_0306 9
EDGES 0,1 0,2 0,4 0,5 1,2 1,7 2,3 3,6 4,5 4,8 4,9 5,6 6,7 8,9 8,10 8,11 10,11 10,12 10,13 12,13
ENDCASE
CASE 14 1 T14_0306 10
EDGES 0,1 0,2 0,4 0,5 1,2 1,7 2,3 3,6 4,5 4,8 4,9 5,6 6,7 8,9 8,10 8,11 10,11 10,12 10,13 12,13
ENDCASE
CASE 14 1 T14_0306 11
EDGES 0,1 0,2 0,4 0,5 1,2 1,7 2,3 3,6 4,5 4,8 4,9 5,6 6,7 8,9 8,10 8,11 10,11 10,12 10,13 12,13
ENDCASE
CASE 14 1 T14_0306 12
EDGES 0,1 0,2 0,4 0,5 1,2 1,7 2,3 3,6 4,5 4,8 4,9 5,6 6,7 8,9 8,10 8,11 10,11 10,12 10,13 12,13
ENDCASE
CASE 14 1 T14_0306 13
EDGES 0,1 0,2 0,4 0,5 1,2 1,7 2,3 3,6 4,5 4,8 4,9 5,6 6,7 8,9 8,10 8,11 10,11 10,12 10,13 12,13
ENDCASE
CASE 14 1 T14_0307 5
EDGES 0,1 0,2 0,4 0,5 1,2 1,7 2,3 3,6 4,5 4,10 4,12 5,6 5,8 5,9 6,7 8,9 8,11 8,13 10,11 12,13
ENDCASE
CASE 14 1 T14_0313 5
EDGES 0,1 0,2 0,4 0,5 1,2 1,7 2,3 3,6 4,5 4,10 5,6 5,8 5,9 6,7 8,9 8,11 9,12 9,13 10,11 12,13
ENDCASE
CASE 14 1 T14_0314 5
EDGES 0,1 0,2 0,4 0,5 1,2 1,7 2,3 3,6 4,5 4,10 5,6 5,8 5,9 6,7 8,9 8,11 10,11 10,12 10,13 12,13
ENDCASE
CASE 14 1 T14_0315 5
EDGES 0,1 0,2 0,4 0,5 1,2 1,7 2,3 3,6 4,5 4,10 5,6 5,8 5,9 6,7 8,9 8,11 10,11 11,12 11,13 12,13
ENDCASE
CASE 14 1 T14_0325 5
EDGES 0,1 0,2 0,4 0,5 1,2 1,7 2,3 3,6 4,5 5,6 5,8 5,9 6,7 8,9 8,10 8,11 9,12 9,13 10,11 12,13
ENDCASE
CASE 14 1 T14_0326 5
EDGES 0,1 0,2 0,4 0,5 1,2 1,7 2,3 3,6 4,5 5,6 5,8 5,9 6,7 8,9 8,10 8,11 9,12 10,11 10,13 12,13
ENDCASE
CASE 14 1 T14_0327 5
EDGES 0,1 0,2 0,4 0,5 1,2 1,7 2,3 3,6 4,5 5,6 5,8 5,9 6,7 8,9 8,10 8,11 10,11 10,12 10,13 12,13
ENDCASE
CASE 14 1 T14_0333 6
EDGES 0,1 0,2 0,4 0,5 1,2 1,7 2,3 3,6 4,5 5,6 6,7 6,8 6,9 8,9 8,10 8,11 9,12 9,13 10,11 12,13
ENDCASE
CASE 14 1 T14_0334 6
EDGES 0,1 0,2 0,4 0,5 1,2 1,7 2,3 3,6 4,5 5,6 6,7 6,8 6,9 8,9 8,10 8,11 9,12 10,11 10,13 12,13
ENDCASE
CASE 14 1 T14_0335 6
EDGES 0,1 0,2 0,4 0,5 1,2 1,7 2,3 3,6 4,5 5,6 6,7 6,8 6,9 8,9 8,10 8,11 10,11 10,12 10,13 12,13
ENDCASE
CASE 14 1 T14_0367 0
EDGES 0,1 0,4 0,5 0,8 0,9 1,2 1,4 1,7 2,6 2,10 2,11 3,5 3,6 3,7 4,12 4,13 5,6 8,9 10,11 12,13
ENDCASE
CASE 14 1 T14_0368 0
EDGES 0,1 0,4 0,5 0,8 0,9 1,2 1,4 1,7 2,6 2,10 2,11 3,5 3,6 3,7 4,12 5,6 8,9 8,13 10,11 12,13
ENDCASE
CASE 14 1 T14_0371 0
EDGES 0,1 0,4 0,5 0,8 0,9 1,2 1,4 1,7 2,6 2,10 2,11 3,5 3,6 3,7 5,6 7,12 7,13 8,9 10,11 12,13
ENDCASE
CASE 14 1 T14_0372 0
EDGES 0,1 0,4 0,5 0,8 0,9 1,2 1,4 1,7 2,6 2,10 2,11 3,5 3,6 3,7 5,6 8,9 8,12 8,13 10,11 12,13
ENDCASE
CASE 14 1 T14_0373 0
EDGES 0,1 0,4 0,5 0,8 0,9 1,2 1,4 1,7 2,6 2,10 2,11 3,5 3,6 3,7 5,6 8,9 10,11 10,12 10,13 12,13
ENDCASE
CASE 14 1 T14_0386 0
EDGES 0,1 0,4 0,5 0,8 0,9 1,2 1,4 1,7 2,6 3,5 3,6 3,7 4,10 4,11 5,6 8,9 8,12 8,13 10,11 12,13
ENDCASE
CASE 14 1 T14_0387 0
EDGES 0,1 0,4 0,5 0,8 0,9 1,2 1,4 1,7 2,6 3,5 3,6 3,7 4,10 4,11 5,6 8,9 10,11 10,12 10,13 12,13
ENDCASE
CASE 14 1 T14_0390 0
EDGES 0,1 0,4 0,5 0,8 0,9 1,2 1,4 1,7 2,6 3,5 3,6 3,7 4,10 4,12 5,6 8,9 8,11 8,13 10,11 12,13
ENDCASE
CASE 14 1 T14_0393 0
EDGES 0,1 0,4 0,5 0,8 0,9 1,2 1,4 1,7 2,6 3,5 3,6 3,7 4,10 5,6 8,9 8,11 9,12 9,13 10,11 12,13
ENDCASE
CASE 14 1 T14_0394 0
EDGES 0,1 0,4 0,5 0,8 0,9 1,2 1,4 1,7 2,6 3,5 3,6 3,7 4,10 5,6 8,9 8,11 10,11 10,12 10,13 12,13
ENDCASE
CASE 14 1 T14_0395 0
EDGES 0,1 0,4 0,5 0,8 0,9 1,2 1,4 1,7 2,6 3,5 3,6 3,7 4,10 5,6 8,9 8,11 10,11 11,12 11,13 12,13
ENDCASE
CASE 14 1 T14_0401 0
EDGES 0,1 0,4 0,5 0,8 0,9 1,2 1,4 1,7 2,6 3,5 3,6 3,7 5,6 8,9 8,10 8,11 9,12 9,13 10,11 12,13
ENDCASE
CASE 14 1 T14_0402 0
EDGES 0,1 0,4 0,5 0,8 0,9 1,2 1,4 1,7 2,6 3,5 3,6 3,7 5,6 8,9 8,10 8,11 9,12 10,11 10,13 12,13
ENDCASE
CASE 14 1 T14_0403 0
EDGES 0,1 0,4 0,5 0,8 0,9 1,2 1,4 1,7 2,6 3,5 3,6 3,7 5,6 8,9 8,10 8,11 10,11 10,12 10,13 12,13
ENDCASE
CASE 14 1 T14_0470 1
EDGES 0,1 0,4 0,5 1,2 1,4 1,7 1,8 2,6 2,10 2,11 3,5 3,6 3,7 4,12 4,13 5,6 5,9 8,9 10,11 12,13
ENDCASE
CASE 14 1 T14_0473 1
EDGES 0,1 0,4 0,5 1,2 1,4 1,7 1,8 2,6 2,10 2,11 3,5 3,6 3,7 5,6 5,9 7,12 7,13 8,9 10,11 12,13
ENDCASE
CASE 14 1 T14_0474 1
EDGES 0,1 0,4 0,5 1,2 1,4 1,7 1,8 2,6 2,10 2,11 3,5 3,6 3,7 5,6 5,9 8,9 8,12 8,13 10,11 12,13
ENDCASE
CASE 14 1 T14_0475 1
EDGES 0,1 0,4 0,5 1,2 1,4 1,7 1,8 2,6 2,10 2,11 3,5 3,6 3,7 5,6 5,9 8,9 9,12 9,13 10,11 12,13
ENDCASE
CASE 14 1 T14_0476 1
EDGES 0,1 0,4 0,5 1,2 1,4 1,7 1,8 2,6 2,10 2,11 3,5 3,6 3,7 5,6 5,9 8,9 10,11 10,12 10,13 12,13
ENDCASE
CASE 14 1 T14_0484 1
EDGES 0,1 0,4 0,5 0,12 1,2 1,4 1,7 1,8 2,6 3,5 3,6 3,7 4,10 4,11 5,6 5,9 8,9 10,11 10,13 12,13
ENDCASE
CASE 14 1 T14_0488 1
EDGES 0,1 0,4 0,5 1,2 1,4 1,7 1,8 2,6 3,5 3,6 3,7 4,10 4,11 5,6 5,9 8,9 8,12 8,13 10,11 12,13
ENDCASE
CASE 14 1 T14_0489 1
EDGES 0,1 0,4 0,5 1,2 1,4 1,7 1,8 2,6 3,5 3,6 3,7 4,10 4,11 5,6 5,9 8,9 9,12 9,13 10,11 12,13
ENDCASE
CASE 14 1 T14_0490 1
EDGES 0,1 0,4 0,5 1,2 1,4 1,7 1,8 2,6 3,5 3,6 3,7 4,10 4,11 5,6 5,9 8,9 10,11 10,12 10,13 12,13
ENDCASE
CASE 14 1 T14_0496 1
EDGES 0,1 0,4 0,5 1,2 1,4 1,7 1,8 2,6 3,5 3,6 3,7 5,6 5,9 8,9 8,10 8,11 9,12 9,13 10,11 12,13
ENDCASE
CASE 14 1 T14_0497 1
EDGES 0,1 0,4 0,5 1,2 1,4 1,7 1,8 2,6 3,5 3,6 3,7 5,6 5,9 8,9 8,10 8,11 10,11 10,12 10,13 12,13
ENDCASE
CASE 14 1 T14_0499 1
EDGES 0,1 0,4 0,5 1,2 1,4 1,7 1,8 2,6 3,5 3,6 3,7 5,6 5,9 8,9 9,10 9,11 10,11 10,12 10,13 12,13
ENDCASE
CASE 14 1 T14_0509 3
EDGES 0,1 0,4 0,5 1,2 1,4 1,7 2,6 2,8 2,9 3,5 3,6 3,7 3,10 3,11 4,12 4,13 5,6 8,9 10,11 12,13
ENDCASE
CASE 14 1 T14_0512 3
EDGES 0,1 0,4 0,5 1,2 1,4 1,7 2,6 2,8 2,9 3,5 3,6 3,7 3,10 3,11 5,6 7,12 7,13 8,9 10,11 12,13
ENDCASE
CASE 14 1 T14_0513 3
EDGES 0,1 0,4 0,5 1,2 1,4 1,7 2,6 2,8 2,9 3,5 3,6 3,7 3,10 3,11 5,6 8,9 8,12 8,13 10,11 12,13
ENDCASE
CASE 14 1 T14_0514 3
EDGES 0,1 0,4 0,5 1,2 1,4 1,7 2,6 2,8 2,9 3,5 3,6 3,7 3,10 3,11 5,6 8,9 10,11 10,12 10,13 12,13
ENDCASE
CASE 14 1 T14_0515 0
EDGES 0,1 0,4 0,5 0,12 1,2 1,4 1,7 2,6 2,8 2,9 3,5 3,6 3,7 4,10 4,11 5,6 8,9 10,11 10,13 12,13
ENDCASE
CASE 14 1 T14_0515 1
EDGES 0,1 0,4 0,5 0,12 1,2 1,4 1,7 2,6 2,8 2,9 3,5 3,6 3,7 4,10 4,11 5,6 8,9 10,11 10,13 12,13
ENDCASE
CASE 14 1 T14_0515 2
EDGES 0,1 0,4 0,5 0,12 1,2 1,4 1,7 2,6 2,8 2,9 3,5 3,6 3,7 4,10 4,11 5,6 8,9 10,11 10,13 12,13
ENDCASE
CASE 14 1 T14_0515 3
EDGES 0,1 0,4 0,5 0,12 1,2 1,4 1,7 2,6 2,8 2,9 3,5 3,6 3,7 4,10 4,11 5,6 8,9 10,11 10,13 12,13
ENDCASE
CASE 14 1 T14_0515 4
EDGES 0,1 0,4 0,5 0,12 1,2 1,4 1,7 2,6 2,8 2,9 3,5 3,6 3,7 4,10 4,11 5,6 8,9 10,11 10,13 12,13
ENDCASE
CASE 14 1 T14_0515 5
EDGES 0,1 0,4 0,5 0,12 1,2 1,4 1,7 2,6 2,8 2,9 3,5 3,6 3,7 4,10 4,11 5,6 8,9 10,11 10,13 12,13
ENDCASE
CASE 14 1 T14_0515 6
EDGES 0,1 0,4 0,5 0,12 1,2 1,4 1,7 2,6 2,8 2,9 3,5 3,6 3,7 4,10 4,11 5,6 8,9 10,11 10,13 12,13
ENDCASE
CASE 14 1 T14_0515 7
EDGES 0,1 0,4 0,5 0,12 1,2 1,4 1,7 2,6 2,8 2,9 3,5 3,6 3,7 4,10 4,11 5,6 8,9 10,11 10,13 12,13
ENDCASE
CASE 14 1 T14_0515 8
EDGES 0,1 0,4 0,5 0,12 1,2 1,4 1,7 2,6 2,8 2,9 3,5 3,6 3,7 4,10 4,11 5,6 8,9 10,11 10,13 12,13
ENDCASE
CASE 14 1 T14_0515 9
EDGES 0,1 0,4 0,5 0,12 1,2 1,4 1,7 2,6 2,8 2,9 3,5 3,6 3,7 4,10 4,11 5,6 8,9 10,11 10,13 12,13
ENDCASE
CASE 14 1 T14_0515 10
EDGES 0,1 0,4 0,5 0,12 1,2 1,4 1,7 2,6 2,8 2,9 3,5 3,6 3,7 4,10 4,11 5,6 8,9 10,11 10,13 12,13
ENDCASE
CASE 14 1 T14_0515 11
EDGES 0,1 0,4 0,5 0,12 1,2 1,4 1,7 2,6 2,8 2,9 3,5 3,6 3,7 4,10 4,11 5,6 8,9 10,11 10,13 12,13
ENDCASE
CASE 14 1 T14_0515 12
EDGES 0,1 0,4 0,5 0,12 1,2 1,4 1,7 2,6 2,8 2,9 3,5 3,6 3,7 4,10 4,11 5,6 8,9 10,11 10,13 12,13
ENDCASE
CASE 14 1 T14_0515 13
EDGES 0,1 0,4 0,5 0,12 1,2 1,4 1,7 2,6 2,8 2,9 3,5 3,6 3,7 4,10 4,11 5,6 8,9 10,11 10,13 12,13
ENDCASE
CASE 14 1 T14_0516 1
EDGES 0,1 0,4 0,5 1,2 1,4 1,7 1,12 2,6 2,8 2,9 3,5 3,6 3,7 4,10 4,11 5,6 8,9 10,11 10,13 12,13
ENDCASE
CASE 14 1 T14_0518 5
EDGES 0,1 0,4 0,5 1,2 1,4 1,7 2,6 2,8 2,9 3,5 3,6 3,7 4,10 4,11 5,6 5,12 5,13 8,9 10,11 12,13
ENDCASE
CASE 14 1 T14_0519 6
EDGES 0,1 0,4 0,5 1,2 1,4 1,7 2,6 2,8 2,9 3,5 3,6 3,7 4,10 4,11 5,6 6,12 6,13 8,9 10,11 12,13
ENDCASE
CASE 14 1 T14_0520 0
EDGES 0,1 0,4 0,5 1,2 1,4 1,7 2,6 2,8 2,9 3,5 3,6 3,7 4,10 4,11 5,6 7,12 7,13 8,9 10,11 12,13
ENDCASE
CASE 14 1 T14_0520 1
EDGES 0,1 0,4 0,5 1,2 1,4 1,7 2,6 2,8 2,9 3,5 3,6 3,7 4,10 4,11 5,6 7,12 7,13 8,9 10,11 12,13
ENDCASE
CASE 14 1 T14_0520 2
EDGES 0,1 0,4 0,5 1,2 1,4 1,7 2,6 2,8 2,9 3,5 3,6 3,7 4,10 4,11 5,6 7,12 7,13 8,9 10,11 12,13
ENDCASE
CASE 14 1 T14_0520 3
EDGES 0,1 0,4 0,5 1,2 1,4 1,7 2,6 2,8 2,9 3,5 3,6 3,7 4,10 4,11 5,6 7,12 7,13 8,9 10,11 12,13
ENDCASE
CASE 14 1 T14_0520 4
EDGES 0,1 0,4 0,5 1,2 1,4 1,7 2,6 2,8 2,9 3,5 3,6 3,7 4,10 4,11 5,6 7,12 7,13 8,9 10,11 12,13
ENDCASE
CASE 14 1 T14_0520 5
EDGES 0,1 0,4 0,5 1,2 1,4 1,7 2,6 2,8 2,9 3,5 3,6 3,7 4,10 4,11 5,6 7,12 7,13 8,9 10,11 12,13
ENDCASE
CASE 14 1 T14_0520 6
EDGES 0,1 0,4 0,5 1,2 1,4 1,7 2,6 2,8 2,9 3,5 3,6 3,7 4,10 4,11 5,6 7,12 7,13 8,9 10,11 12,13
ENDCASE
CASE 14 1 T14_0520 7
EDGES 0,1 0,4 0,5 1,2 1,4 1,7 2,6 2,8 2,9 3,5 3,6 3,7 4,10 4,11 5,6 7,12 7,13 8,9 10,11 12,13
ENDCASE
CASE 14 1 T14_0520 8
EDGES 0,1 0,4 0,5 1,2 1,4 1,7 2,6 2,8 2,9 3,5 3,6 3,7 4,10 4,11 5,6 7,12 7,13 8,9 10,11 12,13
ENDCASE
CASE 14 1 T14_0520 9
EDGES 0,1 0,4 0,5 1,2 1,4 1,7 2,6 2,8 2,9 3,5 3,6 3,7 4,10 4,11 5,6 7,12 7,13 8,9 10,11 12,13
ENDCASE
CASE 14 1 T14_0520 10
EDGES 0,1 0,4 0,5 1,2 1,4 1,7 2,6 2,8 2,9 3,5 3,6 3,7 4,10 4,11 5,6 7,12 7,13 8,9 10,11 12,13
ENDCASE
CASE 14 1 T14_0520 11
EDGES 0,1 0,4 0,5 1,2 1,4 1,7 2,6 2,8 2,9 3,5 3,6 3,7 4,10 4,11 5,6 7,12 7,13 8,9 10,11 12,13
ENDCASE
CASE 14 1 T14_0520 12
EDGES 0,1 0,4 0,5 1,2 1,4 1,7 2,6 2,8 2,9 3,5 3,6 3,7 4,10 4,11 5,6 7,12 7,13 8,9 10,11 12,13
ENDCASE
CASE 14 1 T14_0520 13
EDGES 0,1 0,4 0,5 1,2 1,4 1,7 2,6 2,8 2,9 3,5 3,6 3,7 4,10 4,11 5,6 7,12 7,13 8,9 10,11 12,13
ENDCASE
CASE 14 1 T14_0521 0
EDGES 0,1 0,4 0,5 1,2 1,4 1,7 2,6 2,8 2,9 3,5 3,6 3,7 4,10 4,11 5,6 8,9 8,12 8,13 10,11 12,13
ENDCASE
CASE 14 1 T14_0521 1
EDGES 0,1 0,4 0,5 1,2 1,4 1,7 2,6 2,8 2,9 3,5 3,6 3,7 4,10 4,11 5,6 8,9 8,12 8,13 10,11 12,13
ENDCASE
CASE 14 1 T14_0521 2
EDGES 0,1 0,4 0,5 1,2 1,4 1,7 2,6 2,8 2,9 3,5 3,6 3,7 4,10 4,11 5,6 8,9 8,12 8,13 10,11 12,13
ENDCASE
CASE 14 1 T14_0521 3
EDGES 0,1 0,4 0,5 1,2 1,4 1,7 2,6 2,8 2,9 3,5 3,6 3,7 4,10 4,11 5,6 8,9 8,12 8,13 10,11 12,13
ENDCASE
CASE 14 1 T14_0521 4
EDGES 0,1 0,4 0,5 1,2 1,4 1,7 2,6 2,8 2,9 3,5 3,6 3,7 4,10 4,11 5,6 8,9 8,12 8,13 10,11 12,13
ENDCASE
CASE 14 1 T14_0521 5
EDGES 0,1 0,4 0,5 1,2 1,4 1,7 2,6 2,8 2,9 3,5 3,6 3,7 4,10 4,11 5,6 8,9 8,12 8,13 10,11 12,13
ENDCASE
CASE 14 1 T14_0521 6
EDGES 0,1 0,4 0,5 1,2 1,4 1,7 2,6 2,8 2,9 3,5 3,6 3,7 4,10 4,11 5,6 8,9 8,12 8,13 10,11 12,13
ENDCASE
CASE 14 1 T14_0521 7
EDGES 0,1 0,4 0,5 1,2 1,4 1,7 2,6 2,8 2,9 3,5 3,6 3,7 4,10 4,11 5,6 8,9 8,12 8,13 10,11 12,13
ENDCASE
CASE 14 1 T14_0521 8
EDGES 0,1 0,4 0,5 1,2 1,4 1,7 2,6 2,8 2,9 3,5 3,6 3,7 4,10 4,11 5,6 8,9 8,12 8,13 10,11 12,13
ENDCASE
CASE 14 1 T14_0521 9
EDGES 0,1 0,4 0,5 1,2 1,4 1,7 2,6 2,8 2,9 3,5 3,6 3,7 4,10 4,11 5,6 8,9 8,12 8,13 10,11 12,13
ENDCASE
CASE 14 1 T14_0521 10
EDGES 0,1 0,4 0,5 1,2 1,4 1,7 2,6 2,8 2,9 3,5 3,6 3,7 4,10 4,11 5,6 8,9 8,12 8,13 10,11 12,13
ENDCASE
CASE 14 1 T14_0521 11
EDGES 0,1 0,4 0,5 1,2 1,4 1,7 2,6 2,8 2,9 3,5 3,6 3,7 4,10 4,11 5,6 8,9 8,12 8,13 10,11 12,13
ENDCASE
CASE 14 1 T14_0521 12
EDGES 0,1 0,4 0,5 1,2 1,4 1,7 2,6 2,8 2,9 3,5 3,6 3,7 4,10 4,11 5,6 8,9 8,12 8,13 10,11 12,13
ENDCASE
CASE 14 1 T14_0521 13
EDGES 0,1 0,4 0,5 1,2 1,4 1,7 2,6 2,8 2,9 3,5 3,6 3,7 4,10 4,11 5,6 8,9 8,12 8,13 10,11 12,13
ENDCASE
CASE 14 1 T14_0522 0
EDGES 0,1 0,4 0,5 1,2 1,4 1,7 2,6 2,8 2,9 3,5 3,6 3,7 4,10 4,11 5,6 8,9 10,11 10,12 10,13 12,13
ENDCASE
CASE 14 1 T14_0522 1
EDGES 0,1 0,4 0,5 1,2 1,4 1,7 2,6 2,8 2,9 3,5 3,6 3,7 4,10 4,11 5,6 8,9 10,11 10,12 10,13 12,13
ENDCASE
CASE 14 1 T14_0522 2
EDGES 0,1 0,4 0,5 1,2 1,4 1,7 2,6 2,8 2,9 3,5 3,6 3,7 4,10 4,11 5,6 8,9 10,11 10,12 10,13 12,13
ENDCASE
CASE 14 1 T14_0522 3
EDGES 0,1 0,4 0,5 1,2 1,4 1,7 2,6 2,8 2,9 3,5 3,6 3,7 4,10 4,11 5,6 8,9 10,11 10,12 10,13 12,13
ENDCASE
CASE 14 1 T14_0522 4
EDGES 0,1 0,4 0,5 1,2 1,4 1,7 2,6 2,8 2,9 3,5 3,6 3,7 4,10 4,11 5,6 8,9 10,11 10,12 10,13 12,13
ENDCASE
CASE 14 1 T14_0522 5
EDGES 0,1 0,4 0,5 1,2 1,4 1,7 2,6 2,8 2,9 3,5 3,6 3,7 4,10 4,11 5,6 8,9 10,11 10,12 10,13 12,13
ENDCASE
CASE 14 1 T14_0522 6
EDGES 0,1 0,4 0,5 1,2 1,4 1,7 2,6 2,8 2,9 3,5 3,6 3,7 4,10 4,11 5,6 8,9 10,11 10,12 10,13 12,13
ENDCASE
CASE 14 1 T14_0522 7
EDGES 0,1 0,4 0,5 1,2 1,4 1,7 2,6 2,8 2,9 3,5 3,6 3,7 4,10 4,11 5,6 8,9 10,11 10,12 10,13 12,13
ENDCASE
CASE 14 1 T14_0522 8
EDGES 0,1 0,4 0,5 1,2 1,4 1,7 2,6 2,8 2,9 3,5 3,6 3,7 4,10 4,11 5,6 8,9 10,11 10,12 10,13 12,13
ENDCASE
CASE 14 1 T14_0522 9
EDGES 0,1 0,4 0,5 1,2 1,4 1,7 2,6 2,8 2,9 3,5 3,6 3,7 4,10 4,11 5,6 8,9 10,11 10,12 10,13 12,13
ENDCASE
CASE 14 1 T14_0522 10
EDGES 0,1 0,4 0,5 1,2 1,4 1,7 2,6 2,8 2,9 3,5 3,6 3,7 4,10 4,11 5,6 8,9 10,11 10,12 10,13 12,13
ENDCASE
CASE 14 1 T14_0522 11
EDGES 0,1 0,4 0,5 1,2 1,4 1,7 2,6 2,8 2,9 3,5 3,6 3,7 4,10 4,11 5,6 8,9 10,11 10,12 10,13 12,13
ENDCASE
CASE 14 1 T14_0522 12
EDGES 0,1 0,4 0,5 1,2 1,4 1,7 2,6 2,8 2,9 3,5 3,6 3,7 4,10 4,11 5,6 8,9 10,11 10,12 10,13 12,13
ENDCASE
CASE 14 1 T14_0522 13
EDGES 0,1 0,4 0,5 1,2 1,4 1,7 2,6 2,8 2,9 3,5 3,6 3,7 4,10 4,11 5,6 8,9 10,11 10,12 10,13 12,13
ENDCASE
CASE 14 1 T14_0525 5
EDGES 0,1 0,4 0,5 1,2 1,4 1,7 2,6 2,8 2,9 3,5 3,6 3,7 5,6 5,10 5,11 7,12 7,13 8,9 10,11 12,13
ENDCASE
CASE 14 1 T14_0526 5
EDGES 0,1 0,4 0,5 1,2 1,4 1,7 2,6 2,8 2,9 3,5 3,6 3,7 5,6 5,10 5,11 8,9 8,12 8,13 10,11 12,13
ENDCASE
CASE 14 1 T14_0527 5
EDGES 0,1 0,4 0,5 1,2 1,4 1,7 2,6 2,8 2,9 3,5 3,6 3,7 5,6 5,10 5,11 8,9 10,11 10,12 10,13 12,13
ENDCASE
CASE 14 1 T14_0529 6
EDGES 0,1 0,4 0,5 1,2 1,4 1,7 2,6 2,8 2,9 3,5 3,6 3,7 5,6 6,10 6,11 8,9 8,12 8,13 10,11 12,13
ENDCASE
CASE 14 1 T14_0530 6
EDGES 0,1 0,4 0,5 1,2 1,4 1,7 2,6 2,8 2,9 3,5 3,6 3,7 5,6 6,10 6,11 8,9 10,11 10,12 10,13 12,13
ENDCASE
CASE 14 1 T14_0531 0
EDGES 0,1 0,4 0,5 1,2 1,4 1,7 2,6 2,8 2,9 3,5 3,6 3,7 5,6 7,10 7,11 8,9 8,12 8,13 10,11 12,13
ENDCASE
CASE 14 1 T14_0531 1
EDGES 0,1 0,4 0,5 1,2 1,4 1,7 2,6 2,8 2,9 3,5 3,6 3,7 5,6 7,10 7,11 8,9 8,12 8,13 10,11 12,13
ENDCASE
CASE 14 1 T14_0531 2
EDGES 0,1 0,4 0,5 1,2 1,4 1,7 2,6 2,8 2,9 3,5 3,6 3,7 5,6 7,10 7,11 8,9 8,12 8,13 10,11 12,13
ENDCASE
CASE 14 1 T14_0531 3
EDGES 0,1 0,4 0,5 1,2 1,4 1,7 2,6 2,8 2,9 3,5 3,6 3,7 5,6 7,10 7,11 8,9 8,12 8,13 10,11 12,13
ENDCASE
CASE 14 1 T14_0531 4
EDGES 0,1 0,4 0,5 1,2 1,4 1,7 2,6 2,8 2,9 3,5 3,6 3,7 5,6 7,10 7,11 8,9 8,12 8,13 10,11 12,13
ENDCASE
CASE 14 1 T14_0531 5
EDGES 0,1 0,4 0,5 1,2 1,4 1,7 2,6 2,8 2,9 3,5 3,6 3,7 5,6 7,10 7,11 8,9 8,12 8,13 10,11 12,13
ENDCASE
CASE 14 1 T14_0531 6
EDGES 0,1 0,4 0,5 1,2 1,4 1,7 2,6 2,8 2,9 3,5 3,6 3,7 5,6 7,10 7,11 8,9 8,12 8,13 10,11 12,13
ENDCASE
CASE 14 1 T14_0531 7
EDGES 0,1 0,4 0,5 1,2 1,4 1,7 2,6 2,8 2,9 3,5 3,6 3,7 5,6 7,10 7,11 8,9 8,12 8,13 10,11 12,13
ENDCASE
CASE 14 1 T14_0531 8
EDGES 0,1 0,4 0,5 1,2 1,4 1,7 2,6 2,8 2,9 3,5 3,6 3,7 5,6 7,10 7,11 8,9 8,12 8,13 10,11 12,13
ENDCASE
CASE 14 1 T14_0531 9
EDGES 0,1 0,4 0,5 1,2 1,4 1,7 2,6 2,8 2,9 3,5 3,6 3,7 5,6 7,10 7,11 8,9 8,12 8,13 10,11 12,13
ENDCASE
CASE 14 1 T14_0531 10
EDGES 0,1 0,4 0,5 1,2 1,4 1,7 2,6 2,8 2,9 3,5 3,6 3,7 5,6 7,10 7,11 8,9 8,12 8,13 10,11 12,13
ENDCASE
CASE 14 1 T14_0531 11
EDGES 0,1 0,4 0,5 1,2 1,4 1,7 2,6 2,8 2,9 3,5 3,6 3,7 5,6 7,10 7,11 8,9 8,12 8,13 10,11 12,13
ENDCASE
CASE 14 1 T14_0531 12
EDGES 0,1 0,4 0,5 1,2 1,4 1,7 2,6 2,8 2,9 3,5 3,6 3,7 5,6 7,10 7,11 8,9 8,12 8,13 10,11 12,13
ENDCASE
CASE 14 1 T14_0531 13
EDGES 0,1 0,4 0,5 1,2 1,4 1,7 2,6 2,8 2,9 3,5 3,6 3,7 5,6 7,10 7,11 8,9 8,12 8,13 10,11 12,13
ENDCASE
CASE 14 1 T14_0532 2
EDGES 0,1 0,4 0,5 1,2 1,4 1,7 2,6 2,8 2,9 2,12 3,5 3,6 3,7 5,6 8,9 8,10 8,11 10,11 10,13 12,13
ENDCASE
CASE 14 1 T14_0534 0
EDGES 0,1 0,4 0,5 1,2 1,4 1,7 2,6 2,8 2,9 3,5 3,6 3,7 5,6 8,9 8,10 8,11 9,12 9,13 10,11 12,13
ENDCASE
CASE 14 1 T14_0534 1
EDGES 0,1 0,4 0,5 1,2 1,4 1,7 2,6 2,8 2,9 3,5 3,6 3,7 5,6 8,9 8,10 8,11 9,12 9,13 10,11 12,13
ENDCASE
CASE 14 1 T14_0534 2
EDGES 0,1 0,4 0,5 1,2 1,4 1,7 2,6 2,8 2,9 3,5 3,6 3,7 5,6 8,9 8,10 8,11 9,12 9,13 10,11 12,13
ENDCASE
CASE 14 1 T14_0534 3
EDGES 0,1 0,4 0,5 1,2 1,4 1,7 2,6 2,8 2,9 3,5 3,6 3,7 5,6 8,9 8,10 8,11 9,12 9,13 10,11 12,13
ENDCASE
CASE 14 1 T14_0534 4
EDGES 0,1 0,4 0,5 1,2 1,4 1,7 2,6 2,8 2,9 3,5 3,6 3,7 5,6 8,9 8,10 8,11 9,12 9,13 10,11 12,13
ENDCASE
CASE 14 1 T14_0534 5
EDGES 0,1 0,4 0,5 1,2 1,4 1,7 2,6 2,8 2,9 3,5 3,6 3,7 5,6 8,9 8,10 8,11 9,12 9,13 10,11 12,13
ENDCASE
CASE 14 1 T14_0534 6
EDGES 0,1 0,4 0,5 1,2 1,4 1,7 2,6 2,8 2,9 3,5 3,6 3,7 5,6 8,9 8,10 8,11 9,12 9,13 10,11 12,13
ENDCASE
CASE 14 1 T14_0534 7
EDGES 0,1 0,4 0,5 1,2 1,4 1,7 2,6 2,8 2,9 3,5 3,6 3,7 5,6 8,9 8,10 8,11 9,12 9,13 10,11 12,13
ENDCASE
CASE 14 1 T14_0534 8
EDGES 0,1 0,4 0,5 1,2 1,4 1,7 2,6 2,8 2,9 3,5 3,6 3,7 5,6 8,9 8,10 8,11 9,12 9,13 10,11 12,13
ENDCASE
CASE 14 1 T14_0534 9
EDGES 0,1 0,4 0,5 1,2 1,4 1,7 2,6 2,8 2,9 3,5 3,6 3,7 5,6 8,9 8,10 8,11 9,12 9,13 10,11 12,13
ENDCASE
CASE 14 1 T14_0534 10
EDGES 0,1 0,4 0,5 1,2 1,4 1,7 2,6 2,8 2,9 3,5 3,6 3,7 5,6 8,9 8,10 8,11 9,12 9,13 10,11 12,13
ENDCASE
CASE 14 1 T14_0534 11
EDGES 0,1 0,4 0,5 1,2 1,4 1,7 2,6 2,8 2,9 3,5 3,6 3,7 5,6 8,9 8,10 8,11 9,12 9,13 10,11 12,13
ENDCASE
CASE 14 1 T14_0534 12
EDGES 0,1 0,4 0,5 1,2 1,4 1,7 2,6 2,8 2,9 3,5 3,6 3,7 5,6 8,9 8,10 8,11 9,12 9,13 10,11 12,13
ENDCASE
CASE 14 1 T14_0534 13
EDGES 0,1 0,4 0,5 1,2 1,4 1,7 2,6 2,8 2,9 3,5 3,6 3,7 5,6 8,9 8,10 8,11 9,12 9,13 10,11 12,13
ENDCASE
CASE 14 1 T14_0535 0
EDGES 0,1 0,4 0,5 1,2 1,4 1,7 2,6 2,8 2,9 3,5 3,6 3,7 5,6 8,9 8,10 8,11 9,12 10,11 10,13 12,13
ENDCASE
CASE 14 1 T14_0535 1
EDGES 0,1 0,4 0,5 1,2 1,4 1,7 2,6 2,8 2,9 3,5 3,6 3,7 5,6 8,9 8,10 8,11 9,12 10,11 10,13 12,13
ENDCASE
CASE 14 1 T14_0535 2
EDGES 0,1 0,4 0,5 1,2 1,4 1,7 2,6 2,8 2,9 3,5 3,6 3,7 5,6 8,9 8,10 8,11 9,12 10,11 10,13 12,13
ENDCASE
CASE 14 1 T14_0535 3
EDGES 0,1 0,4 0,5 1,2 1,4 1,7 2,6 2,8 2,9 3,5 3,6 3,7 5,6 8,9 8,10 8,11 9,12 10,11 10,13 12,13
ENDCASE
CASE 14 1 T14_0535 4
EDGES 0,1 0,4 0,5 1,2 1,4 1,7 2,6 2,8 2,9 3,5 3,6 3,7 5,6 8,9 8,10 8,11 9,12 10,11 10,13 12,13
ENDCASE
CASE 14 1 T14_0535 5
EDGES 0,1 0,4 0,5 1,2 1,4 1,7 2,6 2,8 2,9 3,5 3,6 3,7 5,6 8,9 8,10 8,11 9,12 10,11 10,13 12,13
ENDCASE
CASE 14 1 T14_0535 6
EDGES 0,1 0,4 0,5 1,2 1,4 1,7 2,6 2,8 2,9 3,5 3,6 3,7 5,6 8,9 8,10 8,11 9,12 10,11 10,13 12,13
ENDCASE
CASE 14 1 T14_0535 7
EDGES 0,1 0,4 0,5 1,2 1,4 1,7 2,6 2,8 2,9 3,5 3,6 3,7 5,6 8,9 8,10 8,11 9,12 10,11 10,13 12,13
ENDCASE
CASE 14 1 T14_0535 8
EDGES 0,1 0,4 0,5 1,2 1,4 1,7 2,6 2,8 2,9 3,5 3,6 3,7 5,6 8,9 8,10 8,11 9,12 10,11 10,13 12,13
ENDCASE
CASE 14 1 T14_0535 9
EDGES 0,1 0,4 0,5 1,2 1,4 1,7 2,6 2,8 2,9 3,5 3,6 3,7 5,6 8,9 8,10 8,11 9,12 10,11 10,13 12,13
ENDCASE
CASE 14 1 T14_0535 10
EDGES 0,1 0,4 0,5 1,2 1,4 1,7 2,6 2,8 2,9 3,5 3,6 3,7 5,6 8,9 8,10 8,11 9,12 10,11 10,13 12,13
ENDCASE
CASE 14 1 T14_0535 11
EDGES 0,1 0,4 0,5 1,2 1,4 1,7 2,6 2,8 2,9 3,5 3,6 3,7 5,6 8,9 8,10 8,11 9,12 10,11 10,13 12,13
ENDCASE
CASE 14 1 T14_0535 12
EDGES 0,1 0,4 0,5 1,2 1,4 1,7 2,6 2,8 2,9 3,5 3,6 3,7 5,6 8,9 8,10 8,11 9,12 10,11 10,13 12,13
ENDCASE
CASE 14 1 T14_0535 13
EDGES 0,1 0,4 0,5 1,2 1,4 1,7 2,6 2,8 2,9 3,5 3,6 3,7 5,6 8,9 8,10 8,11 9,12 10,11 10,13 12,13
ENDCASE
CASE 14 1 T14_0536 0
EDGES 0,1 0,4 0,5 1,2 1,4 1,7 2,6 2,8 2,9 3,5 3,6 3,7 5,6 8,9 8,10 8,11 10,11 10,12 10,13 12,13
ENDCASE
CASE 14 1 T14_0536 1
EDGES 0,1 0,4 0,5 1,2 1,4 1,7 2,6 2,8 2,9 3,5 3,6 3,7 5,6 8,9 8,10 8,11 10,11 10,12 10,13 12,13
ENDCASE
CASE 14 1 T14_0536 2
EDGES 0,1 0,4 0,5 1,2 1,4 1,7 2,6 2,8 2,9 3,5 3,6 3,7 5,6 8,9 8,10 8,11 10,11 10,12 10,13 12,13
ENDCASE
CASE 14 1 T14_0536 3
EDGES 0,1 0,4 0,5 1,2 1,4 1,7 2,6 2,8 2,9 3,5 3,6 3,7 5,6 8,9 8,10 8,11 10,11 10,12 10,13 12,13
ENDCASE
CASE 14 1 T14_0536 4
EDGES 0,1 0,4 0,5 1,2 1,4 1,7 2,6 2,8 2,9 3,5 3,6 3,7 5,6 8,9 8,10 8,11 10,11 10,12 10,13 12,13
ENDCASE
CASE 14 1 T14_0536 5
EDGES 0,1 0,4 0,5 1,2 1,4 1,7 2,6 2,8 2,9 3,5 3,6 3,7 5,6 8,9 8,10 8,11 10,11 10,12 10,13 12,13
ENDCASE
CASE 14 1 T14_0536 6
EDGES 0,1 0,4 0,5 1,2 1,4 1,7 2,6 2,8 2,9 3,5 3,6 3,7 5,6 8,9 8,10 8,11 10,11 10,12 10,13 12,13
ENDCASE
CASE 14 1 T14_0536 7
EDGES 0,1 0,4 0,5 1,2 1,4 1,7 2,6 2,8 2,9 3,5 3,6 3,7 5,6 8,9 8,10 8,11 10,11 10,12 10,13 12,13
ENDCASE
CASE 14 1 T14_0536 8
EDGES 0,1 0,4 0,5 1,2 1,4 1,7 2,6 2,8 2,9 3,5 3,6 3,7 5,6 8,9 8,10 8,11 10,11 10,12 10,13 12,13
ENDCASE
CASE 14 1 T14_0536 9
EDGES 0,1 0,4 0,5 1,2 1,4 1,7 2,6 2,8 2,9 3,5 3,6 3,7 5,6 8,9 8,10 8,11 10,11 10,12 10,13 12,13
ENDCASE
CASE 14 1 T14_0536 10
EDGES 0,1 0,4 0,5 1,2 1,4 1,7 2,6 2,8 2,9 3,5 3,6 3,7 5,6 8,9 8,10 8,11 10,11 10,12 10,13 12,13
ENDCASE
CASE 14 1 T14_0536 11
EDGES 0,1 0,4 0,5 1,2 1,4 1,7 2,6 2,8 2,9 3,5 3,6 3,7 5,6 8,9 8,10 8,11 10,11 10,12 10,13 12,13
ENDCASE
CASE 14 1 T14_0536 12
EDGES 0,1 0,4 0,5 1,2 1,4 1,7 2,6 2,8 2,9 3,5 3,6 3,7 5,6 8,9 8,10 8,11 10,11 10,12 10,13 12,13
ENDCASE
CASE 14 1 T14_0536 13
EDGES 0,1 0,4 0,5 1,2 1,4 1,7 2,6 2,8 2,9 3,5 3,6 3,7 5,6 8,9 8,10 8,11 10,11 10,12 10,13 12,13
ENDCASE
CASE 14 1 T14_0543 3
EDGES 0,1 0,4 0,5 0,12 1,2 1,4 1,7 2,6 3,5 3,6 3,7 3,8 3,9 4,10 4,11 5,6 8,9 10,11 10,13 12,13
ENDCASE
CASE 14 1 T14_0548 3
EDGES 0,1 0,4 0,5 1,2 1,4 1,7 2,6 3,5 3,6 3,7 3,8 3,9 4,10 4,11 5,6 8,9 8,12 8,13 10,11 12,13
ENDCASE
CASE 14 1 T14_0549 3
EDGES 0,1 0,4 0,5 1,2 1,4 1,7 2,6 3,5 3,6 3,7 3,8 3,9 4,10 4,11 5,6 8,9 10,11 10,12 10,13 12,13
ENDCASE
CASE 14 1 T14_0557 3
EDGES 0,1 0,4 0,5 1,2 1,4 1,7 2,6 3,5 3,6 3,7 3,8 3,9 5,6 8,9 8,10 8,11 9,12 9,13 10,11 12,13
ENDCASE
CASE 14 1 T14_0558 3
EDGES 0,1 0,4 0,5 1,2 1,4 1,7 2,6 3,5 3,6 3,7 3,8 3,9 5,6 8,9 8,10 8,11 9,12 10,11 10,13 12,13
ENDCASE
CASE 14 1 T14_0559 3
EDGES 0,1 0,4 0,5 1,2 1,4 1,7 2,6 3,5 3,6 3,7 3,8 3,9 5,6 8,9 8,10 8,11 10,11 10,12 10,13 12,13
ENDCASE
CASE 14 1 T14_0560 0
EDGES 0,1 0,4 0,5 0,10 0,12 1,2 1,4 1,7 2,6 3,5 3,6 3,7 4,8 4,9 5,6 8,9 8,11 8,13 10,11 12,13
ENDCASE
CASE 14 1 T14_0562 4
EDGES 0,1 0,4 0,5 0,10 1,2 1,4 1,7 2,6 3,5 3,6 3,7 4,8 4,9 4,12 5,6 8,9 8,11 10,11 10,13 12,13
ENDCASE
CASE 14 1 T14_0563 4
EDGES 0,1 0,4 0,5 0,10 1,2 1,4 1,7 2,6 3,5 3,6 3,7 4,8 4,9 4,12 5,6 8,9 8,11 10,11 11,13 12,13
ENDCASE
CASE 14 1 T14_0564 5
EDGES 0,1 0,4 0,5 0,10 1,2 1,4 1,7 2,6 3,5 3,6 3,7 4,8 4,9 5,6 5,12 5,13 8,9 8,11 10,11 12,13
ENDCASE
CASE 14 1 T14_0565 8
EDGES 0,1 0,4 0,5 0,10 1,2 1,4 1,7 2,6 3,5 3,6 3,7 4,8 4,9 5,6 8,9 8,11 8,12 8,13 10,11 12,13
ENDCASE
CASE 14 1 T14_0566 0
EDGES 0,1 0,4 0,5 0,10 1,2 1,4 1,7 2,6 3,5 3,6 3,7 4,8 4,9 5,6 8,9 8,11 9,12 9,13 10,11 12,13
ENDCASE
CASE 14 1 T14_0566 1
EDGES 0,1 0,4 0,5 0,10 1,2 1,4 1,7 2,6 3,5 3,6 3,7 4,8 4,9 5,6 8,9 8,11 9,12 9,13 10,11 12,13
ENDCASE
CASE 14 1 T14_0566 2
EDGES 0,1 0,4 0,5 0,10 1,2 1,4 1,7 2,6 3,5 3,6 3,7 4,8 4,9 5,6 8,9 8,11 9,12 9,13 10,11 12,13
ENDCASE
CASE 14 1 T14_0566 3
EDGES 0,1 0,4 0,5 0,10 1,2 1,4 1,7 2,6 3,5 3,6 3,7 4,8 4,9 5,6 8,9 8,11 9,12 9,13 10,11 12,13
ENDCASE
CASE 14 1 T14_0566 4
EDGES 0,1 0,4 0,5 0,10 1,2 1,4 1,7 2,6 3,5 3,6 3,7 4,8 4,9 5,6 8,9 8,11 9,12 9,13 10,11 12,13
ENDCASE
CASE 14 1 T14_0566 5
EDGES 0,1 0,4 0,5 0,10 1,2 1,4 1,7 2,6 3,5 3,6 3,7 4,8 4,9 5,6 8,9 8,11 9,12 9,13 10,11 12,13
ENDCASE
CASE 14 1 T14_0566 6
EDGES 0,1 0,4 0,5 0,10 1,2 1,4 1,7 2,6 3,5 3,6 3,7 4,8 4,9 5,6 8,9 8,11 9,12 9,13 10,11 12,13
ENDCASE
CASE 14 1 T14_0566 7
EDGES 0,1 0,4 0,5 0,10 1,2 1,4 1,7 2,6 3,5 3,6 3,7 4,8 4,9 5,6 8,9 8,11 9,12 9,13 10,11 12,13
ENDCASE
CASE 14 1 T14_0566 8
EDGES 0,1 0,4 0,5 0,10 1,2 1,4 1,7 2,6 3,5 3,6 3,7 4,8 4,9 5,6 8,9 8,11 9,12 9,13 10,11 12,13
ENDCASE
CASE 14 1 T14_0566 9
EDGES 0,1 0,4 0,5 0,10 1,2 1,4 1,7 2,6 3,5 3,6 3,7 4,8 4,9 5,6 8,9 8,11 9,12 9,13 10,11 12,13
ENDCASE
CASE 14 1 T14_0566 10
EDGES 0,1 0,4 0,5 0,10 1,2 1,4 1,7 2,6 3,5 3,6 3,7 4,8 4,9 5,6 8,9 8,11 9,12 9,13 10,11 12,13
ENDCASE
CASE 14 1 T14_0566 11
EDGES 0,1 0,4 0,5 0,10 1,2 1,4 1,7 2,6 3,5 3,6 3,7 4,8 4,9 5,6 8,9 8,11 9,12 9,13 10,11 12,13
ENDCASE
CASE 14 1 T14_0566 12
EDGES 0,1 0,4 0,5 0,10 1,2 1,4 1,7 2,6 3,5 3,6 3,7 4,8 4,9 5,6 8,9 8,11 9,12 9,13 10,11 12,13
ENDCASE
CASE 14 1 T14_0566 13
EDGES 0,1 0,4 0,5 0,10 1,2 1,4 1,7 2,6 3,5 3,6 3,7 4,8 4,9 5,6 8,9 8,11 9,12 9,13 10,11 12,13
ENDCASE
CASE 14 1 T14_0567 0
EDGES 0,1 0,4 0,5 0,10 1,2 1,4 1,7 2,6 3,5 3,6 3,7 4,8 4,9 5,6 8,9 8,11 10,11 10,12 10,13 12,13
ENDCASE
CASE 14 1 T14_0567 1
EDGES 0,1 0,4 0,5 0,10 1,2 1,4 1,7 2,6 3,5 3,6 3,7 4,8 4,9 5,6 8,9 8,11 10,11 10,12 10,13 12,13
ENDCASE
CASE 14 1 T14_0567 2
EDGES 0,1 0,4 0,5 0,10 1,2 1,4 1,7 2,6 3,5 3,6 3,7 4,8 4,9 5,6 8,9 8,11 10,11 10,12 10,13 12,13
ENDCASE
CASE 14 1 T14_0567 3
EDGES 0,1 0,4 0,5 0,10 1,2 1,4 1,7 2,6 3,5 3,6 3,7 4,8 4,9 5,6 8,9 8,11 10,11 10,12 10,13 12,13
ENDCASE
CASE 14 1 T14_0567 4
EDGES 0,1 0,4 0,5 0,10 1,2 1,4 1,7 2,6 3,5 3,6 3,7 4,8 4,9 5,6 8,9 8,11 10,11 10,12 10,13 12,13
ENDCASE
CASE 14 1 T14_0567 5
EDGES 0,1 0,4 0,5 0,10 1,2 1,4 1,7 2,6 3,5 3,6 3,7 4,8 4,9 5,6 8,9 8,11 10,11 10,12 10,13 12,13
ENDCASE
CASE 14 1 T14_0567 6
EDGES 0,1 0,4 0,5 0,10 1,2 1,4 1,7 2,6 3,5 3,6 3,7 4,8 4,9 5,6 8,9 8,11 10,11 10,12 10,13 12,13
ENDCASE
CASE 14 1 T14_0567 7
EDGES 0,1 0,4 0,5 0,10 1,2 1,4 1,7 2,6 3,5 3,6 3,7 4,8 4,9 5,6 8,9 8,11 10,11 10,12 10,13 12,13
ENDCASE
CASE 14 1 T14_0567 8
EDGES 0,1 0,4 0,5 0,10 1,2 1,4 1,7 2,6 3,5 3,6 3,7 4,8 4,9 5,6 8,9 8,11 10,11 10,12 10,13 12,13
ENDCASE
CASE 14 1 T14_0567 9
EDGES 0,1 0,4 0,5 0,10 1,2 1,4 1,7 2,6 3,5 3,6 3,7 4,8 4,9 5,6 8,9 8,11 10,11 10,12 10,13 12,13
ENDCASE
CASE 14 1 T14_0567 10
EDGES 0,1 0,4 0,5 0,10 1,2 1,4 1,7 2,6 3,5 3,6 3,7 4,8 4,9 5,6 8,9 8,11 10,11 10,12 10,13 12,13
ENDCASE
CASE 14 1 T14_0567 11
EDGES 0,1 0,4 0,5 0,10 1,2 1,4 1,7 2,6 3,5 3,6 3,7 4,8 4,9 5,6 8,9 8,11 10,11 10,12 10,13 12,13
ENDCASE
CASE 14 1 T14_0567 12
EDGES 0,1 0,4 0,5 0,10 1,2 1,4 1,7 2,6 3,5 3,6 3,7 4,8 4,9 5,6 8,9 8,11 10,11 10,12 10,13 12,13
ENDCASE
CASE 14 1 T14_0567 13
EDGES 0,1 0,4 0,5 0,10 1,2 1,4 1,7 2,6 3,5 3,6 3,7 4,8 4,9 5,6 8,9 8,11 10,11 10,12 10,13 12,13
ENDCASE
CASE 14 1 T14_0568 0
EDGES 0,1 0,4 0,5 0,10 1,2 1,4 1,7 2,6 3,5 3,6 3,7 4,8 4,9 5,6 8,9 8,11 10,11 11,12 11,13 12,13
ENDCASE
CASE 14 1 T14_0568 1
EDGES 0,1 0,4 0,5 0,10 1,2 1,4 1,7 2,6 3,5 3,6 3,7 4,8 4,9 5,6 8,9 8,11 10,11 11,12 11,13 12,13
ENDCASE
CASE 14 1 T14_0568 2
EDGES 0,1 0,4 0,5 0,10 1,2 1,4 1,7 2,6 3,5 3,6 3,7 4,8 4,9 5,6 8,9 8,11 10,11 11,12 11,13 12,13
ENDCASE
CASE 14 1 T14_0568 3
EDGES 0,1 0,4 0,5 0,10 1,2 1,4 1,7 2,6 3,5 3,6 3,7 4,8 4,9 5,6 8,9 8,11 10,11 11,12 11,13 12,13
ENDCASE
CASE 14 1 T14_0568 4
EDGES 0,1 0,4 0,5 0,10 1,2 1,4 1,7 2,6 3,5 3,6 3,7 4,8 4,9 5,6 8,9 8,11 10,11 11,12 11,13 12,13
ENDCASE
CASE 14 1 T14_0568 5
EDGES 0,1 0,4 0,5 0,10 1,2 1,4 1,7 2,6 3,5 3,6 3,7 4,8 4,9 5,6 8,9 8,11 10,11 11,12 11,13 12,13
ENDCASE
CASE 14 1 T14_0568 6
EDGES 0,1 0,4 0,5 0,10 1,2 1,4 1,7 2,6 3,5 3,6 3,7 4,8 4,9 5,6 8,9 8,11 10,11 11,12 11,13 12,13
ENDCASE
CASE 14 1 T14_0568 7
EDGES 0,1 0,4 0,5 0,10 1,2 1,4 1,7 2,6 3,5 3,6 3,7 4,8 4,9 5,6 8,9 8,11 10,11 11,12 11,13 12,13
ENDCASE
CASE 14 1 T14_0568 8
EDGES 0,1 0,4 0,5 0,10 1,2 1,4 1,7 2,6 3,5 3,6 3,7 4,8 4,9 5,6 8,9 8,11 10,11 11,12 11,13 12,13
ENDCASE
CASE 14 1 T14_0568 9
EDGES 0,1 0,4 0,5 0,10 1,2 1,4 1,7 2,6 3,5 3,6 3,7 4,8 4,9 5,6 8,9 8,11 10,11 11,12 11,13 12,13
ENDCASE
CASE 14 1 T14_0568 10
EDGES 0,1 0,4 0,5 0,10 1,2 1,4 1,7 2,6 3,5 3,6 3,7 4,8 4,9 5,6 8,9 8,11 10,11 11,12 11,13 12,13
ENDCASE
CASE 14 1 T14_0568 11
EDGES 0,1 0,4 0,5 0,10 1,2 1,4 1,7 2,6 3,5 3,6 3,7 4,8 4,9 5,6 8,9 8,11 10,11 11,12 11,13 12,13
ENDCASE
CASE 14 1 T14_0568 12
EDGES 0,1 0,4 0,5 0,10 1,2 1,4 1,7 2,6 3,5 3,6 3,7 4,8 4,9 5,6 8,9 8,11 10,11 11,12 11,13 12,13
ENDCASE
CASE 14 1 T14_0568 13
EDGES 0,1 0,4 0,5 0,10 1,2 1,4 1,7 2,6 3,5 3,6 3,7 4,8 4,9 5,6 8,9 8,11 10,11 11,12 11,13 12,13
ENDCASE
CASE 14 1 T14_0575 1
EDGES 0,1 0,4 0,5 1,2 1,4 1,7 1,10 2,6 3,5 3,6 3,7 4,8 4,9 5,6 8,9 8,11 9,12 9,13 10,11 12,13
ENDCASE
CASE 14 1 T14_0576 1
EDGES 0,1 0,4 0,5 1,2 1,4 1,7 1,10 2,6 3,5 3,6 3,7 4,8 4,9 5,6 8,9 8,11 10,11 10,12 10,13 12,13
ENDCASE
CASE 14 1 T14_0577 1
EDGES 0,1 0,4 0,5 1,2 1,4 1,7 1,10 2,6 3,5 3,6 3,7 4,8 4,9 5,6 8,9 8,11 10,11 11,12 11,13 12,13
ENDCASE
CASE 14 1 T14_0583 5
EDGES 0,1 0,4 0,5 1,2 1,4 1,7 2,6 3,5 3,6 3,7 4,8 4,9 5,6 5,10 5,11 8,9 8,12 8,13 10,11 12,13
ENDCASE
CASE 14 1 T14_0584 5
EDGES 0,1 0,4 0,5 1,2 1,4 1,7 2,6 3,5 3,6 3,7 4,8 4,9 5,6 5,10 5,11 8,9 10,11 10,12 10,13 12,13
ENDCASE
CASE 14 1 T14_0585 4
EDGES 0,1 0,4 0,5 1,2 1,4 1,7 2,6 3,5 3,6 3,7 4,8 4,9 4,12 5,6 8,9 8,10 8,11 10,11 10,13 12,13
ENDCASE
CASE 14 1 T14_0587 0
EDGES 0,1 0,4 0,5 1,2 1,4 1,7 2,6 3,5 3,6 3,7 4,8 4,9 5,6 8,9 8,10 8,11 9,12 9,13 10,11 12,13
ENDCASE
CASE 14 1 T14_0587 1
EDGES 0,1 0,4 0,5 1,2 1,4 1,7 2,6 3,5 3,6 3,7 4,8 4,9 5,6 8,9 8,10 8,11 9,12 9,13 10,11 12,13
ENDCASE
CASE 14 1 T14_0587 2
EDGES 0,1 0,4 0,5 1,2 1,4 1,7 2,6 3,5 3,6 3,7 4,8 4,9 5,6 8,9 8,10 8,11 9,12 9,13 10,11 12,13
ENDCASE
CASE 14 1 T14_0587 3
EDGES 0,1 0,4 0,5 1,2 1,4 1,7 2,6 3,5 3,6 3,7 4,8 4,9 5,6 8,9 8,10 8,11 9,12 9,13 10,11 12,13
ENDCASE
CASE 14 1 T14_0587 4
EDGES 0,1 0,4 0,5 1,2 1,4 1,7 2,6 3,5 3,6 3,7 4,8 4,9 5,6 8,9 8,10 8,11 9,12 9,13 10,11 12,13
ENDCASE
CASE 14 1 T14_0587 5
EDGES 0,1 0,4 0,5 1,2 1,4 1,7 2,6 3,5 3,6 3,7 4,8 4,9 5,6 8,9 8,10 8,11 9,12 9,13 10,11 12,13
ENDCASE
CASE 14 1 T14_0587 6
EDGES 0,1 0,4 0,5 1,2 1,4 1,7 2,6 3,5 3,6 3,7 4,8 4,9 5,6 8,9 8,10 8,11 9,12 9,13 10,11 12,13
ENDCASE
CASE 14 1 T14_0587 7
EDGES 0,1 0,4 0,5 1,2 1,4 1,7 2,6 3,5 3,6 3,7 4,8 4,9 5,6 8,9 8,10 8,11 9,12 9,13 10,11 12,13
ENDCASE
CASE 14 1 T14_0587 8
EDGES 0,1 0,4 0,5 1,2 1,4 1,7 2,6 3,5 3,6 3,7 4,8 4,9 5,6 8,9 8,10 8,11 9,12 9,13 10,11 12,13
ENDCASE
CASE 14 1 T14_0587 9
EDGES 0,1 0,4 0,5 1,2 1,4 1,7 2,6 3,5 3,6 3,7 4,8 4,9 5,6 8,9 8,10 8,11 9,12 9,13 10,11 12,13
ENDCASE
CASE 14 1 T14_0587 10
EDGES 0,1 0,4 0,5 1,2 1,4 1,7 2,6 3,5 3,6 3,7 4,8 4,9 5,6 8,9 8,10 8,11 9,12 9,13 10,11 12,13
ENDCASE
CASE 14 1 T14_0587 11
EDGES 0,1 0,4 0,5 1,2 1,4 1,7 2,6 3,5 3,6 3,7 4,8 4,9 5,6 8,9 8,10 8,11 9,12 9,13 10,11 12,13
ENDCASE
CASE 14 1 T14_0587 12
EDGES 0,1 0,4 0,5 1,2 1,4 1,7 2,6 3,5 3,6 3,7 4,8 4,9 5,6 8,9 8,10 8,11 9,12 9,13 10,11 12,13
ENDCASE
CASE 14 1 T14_0587 13
EDGES 0,1 0,4 0,5 1,2 1,4 1,7 2,6 3,5 3,6 3,7 4,8 4,9 5,6 8,9 8,10 8,11 9,12 9,13 10,11 12,13
ENDCASE
CASE 14 1 T14_0588 0
EDGES 0,1 0,4 0,5 1,2 1,4 1,7 2,6 3,5 3,6 3,7 4,8 4,9 5,6 8,9 8,10 8,11 9,12 10,11 10,13 12,13
ENDCASE
CASE 14 1 T14_0588 1
EDGES 0,1 0,4 0,5 1,2 1,4 1,7 2,6 3,5 3,6 3,7 4,8 4,9 5,6 8,9 8,10 8,11 9,12 10,11 10,13 12,13
ENDCASE
CASE 14 1 T14_0588 2
EDGES 0,1 0,4 0,5 1,2 1,4 1,7 2,6 3,5 3,6 3,7 4,8 4,9 5,6 8,9 8,10 8,11 9,12 10,11 10,13 12,13
ENDCASE
CASE 14 1 T14_0588 3
EDGES 0,1 0,4 0,5 1,2 1,4 1,7 2,6 3,5 3,6 3,7 4,8 4,9 5,6 8,9 8,10 8,11 9,12 10,11 10,13 12,13
ENDCASE
CASE 14 1 T14_0588 4
EDGES 0,1 0,4 0,5 1,2 1,4 1,7 2,6 3,5 3,6 3,7 4,8 4,9 5,6 8,9 8,10 8,11 9,12 10,11 10,13 12,13
ENDCASE
CASE 14 1 T14_0588 5
EDGES 0,1 0,4 0,5 1,2 1,4 1,7 2,6 3,5 3,6 3,7 4,8 4,9 5,6 8,9 8,10 8,11 9,12 10,11 10,13 12,13
ENDCASE
CASE 14 1 T14_0588 6
EDGES 0,1 0,4 0,5 1,2 1,4 1,7 2,6 3,5 3,6 3,7 4,8 4,9 5,6 8,9 8,10 8,11 9,12 10,11 10,13 12,13
ENDCASE
CASE 14 1 T14_0588 7
EDGES 0,1 0,4 0,5 1,2 1,4 1,7 2,6 3,5 3,6 3,7 4,8 4,9 5,6 8,9 8,10 8,11 9,12 10,11 10,13 12,13
ENDCASE
CASE 14 1 T14_0588 8
EDGES 0,1 0,4 0,5 1,2 1,4 1,7 2,6 3,5 3,6 3,7 4,8 4,9 5,6 8,9 8,10 8,11 9,12 10,11 10,13 12,13
ENDCASE
CASE 14 1 T14_0588 9
EDGES 0,1 0,4 0,5 1,2 1,4 1,7 2,6 3,5 3,6 3,7 4,8 4,9 5,6 8,9 8,10 8,11 9,12 10,11 10,13 12,13
ENDCASE
CASE 14 1 T14_0588 10
EDGES 0,1 0,4 0,5 1,2 1,4 1,7 2,6 3,5 3,6 3,7 4,8 4,9 5,6 8,9 8,10 8,11 9,12 10,11 10,13 12,13
ENDCASE
CASE 14 1 T14_0588 11
EDGES 0,1 0,4 0,5 1,2 1,4 1,7 2,6 3,5 3,6 3,7 4,8 4,9 5,6 8,9 8,10 8,11 9,12 10,11 10,13 12,13
ENDCASE
CASE 14 1 T14_0588 12
EDGES 0,1 0,4 0,5 1,2 1,4 1,7 2,6 3,5 3,6 3,7 4,8 4,9 5,6 8,9 8,10 8,11 9,12 10,11 10,13 12,13
ENDCASE
CASE 14 1 T14_0588 13
EDGES 0,1 0,4 0,5 1,2 1,4 1,7 2,6 3,5 3,6 3,7 4,8 4,9 5,6 8,9 8,10 8,11 9,12 10,11 10,13 12,13
ENDCASE
CASE 14 1 T14_0589 0
EDGES 0,1 0,4 0,5 1,2 1,4 1,7 2,6 3,5 3,6 3,7 4,8 4,9 5,6 8,9 8,10 8,11 10,11 10,12 10,13 12,13
ENDCASE
CASE 14 1 T14_0589 1
EDGES 0,1 0,4 0,5 1,2 1,4 1,7 2,6 3,5 3,6 3,7 4,8 4,9 5,6 8,9 8,10 8,11 10,11 10,12 10,13 12,13
ENDCASE
CASE 14 1 T14_0589 2
EDGES 0,1 0,4 0,5 1,2 1,4 1,7 2,6 3,5 3,6 3,7 4,8 4,9 5,6 8,9 8,10 8,11 10,11 10,12 10,13 12,13
ENDCASE
CASE 14 1 T14_0589 3
EDGES 0,1 0,4 0,5 1,2 1,4 1,7 2,6 3,5 3,6 3,7 4,8 4,9 5,6 8,9 8,10 8,11 10,11 10,12 10,13 12,13
ENDCASE
CASE 14 1 T14_0589 4
EDGES 0,1 0,4 0,5 1,2 1,4 1,7 2,6 3,5 3,6 3,7 4,8 4,9 5,6 8,9 8,10 8,11 10,11 10,12 10,13 12,13
ENDCASE
CASE 14 1 T14_0589 5
EDGES 0,1 0,4 0,5 1,2 1,4 1,7 2,6 3,5 3,6 3,7 4,8 4,9 5,6 8,9 8,10 8,11 10,11 10,12 10,13 12,13
ENDCASE
CASE 14 1 T14_0589 6
EDGES 0,1 0,4 0,5 1,2 1,4 1,7 2,6 3,5 3,6 3,7 4,8 4,9 5,6 8,9 8,10 8,11 10,11 10,12 10,13 12,13
ENDCASE
CASE 14 1 T14_0589 7
EDGES 0,1 0,4 0,5 1,2 1,4 1,7 2,6 3,5 3,6 3,7 4,8 4,9 5,6 8,9 8,10 8,11 10,11 10,12 10,13 12,13
ENDCASE
CASE 14 1 T14_0589 8
EDGES 0,1 0,4 0,5 1,2 1,4 1,7 2,6 3,5 3,6 3,7 4,8 4,9 5,6 8,9 8,10 8,11 10,11 10,12 10,13 12,13
ENDCASE
CASE 14 1 T14_0589 9
EDGES 0,1 0,4 0,5 1,2 1,4 1,7 2,6 3,5 3,6 3,7 4,8 4,9 5,6 8,9 8,10 8,11 10,11 10,12 10,13 12,13
ENDCASE
CASE 14 1 T14_0589 10
EDGES 0,1 0,4 0,5 1,2 1,4 1,7 2,6 3,5 3,6 3,7 4,8 4,9 5,6 8,9 8,10 8,11 10,11 10,12 10,13 12,13
ENDCASE
CASE 14 1 T14_0589 11
EDGES 0,1 0,4 0,5 1,2 1,4 1,7 2,6 3,5 3,6 3,7 4,8 4,9 5,6 8,9 8,10 8,11 10,11 10,12 10,13 12,13
ENDCASE
CASE 14 1 T14_0589 12
EDGES 0,1 0,4 0,5 1,2 1,4 1,7 2,6 3,5 3,6 3,7 4,8 4,9 5,6 8,9 8,10 8,11 10,11 10,12 10,13 12,13
ENDCASE
CASE 14 1 T14_0589 13
EDGES 0,1 0,4 0,5 1,2 1,4 1,7 2,6 3,5 3,6 3,7 4,8 4,9 5,6 8,9 8,10 8,11 10,11 10,12 10,13 12,13
ENDCASE
CASE 14 1 T14_0595 5
EDGES 0,1 0,4 0,5 1,2 1,4 1,7 2,6 3,5 3,6 3,7 5,6 5,8 5,9 8,9 8,10 8,11 9,12 9,13 10,11 12,13
ENDCASE
CASE 14 1 T14_0596 5
EDGES 0,1 0,4 0,5 1,2 1,4 1,7 2,6 3,5 3,6 3,7 5,6 5,8 5,9 8,9 8,10 8,11 9,12 10,11 10,13 12,13
ENDCASE
CASE 14 1 T14_0597 5
EDGES 0,1 0,4 0,5 1,2 1,4 1,7 2,6 3,5 3,6 3,7 5,6 5,8 5,9 8,9 8,10 8,11 10,11 10,12 10,13 12,13
ENDCASE
CASE 14 1 T14_0603 0
EDGES 0,1 0,2 0,4 0,5 0,8 1,2 1,7 2,3 3,6 3,12 3,13 4,5 4,9 5,6 6,7 8,10 8,11 9,10 10,11 12,13
ENDCASE
CASE 14 1 T14_0605 0
EDGES 0,1 0,2 0,4 0,5 0,8 1,2 1,7 2,3 3,6 4,5 4,9 4,12 5,6 6,7 8,10 8,11 8,13 9,10 10,11 12,13
ENDCASE
CASE 14 1 T14_0609 0
EDGES 0,1 0,2 0,4 0,5 0,8 1,2 1,7 2,3 3,6 4,5 4,9 5,6 6,7 8,10 8,11 8,12 9,10 9,13 10,11 12,13
ENDCASE
CASE 14 1 T14_0610 0
EDGES 0,1 0,2 0,4 0,5 0,8 1,2 1,7 2,3 3,6 4,5 4,9 5,6 6,7 8,10 8,11 9,10 9,12 9,13 10,11 12,13
ENDCASE
CASE 14 1 T14_0612 0
EDGES 0,1 0,2 0,4 0,5 0,8 1,2 1,7 2,3 3,6 4,5 4,9 5,6 6,7 8,10 8,11 9,10 10,11 11,12 11,13 12,13
ENDCASE
CASE 14 1 T14_0617 0
EDGES 0,1 0,2 0,4 0,5 0,8 1,2 1,7 2,3 3,6 3,12 3,13 4,5 4,9 5,6 6,7 8,10 9,10 9,11 10,11 12,13
ENDCASE
CASE 14 1 T14_0619 0
EDGES 0,1 0,2 0,4 0,5 0,8 1,2 1,7 2,3 3,6 4,5 4,9 4,12 5,6 6,7 8,10 8,13 9,10 9,11 10,11 12,13
ENDCASE
CASE 14 1 T14_0620 0
EDGES 0,1 0,2 0,4 0,5 0,8 1,2 1,7 2,3 3,6 4,5 4,9 4,12 5,6 6,7 8,10 9,10 9,11 10,11 10,13 12,13
ENDCASE
CASE 14 1 T14_0623 0
EDGES 0,1 0,2 0,4 0,5 0,8 1,2 1,7 2,3 3,6 4,5 4,9 5,6 6,7 8,10 8,12 8,13 9,10 9,11 10,11 12,13
ENDCASE
CASE 14 1 T14_0624 0
EDGES 0,1 0,2 0,4 0,5 0,8 1,2 1,7 2,3 3,6 4,5 4,9 5,6 6,7 8,10 8,12 9,10 9,11 9,13 10,11 12,13
ENDCASE
CASE 14 1 T14_0627 0
EDGES 0,1 0,2 0,4 0,5 0,8 1,2 1,7 2,3 3,6 4,5 4,9 5,6 6,7 8,10 9,10 9,11 10,11 11,12 11,13 12,13
ENDCASE
CASE 14 1 T14_0629 0
EDGES 0,1 0,2 0,4 0,5 0,12 1,2 1,7 2,3 3,6 4,5 4,8 5,6 5,9 6,7 6,13 8,10 8,11 9,10 10,11 12,13
ENDCASE
CASE 14 1 T14_0630 1
EDGES 0,1 0,2 0,4 0,5 1,2 1,7 1,12 1,13 2,3 3,6 4,5 4,8 5,6 5,9 6,7 8,10 8,11 9,10 10,11 12,13
ENDCASE
CASE 14 1 T14_0631 0
EDGES 0,1 0,2 0,4 0,5 1,2 1,7 2,3 3,6 3,12 3,13 4,5 4,8 5,6 5,9 6,7 8,10 8,11 9,10 10,11 12,13
ENDCASE
CASE 14 1 T14_0631 1
EDGES 0,1 0,2 0,4 0,5 1,2 1,7 2,3 3,6 3,12 3,13 4,5 4,8 5,6 5,9 6,7 8,10 8,11 9,10 10,11 12,13
ENDCASE
CASE 14 1 T14_0631 2
EDGES 0,1 0,2 0,4 0,5 1,2 1,7 2,3 3,6 3,12 3,13 4,5 4,8 5,6 5,9 6,7 8,10 8,11 9,10 10,11 12,13
ENDCASE
CASE 14 1 T14_0631 3
EDGES 0,1 0,2 0,4 0,5 1,2 1,7 2,3 3,6 3,12 3,13 4,5 4,8 5,6 5,9 6,7 8,10 8,11 9,10 10,11 12,13
ENDCASE
CASE 14 1 T14_0631 4
EDGES 0,1 0,2 0,4 0,5 1,2 1,7 2,3 3,6 3,12 3,13 4,5 4,8 5,6 5,9 6,7 8,10 8,11 9,10 10,11 12,13
ENDCASE
CASE 14 1 T14_0631 5
EDGES 0,1 0,2 0,4 0,5 1,2 1,7 2,3 3,6 3,12 3,13 4,5 4,8 5,6 5,9 6,7 8,10 8,11 9,10 10,11 12,13
ENDCASE
CASE 14 1 T14_0631 6
EDGES 0,1 0,2 0,4 0,5 1,2 1,7 2,3 3,6 3,12 3,13 4,5 4,8 5,6 5,9 6,7 8,10 8,11 9,10 10,11 12,13
ENDCASE
CASE 14 1 T14_0631 7
EDGES 0,1 0,2 0,4 0,5 1,2 1,7 2,3 3,6 3,12 3,13 4,5 4,8 5,6 5,9 6,7 8,10 8,11 9,10 10,11 12,13
ENDCASE
CASE 14 1 T14_0631 8
EDGES 0,1 0,2 0,4 0,5 1,2 1,7 2,3 3,6 3,12 3,13 4,5 4,8 5,6 5,9 6,7 8,10 8,11 9,10 10,11 12,13
ENDCASE
CASE 14 1 T14_0631 9
EDGES 0,1 0,2 0,4 0,5 1,2 1,7 2,3 3,6 3,12 3,13 4,5 4,8 5,6 5,9 6,7 8,10 8,11 9,10 10,11 12,13
ENDCASE
CASE 14 1 T14_0631 10
EDGES 0,1 0,2 0,4 0,5 1,2 1,7 2,3 3,6 3,12 3,13 4,5 4,8 5,6 5,9 6,7 8,10 8,11 9,10 10,11 12,13
ENDCASE
CASE 14 1 T14_0631 11
EDGES 0,1 0,2 0,4 0,5 1,2 1,7 2,3 3,6 3,12 3,13 4,5 4,8 5,6 5,9 6,7 8,10 8,11 9,10 10,11 12,13
ENDCASE
CASE 14 1 T14_0631 12
EDGES 0,1 0,2 0,4 0,5 1,2 1,7 2,3 3,6 3,12 3,13 4,5 4,8 5,6 5,9 6,7 8,10 8,11 9,10 10,11 12,13
ENDCASE
CASE 14 1 T14_0631 13
EDGES 0,1 0,2 0,4 0,5 1,2 1,7 2,3 3,6 3,12 3,13 4,5 4,8 5,6 5,9 6,7 8,10 8,11 9,10 10,11 12,13
ENDCASE
CASE 14 1 T14_0632 4
EDGES 0,1 0,2 0,4 0,5 1,2 1,7 2,3 3,6 4,5 4,8 4,12 4,13 5,6 5,9 6,7 8,10 8,11 9,10 10,11 12,13
ENDCASE
CASE 14 1 T14_0633 0
EDGES 0,1 0,2 0,4 0,5 1,2 1,7 2,3 3,6 4,5 4,8 4,12 5,6 5,9 6,7 8,10 8,11 9,10 9,13 10,11 12,13
ENDCASE
CASE 14 1 T14_0633 1
EDGES 0,1 0,2 0,4 0,5 1,2 1,7 2,3 3,6 4,5 4,8 4,12 5,6 5,9 6,7 8,10 8,11 9,10 9,13 10,11 12,13
ENDCASE
CASE 14 1 T14_0633 2
EDGES 0,1 0,2 0,4 0,5 1,2 1,7 2,3 3,6 4,5 4,8 4,12 5,6 5,9 6,7 8,10 8,11 9,10 9,13 10,11 12,13
ENDCASE
CASE 14 1 T14_0633 3
EDGES 0,1 0,2 0,4 0,5 1,2 1,7 2,3 3,6 4,5 4,8 4,12 5,6 5,9 6,7 8,10 8,11 9,10 9,13 10,11 12,13
ENDCASE
CASE 14 1 T14_0633 4
EDGES 0,1 0,2 0,4 0,5 1,2 1,7 2,3 3,6 4,5 4,8 4,12 5,6 5,9 6,7 8,10 8,11 9,10 9,13 10,11 12,13
ENDCASE
CASE 14 1 T14_0633 5
EDGES 0,1 0,2 0,4 0,5 1,2 1,7 2,3 3,6 4,5 4,8 4,12 5,6 5,9 6,7 8,10 8,11 9,10 9,13 10,11 12,13
ENDCASE
CASE 14 1 T14_0633 6
EDGES 0,1 0,2 0,4 0,5 1,2 1,7 2,3 3,6 4,5 4,8 4,12 5,6 5,9 6,7 8,10 8,11 9,10 9,13 10,11 12,13
ENDCASE
CASE 14 1 T14_0633 7
EDGES 0,1 0,2 0,4 0,5 1,2 1,7 2,3 3,6 4,5 4,8 4,12 5,6 5,9 6,7 8,10 8,11 9,10 9,13 10,11 12,13
ENDCASE
CASE 14 1 T14_0633 8
EDGES 0,1 0,2 0,4 0,5 1,2 1,7 2,3 3,6 4,5 4,8 4,12 5,6 5,9 6,7 8,10 8,11 9,10 9,13 10,11 12,13
ENDCASE
CASE 14 1 T14_0633 9
EDGES 0,1 0,2 0,4 0,5 1,2 1,7 2,3 3,6 4,5 4,8 4,12 5,6 5,9 6,7 8,10 8,11 9,10 9,13 10,11 12,13
ENDCASE
CASE 14 1 T14_0633 10
EDGES 0,1 0,2 0,4 0,5 1,2 1,7 2,3 3,6 4,5 4,8 4,12 5,6 5,9 6,7 8,10 8,11 9,10 9,13 10,11 12,13
ENDCASE
CASE 14 1 T14_0633 11
EDGES 0,1 0,2 0,4 0,5 1,2 1,7 2,3 3,6 4,5 4,8 4,12 5,6 5,9 6,7 8,10 8,11 9,10 9,13 10,11 12,13
ENDCASE
CASE 14 1 T14_0633 12
EDGES 0,1 0,2 0,4 0,5 1,2 1,7 2,3 3,6 4,5 4,8 4,12 5,6 5,9 6,7 8,10 8,11 9,10 9,13 10,11 12,13
ENDCASE
CASE 14 1 T14_0633 13
EDGES 0,1 0,2 0,4 0,5 1,2 1,7 2,3 3,6 4,5 4,8 4,12 5,6 5,9 6,7 8,10 8,11 9,10 9,13 10,11 12,13
ENDCASE
CASE 14 1 T14_0634 0
EDGES 0,1 0,2 0,4 0,5 1,2 1,7 2,3 3,6 4,5 4,8 4,12 5,6 5,9 6,7 8,10 8,11 9,10 10,11 10,13 12,13
ENDCASE
CASE 14 1 T14_0634 1
EDGES 0,1 0,2 0,4 0,5 1,2 1,7 2,3 3,6 4,5 4,8 4,12 5,6 5,9 6,7 8,10 8,11 9,10 10,11 10,13 12,13
ENDCASE
CASE 14 1 T14_0634 2
EDGES 0,1 0,2 0,4 0,5 1,2 1,7 2,3 3,6 4,5 4,8 4,12 5,6 5,9 6,7 8,10 8,11 9,10 10,11 10,13 12,13
ENDCASE
CASE 14 1 T14_0634 3
EDGES 0,1 0,2 0,4 0,5 1,2 1,7 2,3 3,6 4,5 4,8 4,12 5,6 5,9 6,7 8,10 8,11 9,10 10,11 10,13 12,13
ENDCASE
CASE 14 1 T14_0634 4
EDGES 0,1 0,2 0,4 0,5 1,2 1,7 2,3 3,6 4,5 4,8 4,12 5,6 5,9 6,7 8,10 8,11 9,10 10,11 10,13 12,13
ENDCASE
CASE 14 1 T14_0634 5
EDGES 0,1 0,2 0,4 0,5 1,2 1,7 2,3 3,6 4,5 4,8 4,12 5,6 5,9 6,7 8,10 8,11 9,10 10,11 10,13 12,13
ENDCASE
CASE 14 1 T14_0634 6
EDGES 0,1 0,2 0,4 0,5 1,2 1,7 2,3 3,6 4,5 4,8 4,12 5,6 5,9 6,7 8,10 8,11 9,10 10,11 10,13 12,13
ENDCASE
CASE 14 1 T14_0634 7
EDGES 0,1 0,2 0,4 0,5 1,2 1,7 2,3 3,6 4,5 4,8 4,12 5,6 5,9 6,7 8,10 8,11 9,10 10,11 10,13 12,13
ENDCASE
CASE 14 1 T14_0634 8
EDGES 0,1 0,2 0,4 0,5 1,2 1,7 2,3 3,6 4,5 4,8 4,12 5,6 5,9 6,7 8,10 8,11 9,10 10,11 10,13 12,13
ENDCASE
CASE 14 1 T14_0634 9
EDGES 0,1 0,2 0,4 0,5 1,2 1,7 2,3 3,6 4,5 4,8 4,12 5,6 5,9 6,7 8,10 8,11 9,10 10,11 10,13 12,13
ENDCASE
CASE 14 1 T14_0634 10
EDGES 0,1 0,2 0,4 0,5 1,2 1,7 2,3 3,6 4,5 4,8 4,12 5,6 5,9 6,7 8,10 8,11 9,10 10,11 10,13 12,13
ENDCASE
CASE 14 1 T14_0634 11
EDGES 0,1 0,2 0,4 0,5 1,2 1,7 2,3 3,6 4,5 4,8 4,12 5,6 5,9 6,7 8,10 8,11 9,10 10,11 10,13 12,13
ENDCASE
CASE 14 1 T14_0634 12
EDGES 0,1 0,2 0,4 0,5 1,2 1,7 2,3 3,6 4,5 4,8 4,12 5,6 5,9 6,7 8,10 8,11 9,10 10,11 10,13 12,13
ENDCASE
CASE 14 1 T14_0634 13
EDGES 0,1 0,2 0,4 0,5 1,2 1,7 2,3 3,6 4,5 4,8 4,12 5,6 5,9 6,7 8,10 8,11 9,10 10,11 10,13 12,13
ENDCASE
CASE 14 1 T14_0636 5
EDGES 0,1 0,2 0,4 0,5 1,2 1,7 2,3 3,6 4,5 4,8 5,6 5,9 5,12 6,7 8,10 8,11 8,13 9,10 10,11 12,13
ENDCASE
CASE 14 1 T14_0637 6
EDGES 0,1 0,2 0,4 0,5 1,2 1,7 2,3 3,6 4,5 4,8 5,6 5,9 6,7 6,12 6,13 8,10 8,11 9,10 10,11 12,13
ENDCASE
CASE 14 1 T14_0638 8
EDGES 0,1 0,2 0,4 0,5 1,2 1,7 2,3 3,6 4,5 4,8 5,6 5,9 6,7 8,10 8,11 8,12 8,13 9,10 10,11 12,13
ENDCASE
CASE 14 1 T14_0639 0
EDGES 0,1 0,2 0,4 0,5 1,2 1,7 2,3 3,6 4,5 4,8 5,6 5,9 6,7 8,10 8,11 8,12 9,10 9,13 10,11 12,13
ENDCASE
CASE 14 1 T14_0639 1
EDGES 0,1 0,2 0,4 0,5 1,2 1,7 2,3 3,6 4,5 4,8 5,6 5,9 6,7 8,10 8,11 8,12 9,10 9,13 10,11 12,13
ENDCASE
CASE 14 1 T14_0639 2
EDGES 0,1 0,2 0,4 0,5 1,2 1,7 2,3 3,6 4,5 4,8 5,6 5,9 6,7 8,10 8,11 8,12 9,10 9,13 10,11 12,13
ENDCASE
CASE 14 1 T14_0639 3
EDGES 0,1 0,2 0,4 0,5 1,2 1,7 2,3 3,6 4,5 4,8 5,6 5,9 6,7 8,10 8,11 8,12 9,10 9,13 10,11 12,13
ENDCASE
CASE 14 1 T14_0639 4
EDGES 0,1 0,2 0,4 0,5 1,2 1,7 2,3 3,6 4,5 4,8 5,6 5,9 6,7 8,10 8,11 8,12 9,10 9,13 10,11 12,13
ENDCASE
CASE 14 1 T14_0639 5
EDGES 0,1 0,2 0,4 0,5 1,2 1,7 2,3 3,6 4,5 4,8 5,6 5,9 6,7 8,10 8,11 8,12 9,10 9,13 10,11 12,13
ENDCASE
CASE 14 1 T14_0639 6
EDGES 0,1 0,2 0,4 0,5 1,2 1,7 2,3 3,6 4,5 4,8 5,6 5,9 6,7 8,10 8,11 8,12 9,10 9,13 10,11 12,13
ENDCASE
CASE 14 1 T14_0639 7
EDGES 0,1 0,2 0,4 0,5 1,2 1,7 2,3 3,6 4,5 4,8 5,6 5,9 6,7 8,10 8,11 8,12 9,10 9,13 10,11 12,13
ENDCASE
CASE 14 1 T14_0639 8
EDGES 0,1 0,2 0,4 0,5 1,2 1,7 2,3 3,6 4,5 4,8 5,6 5,9 6,7 8,10 8,11 8,12 9,10 9,13 10,11 12,13
ENDCASE
CASE 14 1 T14_0639 9
EDGES 0,1 0,2 0,4 0,5 1,2 1,7 2,3 3,6 4,5 4,8 5,6 5,9 6,7 8,10 8,11 8,12 9,10 9,13 10,11 12,13
ENDCASE
CASE 14 1 T14_0639 10
EDGES 0,1 0,2 0,4 0,5 1,2 1,7 2,3 3,6 4,5 4,8 5,6 5,9 6,7 8,10 8,11 8,12 9,10 9,13 10,11 12,13
ENDCASE
CASE 14 1 T14_0639 11
EDGES 0,1 0,2 0,4 0,5 1,2 1,7 2,3 3,6 4,5 4,8 5,6 5,9 6,7 8,10 8,11 8,12 9,10 9,13 10,11 12,13
ENDCASE
CASE 14 1 T14_0639 12
EDGES 0,1 0,2 0,4 0,5 1,2 1,7 2,3 3,6 4,5 4,8 5,6 5,9 6,7 8,10 8,11 8,12 9,10 9,13 10,11 12,13
ENDCASE
CASE 14 1 T14_0639 13
EDGES 0,1 0,2 0,4 0,5 1,2 1,7 2,3 3,6 4,5 4,8 5,6 5,9 6,7 8,10 8,11 8,12 9,10 9,13 10,11 12,13
ENDCASE
CASE 14 1 T14_0640 0
EDGES 0,1 0,2 0,4 0,5 1,2 1,7 2,3 3,6 4,5 4,8 5,6 5,9 6,7 8,10 8,11 9,10 9,12 9,13 10,11 12,13
ENDCASE
CASE 14 1 T14_0640 1
EDGES 0,1 0,2 0,4 0,5 1,2 1,7 2,3 3,6 4,5 4,8 5,6 5,9 6,7 8,10 8,11 9,10 9,12 9,13 10,11 12,13
ENDCASE
CASE 14 1 T14_0640 2
EDGES 0,1 0,2 0,4 0,5 1,2 1,7 2,3 3,6 4,5 4,8 5,6 5,9 6,7 8,10 8,11 9,10 9,12 9,13 10,11 12,13
ENDCASE
CASE 14 1 T14_0640 3
EDGES 0,1 0,2 0,4 0,5 1,2 1,7 2,3 3,6 4,5 4,8 5,6 5,9 6,7 8,10 8,11 9,10 9,12 9,13 10,11 12,13
ENDCASE
CASE 14 1 T14_0640 4
EDGES 0,1 0,2 0,4 0,5 1,2 1,7 2,3 3,6 4,5 4,8 5,6 5,9 6,7 8,10 8,11 9,10 9,12 9,13 10,11 12,13
ENDCASE
CASE 14 1 T14_0640 5
EDGES 0,1 0,2 0,4 0,5 1,2 1,7 2,3 3,6 4,5 4,8 5,6 5,9 6,7 8,10 8,11 9,10 9,12 9,13 10,11 12,13
ENDCASE
CASE 14 1 T14_0640 6
EDGES 0,1 0,2 0,4 0,5 1,2 1,7 2,3 3,6 4,5 4,8 5,6 5,9 6,7 8,10 8,11 9,10 9,12 9,13 10,11 12,13
ENDCASE
CASE 14 1 T14_0640 7
EDGES 0,1 0,2 0,4 0,5 1,2 1,7 2,3 3,6 4,5 4,8 5,6 5,9 6,7 8,10 8,11 9,10 9,12 9,13 10,11 12,13
ENDCASE
CASE 14 1 T14_0640 8
EDGES 0,1 0,2 0,4 0,5 1,2 1,7 2,3 3,6 4,5 4,8 5,6 5,9 6,7 8,10 8,11 9,10 9,12 9,13 10,11 12,13
ENDCASE
CASE 14 1 T14_0640 9
EDGES 0,1 0,2 0,4 0,5 1,2 1,7 2,3 3,6 4,5 4,8 5,6 5,9 6,7 8,10 8,11 9,10 9,12 9,13 10,11 12,13
ENDCASE
CASE 14 1 T14_0640 10
EDGES 0,1 0,2 0,4 0,5 1,2 1,7 2,3 3,6 4,5 4,8 5,6 5,9 6,7 8,10 8,11 9,10 9,12 9,13 10,11 12,13
ENDCASE
CASE 14 1 T14_0640 11
EDGES 0,1 0,2 0,4 0,5 1,2 1,7 2,3 3,6 4,5 4,8 5,6 5,9 6,7 8,10 8,11 9,10 9,12 9,13 10,11 12,13
ENDCASE
CASE 14 1 T14_0640 12
EDGES 0,1 0,2 0,4 0,5 1,2 1,7 2,3 3,6 4,5 4,8 5,6 5,9 6,7 8,10 8,11 9,10 9,12 9,13 10,11 12,13
ENDCASE
CASE 14 1 T14_0640 13
EDGES 0,1 0,2 0,4 0,5 1,2 1,7 2,3 3,6 4,5 4,8 5,6 5,9 6,7 8,10 8,11 9,10 9,12 9,13 10,11 12,13
ENDCASE
CASE 14 1 T14_0641 10
EDGES 0,1 0,2 0,4 0,5 1,2 1,7 2,3 3,6 4,5 4,8 5,6 5,9 6,7 8,10 8,11 9,10 10,11 10,12 10,13 12,13
ENDCASE
CASE 14 1 T14_0642 0
EDGES 0,1 0,2 0,4 0,5 1,2 1,7 2,3 3,6 4,5 4,8 5,6 5,9 6,7 8,10 8,11 9,10 10,11 11,12 11,13 12,13
ENDCASE
CASE 14 1 T14_0642 1
EDGES 0,1 0,2 0,4 0,5 1,2 1,7 2,3 3,6 4,5 4,8 5,6 5,9 6,7 8,10 8,11 9,10 10,11 11,12 11,13 12,13
ENDCASE
CASE 14 1 T14_0642 2
EDGES 0,1 0,2 0,4 0,5 1,2 1,7 2,3 3,6 4,5 4,8 5,6 5,9 6,7 8,10 8,11 9,10 10,11 11,12 11,13 12,13
ENDCASE
CASE 14 1 T14_0642 3
EDGES 0,1 0,2 0,4 0,5 1,2 1,7 2,3 3,6 4,5 4,8 5,6 5,9 6,7 8,10 8,11 9,10 10,11 11,12 11,13 12,13
ENDCASE
CASE 14 1 T14_0642 4
EDGES 0,1 0,2 0,4 0,5 1,2 1,7 2,3 3,6 4,5 4,8 5,6 5,9 6,7 8,10 8,11 9,10 10,11 11,12 11,13 12,13
ENDCASE
CASE 14 1 T14_0642 5
EDGES 0,1 0,2 0,4 0,5 1,2 1,7 2,3 3,6 4,5 4,8 5,6 5,9 6,7 8,10 8,11 9,10 10,11 11,12 11,13 12,13
ENDCASE
CASE 14 1 T14_0642 6
EDGES 0,1 0,2 0,4 0,5 1,2 1,7 2,3 3,6 4,5 4,8 5,6 5,9 6,7 8,10 8,11 9,10 10,11 11,12 11,13 12,13
ENDCASE
CASE 14 1 T14_0642 7
EDGES 0,1 0,2 0,4 0,5 1,2 1,7 2,3 3,6 4,5 4,8 5,6 5,9 6,7 8,10 8,11 9,10 10,11 11,12 11,13 12,13
ENDCASE
CASE 14 1 T14_0642 8
EDGES 0,1 0,2 0,4 0,5 1,2 1,7 2,3 3,6 4,5 4,8 5,6 5,9 6,7 8,10 8,11 9,10 10,11 11,12 11,13 12,13
ENDCASE
CASE 14 1 T14_0642 9
EDGES 0,1 0,2 0,4 0,5 1,2 1,7 2,3 3,6 4,5 4,8 5,6 5,9 6,7 8,10 8,11 9,10 10,11 11,12 11,13 12,13
ENDCASE
CASE 14 1 T14_0642 10
EDGES 0,1 0,2 0,4 0,5 1,2 1,7 2,3 3,6 4,5 4,8 5,6 5,9 6,7 8,10 8,11 9,10 10,11 11,12 11,13 12,13
ENDCASE
CASE 14 1 T14_0642 11
EDGES 0,1 0,2 0,4 0,5 1,2 1,7 2,3 3,6 4,5 4,8 5,6 5,9 6,7 8,10 8,11 9,10 10,11 11,12 11,13 12,13
ENDCASE
CASE 14 1 T14_0642 12
EDGES 0,1 0,2 0,4 0,5 1,2 1,7 2,3 3,6 4,5 4,8 5,6 5,9 6,7 8,10 8,11 9,10 10,11 11,12 11,13 12,13
ENDCASE
CASE 14 1 T14_0642 13
EDGES 0,1 0,2 0,4 0,5 1,2 1,7 2,3 3,6 4,5 4,8 5,6 5,9 6,7 8,10 8,11 9,10 10,11 11,12 11,13 12,13
ENDCASE
CASE 14 1 T14_0644 0
EDGES 0,1 0,2 0,4 0,5 0,12 1,2 1,7 2,3 3,6 4,5 4,8 5,6 5,9 6,7 6,13 8,10 9,10 9,11 10,11 12,13
ENDCASE
CASE 14 1 T14_0645 1
EDGES 0,1 0,2 0,4 0,5 1,2 1,7 1,12 1,13 2,3 3,6 4,5 4,8 5,6 5,9 6,7 8,10 9,10 9,11 10,11 12,13
ENDCASE
CASE 14 1 T14_0646 0
EDGES 0,1 0,2 0,4 0,5 1,2 1,7 2,3 3,6 3,12 3,13 4,5 4,8 5,6 5,9 6,7 8,10 9,10 9,11 10,11 12,13
ENDCASE
CASE 14 1 T14_0646 1
EDGES 0,1 0,2 0,4 0,5 1,2 1,7 2,3 3,6 3,12 3,13 4,5 4,8 5,6 5,9 6,7 8,10 9,10 9,11 10,11 12,13
ENDCASE
CASE 14 1 T14_0646 2
EDGES 0,1 0,2 0,4 0,5 1,2 1,7 2,3 3,6 3,12 3,13 4,5 4,8 5,6 5,9 6,7 8,10 9,10 9,11 10,11 12,13
ENDCASE
CASE 14 1 T14_0646 3
EDGES 0,1 0,2 0,4 0,5 1,2 1,7 2,3 3,6 3,12 3,13 4,5 4,8 5,6 5,9 6,7 8,10 9,10 9,11 10,11 12,13
ENDCASE
CASE 14 1 T14_0646 4
EDGES 0,1 0,2 0,4 0,5 1,2 1,7 2,3 3,6 3,12 3,13 4,5 4,8 5,6 5,9 6,7 8,10 9,10 9,11 10,11 12,13
ENDCASE
CASE 14 1 T14_0646 5
EDGES 0,1 0,2 0,4 0,5 1,2 1,7 2,3 3,6 3,12 3,13 4,5 4,8 5,6 5,9 6,7 8,10 9,10 9,11 10,11 12,13
ENDCASE
CASE 14 1 T14_0646 6
EDGES 0,1 0,2 0,4 0,5 1,2 1,7 2,3 3,6 3,12 3,13 4,5 4,8 5,6 5,9 6,7 8,10 9,10 9,11 10,11 12,13
ENDCASE
CASE 14 1 T14_0646 7
EDGES 0,1 0,2 0,4 0,5 1,2 1,7 2,3 3,6 3,12 3,13 4,5 4,8 5,6 5,9 6,7 8,10 9,10 9,11 10,11 12,13
ENDCASE
CASE 14 1 T14_0646 8
EDGES 0,1 0,2 0,4 0,5 1,2 1,7 2,3 3,6 3,12 3,13 4,5 4,8 5,6 5,9 6,7 8,10 9,10 9,11 10,11 12,13
ENDCASE
CASE 14 1 T14_0646 9
EDGES 0,1 0,2 0,4 0,5 1,2 1,7 2,3 3,6 3,12 3,13 4,5 4,8 5,6 5,9 6,7 8,10 9,10 9,11 10,11 12,13
ENDCASE
CASE 14 1 T14_0646 10
EDGES 0,1 0,2 0,4 0,5 1,2 1,7 2,3 3,6 3,12 3,13 4,5 4,8 5,6 5,9 6,7 8,10 9,10 9,11 10,11 12,13
ENDCASE
CASE 14 1 T14_0646 11
EDGES 0,1 0,2 0,4 0,5 1,2 1,7 2,3 3,6 3,12 3,13 4,5 4,8 5,6 5,9 6,7 8,10 9,10 9,11 10,11 12,13
ENDCASE
CASE 14 1 T14_0646 12
EDGES 0,1 0,2 0,4 0,5 1,2 1,7 2,3 3,6 3,12 3,13 4,5 4,8 5,6 5,9 6,7 8,10 9,10 9,11 10,11 12,13
ENDCASE
CASE 14 1 T14_0646 13
EDGES 0,1 0,2 0,4 0,5 1,2 1,7 2,3 3,6 3,12 3,13 4,5 4,8 5,6 5,9 6,7 8,10 9,10 9,11 10,11 12,13
ENDCASE
CASE 14 1 T14_0647 4
EDGES 0,1 0,2 0,4 0,5 1,2 1,7 2,3 3,6 4,5 4,8 4,12 4,13 5,6 5,9 6,7 8,10 9,10 9,11 10,11 12,13
ENDCASE
CASE 14 1 T14_0648 0
EDGES 0,1 0,2 0,4 0,5 1,2 1,7 2,3 3,6 4,5 4,8 4,12 5,6 5,9 6,7 8,10 9,10 9,11 9,13 10,11 12,13
ENDCASE
CASE 14 1 T14_0648 1
EDGES 0,1 0,2 0,4 0,5 1,2 1,7 2,3 3,6 4,5 4,8 4,12 5,6 5,9 6,7 8,10 9,10 9,11 9,13 10,11 12,13
ENDCASE
CASE 14 1 T14_0648 2
EDGES 0,1 0,2 0,4 0,5 1,2 1,7 2,3 3,6 4,5 4,8 4,12 5,6 5,9 6,7 8,10 9,10 9,11 9,13 10,11 12,13
ENDCASE
CASE 14 1 T14_0648 3
EDGES 0,1 0,2 0,4 0,5 1,2 1,7 2,3 3,6 4,5 4,8 4,12 5,6 5,9 6,7 8,10 9,10 9,11 9,13 10,11 12,13
ENDCASE
CASE 14 1 T14_0648 4
EDGES 0,1 0,2 0,4 0,5 1,2 1,7 2,3 3,6 4,5 4,8 4,12 5,6 5,9 6,7 8,10 9,10 9,11 9,13 10,11 12,13
ENDCASE
CASE 14 1 T14_0648 5
EDGES 0,1 0,2 0,4 0,5 1,2 1,7 2,3 3,6 4,5 4,8 4,12 5,6 5,9 6,7 8,10 9,10 9,11 9,13 10,11 12,13
ENDCASE
CASE 14 1 T14_0648 6
EDGES 0,1 0,2 0,4 0,5 1,2 1,7 2,3 3,6 4,5 4,8 4,12 5,6 5,9 6,7 8,10 9,10 9,11 9,13 10,11 12,13
ENDCASE
CASE 14 1 T14_0648 7
EDGES 0,1 0,2 0,4 0,5 1,2 1,7 2,3 3,6 4,5 4,8 4,12 5,6 5,9 6,7 8,10 9,10 9,11 9,13 10,11 12,13
ENDCASE
CASE 14 1 T14_0648 8
EDGES 0,1 0,2 0,4 0,5 1,2 1,7 2,3 3,6 4,5 4,8 4,12 5,6 5,9 6,7 8,10 9,10 9,11 9,13 10,11 12,13
ENDCASE
CASE 14 1 T14_0648 9
EDGES 0,1 0,2 0,4 0,5 1,2 1,7 2,3 3,6 4,5 4,8 4,12 5,6 5,9 6,7 8,10 9,10 9,11 9,13 10,11 12,13
ENDCASE
CASE 14 1 T14_0648 10
EDGES 0,1 0,2 0,4 0,5 1,2 1,7 2,3 3,6 4,5 4,8 4,12 5,6 5,9 6,7 8,10 9,10 9,11 9,13 10,11 12,13
ENDCASE
CASE 14 1 T14_0648 11
EDGES 0,1 0,2 0,4 0,5 1,2 1,7 2,3 3,6 4,5 4,8 4,12 5,6 5,9 6,7 8,10 9,10 9,11 9,13 10,11 12,13
ENDCASE
CASE 14 1 T14_0648 12
EDGES 0,1 0,2 0,4 0,5 1,2 1,7 2,3 3,6 4,5 4,8 4,12 5,6 5,9 6,7 8,10 9,10 9,11 9,13 10,11 12,13
ENDCASE
CASE 14 1 T14_0648 13
EDGES 0,1 0,2 0,4 0,5 1,2 1,7 2,3 3,6 4,5 4,8 4,12 5,6 5,9 6,7 8,10 9,10 9,11 9,13 10,11 12,13
ENDCASE
CASE 14 1 T14_0650 5
EDGES 0,1 0,2 0,4 0,5 1,2 1,7 2,3 3,6 4,5 4,8 5,6 5,9 5,12 6,7 8,10 8,13 9,10 9,11 10,11 12,13
ENDCASE
CASE 14 1 T14_0651 5
EDGES 0,1 0,2 0,4 0,5 1,2 1,7 2,3 3,6 4,5 4,8 5,6 5,9 5,12 6,7 8,10 9,10 9,11 10,11 10,13 12,13
ENDCASE
CASE 14 1 T14_0652 6
EDGES 0,1 0,2 0,4 0,5 1,2 1,7 2,3 3,6 4,5 4,8 5,6 5,9 6,7 6,12 6,13 8,10 9,10 9,11 10,11 12,13
ENDCASE
CASE 14 1 T14_0653 0
EDGES 0,1 0,2 0,4 0,5 1,2 1,7 2,3 3,6 4,5 4,8 5,6 5,9 6,7 8,10 8,12 8,13 9,10 9,11 10,11 12,13
ENDCASE
CASE 14 1 T14_0653 1
EDGES 0,1 0,2 0,4 0,5 1,2 1,7 2,3 3,6 4,5 4,8 5,6 5,9 6,7 8,10 8,12 8,13 9,10 9,11 10,11 12,13
ENDCASE
CASE 14 1 T14_0653 2
EDGES 0,1 0,2 0,4 0,5 1,2 1,7 2,3 3,6 4,5 4,8 5,6 5,9 6,7 8,10 8,12 8,13 9,10 9,11 10,11 12,13
ENDCASE
CASE 14 1 T14_0653 3
EDGES 0,1 0,2 0,4 0,5 1,2 1,7 2,3 3,6 4,5 4,8 5,6 5,9 6,7 8,10 8,12 8,13 9,10 9,11 10,11 12,13
ENDCASE
CASE 14 1 T14_0653 4
EDGES 0,1 0,2 0,4 0,5 1,2 1,7 2,3 3,6 4,5 4,8 5,6 5,9 6,7 8,10 8,12 8,13 9,10 9,11 10,11 12,13
ENDCASE
CASE 14 1 T14_0653 5
EDGES 0,1 0,2 0,4 0,5 1,2 1,7 2,3 3,6 4,5 4,8 5,6 5,9 6,7 8,10 8,12 8,13 9,10 9,11 10,11 12,13
ENDCASE
CASE 14 1 T14_0653 6
EDGES 0,1 0,2 0,4 0,5 1,2 1,7 2,3 3,6 4,5 4,8 5,6 5,9 6,7 8,10 8,12 8,13 9,10 9,11 10,11 12,13
ENDCASE
CASE 14 1 T14_0653 7
EDGES 0,1 0,2 0,4 0,5 1,2 1,7 2,3 3,6 4,5 4,8 5,6 5,9 6,7 8,10 8,12 8,13 9,10 9,11 10,11 12,13
ENDCASE
CASE 14 1 T14_0653 8
EDGES 0,1 0,2 0,4 0,5 1,2 1,7 2,3 3,6 4,5 4,8 5,6 5,9 6,7 8,10 8,12 8,13 9,10 9,11 10,11 12,13
ENDCASE
CASE 14 1 T14_0653 9
EDGES 0,1 0,2 0,4 0,5 1,2 1,7 2,3 3,6 4,5 4,8 5,6 5,9 6,7 8,10 8,12 8,13 9,10 9,11 10,11 12,13
ENDCASE
CASE 14 1 T14_0653 10
EDGES 0,1 0,2 0,4 0,5 1,2 1,7 2,3 3,6 4,5 4,8 5,6 5,9 6,7 8,10 8,12 8,13 9,10 9,11 10,11 12,13
ENDCASE
CASE 14 1 T14_0653 11
EDGES 0,1 0,2 0,4 0,5 1,2 1,7 2,3 3,6 4,5 4,8 5,6 5,9 6,7 8,10 8,12 8,13 9,10 9,11 10,11 12,13
ENDCASE
CASE 14 1 T14_0653 12
EDGES 0,1 0,2 0,4 0,5 1,2 1,7 2,3 3,6 4,5 4,8 5,6 5,9 6,7 8,10 8,12 8,13 9,10 9,11 10,11 12,13
ENDCASE
CASE 14 1 T14_0653 13
EDGES 0,1 0,2 0,4 0,5 1,2 1,7 2,3 3,6 4,5 4,8 5,6 5,9 6,7 8,10 8,12 8,13 9,10 9,11 10,11 12,13
ENDCASE
CASE 14 1 T14_0654 0
EDGES 0,1 0,2 0,4 0,5 1,2 1,7 2,3 3,6 4,5 4,8 5,6 5,9 6,7 8,10 8,12 9,10 9,11 9,13 10,11 12,13
ENDCASE
CASE 14 1 T14_0654 1
EDGES 0,1 0,2 0,4 0,5 1,2 1,7 2,3 3,6 4,5 4,8 5,6 5,9 6,7 8,10 8,12 9,10 9,11 9,13 10,11 12,13
ENDCASE
CASE 14 1 T14_0654 2
EDGES 0,1 0,2 0,4 0,5 1,2 1,7 2,3 3,6 4,5 4,8 5,6 5,9 6,7 8,10 8,12 9,10 9,11 9,13 10,11 12,13
ENDCASE
CASE 14 1 T14_0654 3
EDGES 0,1 0,2 0,4 0,5 1,2 1,7 2,3 3,6 4,5 4,8 5,6 5,9 6,7 8,10 8,12 9,10 9,11 9,13 10,11 12,13
ENDCASE
CASE 14 1 T14_0654 4
EDGES 0,1 0,2 0,4 0,5 1,2 1,7 2,3 3,6 4,5 4,8 5,6 5,9 6,7 8,10 8,12 9,10 9,11 9,13 10,11 12,13
ENDCASE
CASE 14 1 T14_0654 5
EDGES 0,1 0,2 0,4 0,5 1,2 1,7 2,3 3,6 4,5 4,8 5,6 5,9 6,7 8,10 8,12 9,10 9,11 9,13 10,11 12,13
ENDCASE
CASE 14 1 T14_0654 6
EDGES 0,1 0,2 0,4 0,5 1,2 1,7 2,3 3,6 4,5 4,8 5,6 5,9 6,7 8,10 8,12 9,10 9,11 9,13 10,11 12,13
ENDCASE
CASE 14 1 T14_0654 7
EDGES 0,1 0,2 0,4 0,5 1,2 1,7 2,3 3,6 4,5 4,8 5,6 5,9 6,7 8,10 8,12 9,10 9,11 9,13 10,11 12,13
ENDCASE
CASE 14 1 T14_0654 8
EDGES 0,1 0,2 0,4 0,5 1,2 1,7 2,3 3,6 4,5 4,8 5,6 5,9 6,7 8,10 8,12 9,10 9,11 9,13 10,11 12,13
ENDCASE
CASE 14 1 T14_0654 9
EDGES 0,1 0,2 0,4 0,5 1,2 1,7 2,3 3,6 4,5 4,8 5,6 5,9 6,7 8,10 8,12 9,10 9,11 9,13 10,11 12,13
ENDCASE
CASE 14 1 T14_0654 10
EDGES 0,1 0,2 0,4 0,5 1,2 1,7 2,3 3,6 4,5 4,8 5,6 5,9 6,7 8,10 8,12 9,10 9,11 9,13 10,11 12,13
ENDCASE
CASE 14 1 T14_0654 11
EDGES 0,1 0,2 0,4 0,5 1,2 1,7 2,3 3,6 4,5 4,8 5,6 5,9 6,7 8,10 8,12 9,10 9,11 9,13 10,11 12,13
ENDCASE
CASE 14 1 T14_0654 12
EDGES 0,1 0,2 0,4 0,5 1,2 1,7 2,3 3,6 4,5 4,8 5,6 5,9 6,7 8,10 8,12 9,10 9,11 9,13 10,11 12,13
ENDCASE
CASE 14 1 T14_0654 13
EDGES 0,1 0,2 0,4 0,5 1,2 1,7 2,3 3,6 4,5 4,8 5,6 5,9 6,7 8,10 8,12 9,10 9,11 9,13 10,11 12,13
ENDCASE
CASE 14 1 T14_0655 9
EDGES 0,1 0,2 0,4 0,5 1,2 1,7 2,3 3,6 4,5 4,8 5,6 5,9 6,7 8,10 9,10 9,11 9,12 9,13 10,11 12,13
ENDCASE
CASE 14 1 T14_0656 10
EDGES 0,1 0,2 0,4 0,5 1,2 1,7 2,3 3,6 4,5 4,8 5,6 5,9 6,7 8,10 9,10 9,11 10,11 10,12 10,13 12,13
ENDCASE
CASE 14 1 T14_0657 0
EDGES 0,1 0,2 0,4 0,5 1,2 1,7 2,3 3,6 4,5 4,8 5,6 5,9 6,7 8,10 9,10 9,11 10,11 11,12 11,13 12,13
ENDCASE
CASE 14 1 T14_0657 1
EDGES 0,1 0,2 0,4 0,5 1,2 1,7 2,3 3,6 4,5 4,8 5,6 5,9 6,7 8,10 9,10 9,11 10,11 11,12 11,13 12,13
ENDCASE
CASE 14 1 T14_0657 2
EDGES 0,1 0,2 0,4 0,5 1,2 1,7 2,3 3,6 4,5 4,8 5,6 5,9 6,7 8,10 9,10 9,11 10,11 11,12 11,13 12,13
ENDCASE
CASE 14 1 T14_0657 3
EDGES 0,1 0,2 0,4 0,5 1,2 1,7 2,3 3,6 4,5 4,8 5,6 5,9 6,7 8,10 9,10 9,11 10,11 11,12 11,13 12,13
ENDCASE
CASE 14 1 T14_0657 4
EDGES 0,1 0,2 0,4 0,5 1,2 1,7 2,3 3,6 4,5 4,8 5,6 5,9 6,7 8,10 9,10 9,11 10,11 11,12 11,13 12,13
ENDCASE
CASE 14 1 T14_0657 5
EDGES 0,1 0,2 0,4 0,5 1,2 1,7 2,3 3,6 4,5 4,8 5,6 5,9 6,7 8,10 9,10 9,11 10,11 11,12 11,13 12,13
ENDCASE
CASE 14 1 T14_0657 6
EDGES 0,1 0,2 0,4 0,5 1,2 1,7 2,3 3,6 4,5 4,8 5,6 5,9 6,7 8,10 9,10 9,11 10,11 11,12 11,13 12,13
ENDCASE
CASE 14 1 T14_0657 7
EDGES 0,1 0,2 0,4 0,5 1,2 1,7 2,3 3,6 4,5 4,8 5,6 5,9 6,7 8,10 9,10 9,11 10,11 11,12 11,13 12,13
ENDCASE
CASE 14 1 T14_0657 8
EDGES 0,1 0,2 0,4 0,5 1,2 1,7 2,3 3,6 4,5 4,8 5,6 5,9 6,7 8,10 9,10 9,11 10,11 11,12 11,13 12,13
ENDCASE
CASE 14 1 T14_0657 9
EDGES 0,1 0,2 0,4 0,5 1,2 1,7 2,3 3,6 4,5 4,8 5,6 5,9 6,7 8,10 9,10 9,11 10,11 11,12 11,13 12,13
ENDCASE
CASE 14 1 T14_0657 10
EDGES 0,1 0,2 0,4 0,5 1,2 1,7 2,3 3,6 4,5 4,8 5,6 5,9 6,7 8,10 9,10 9,11 10,11 11,12 11,13 12,13
ENDCASE
CASE 14 1 T14_0657 11
EDGES 0,1 0,2 0,4 0,5 1,2 1,7 2,3 3,6 4,5 4,8 5,6 5,9 6,7 8,10 9,10 9,11 10,11 11,12 11,13 12,13
ENDCASE
CASE 14 1 T14_0657 12
EDGES 0,1 0,2 0,4 0,5 1,2 1,7 2,3 3,6 4,5 4,8 5,6 5,9 6,7 8,10 9,10 9,11 10,11 11,12 11,13 12,13
ENDCASE
CASE 14 1 T14_0657 13
EDGES 0,1 0,2 0,4 0,5 1,2 1,7 2,3 3,6 4,5 4,8 5,6 5,9 6,7 8,10 9,10 9,11 10,11 11,12 11,13 12,13
ENDCASE
CASE 14 1 T14_0659 0
EDGES 0,1 0,4 0,5 0,8 0,12 1,2 1,4 1,7 2,6 3,5 3,6 3,7 4,9 5,6 8,10 8,11 9,10 9,13 10,11 12,13
ENDCASE
CASE 14 1 T14_0660 0
EDGES 0,1 0,4 0,5 0,8 0,12 1,2 1,4 1,7 2,6 3,5 3,6 3,7 4,9 5,6 8,10 8,11 9,10 10,11 10,13 12,13
ENDCASE
CASE 14 1 T14_0662 1
EDGES 0,1 0,4 0,5 0,8 1,2 1,4 1,7 1,12 2,6 3,5 3,6 3,7 4,9 5,6 5,13 8,10 8,11 9,10 10,11 12,13
ENDCASE
CASE 14 1 T14_0663 0
EDGES 0,1 0,4 0,5 0,8 1,2 1,4 1,7 2,6 2,12 2,13 3,5 3,6 3,7 4,9 5,6 8,10 8,11 9,10 10,11 12,13
ENDCASE
CASE 14 1 T14_0663 1
EDGES 0,1 0,4 0,5 0,8 1,2 1,4 1,7 2,6 2,12 2,13 3,5 3,6 3,7 4,9 5,6 8,10 8,11 9,10 10,11 12,13
ENDCASE
CASE 14 1 T14_0663 2
EDGES 0,1 0,4 0,5 0,8 1,2 1,4 1,7 2,6 2,12 2,13 3,5 3,6 3,7 4,9 5,6 8,10 8,11 9,10 10,11 12,13
ENDCASE
CASE 14 1 T14_0663 3
EDGES 0,1 0,4 0,5 0,8 1,2 1,4 1,7 2,6 2,12 2,13 3,5 3,6 3,7 4,9 5,6 8,10 8,11 9,10 10,11 12,13
ENDCASE
CASE 14 1 T14_0663 4
EDGES 0,1 0,4 0,5 0,8 1,2 1,4 1,7 2,6 2,12 2,13 3,5 3,6 3,7 4,9 5,6 8,10 8,11 9,10 10,11 12,13
ENDCASE
CASE 14 1 T14_0663 5
EDGES 0,1 0,4 0,5 0,8 1,2 1,4 1,7 2,6 2,12 2,13 3,5 3,6 3,7 4,9 5,6 8,10 8,11 9,10 10,11 12,13
ENDCASE
CASE 14 1 T14_0663 6
EDGES 0,1 0,4 0,5 0,8 1,2 1,4 1,7 2,6 2,12 2,13 3,5 3,6 3,7 4,9 5,6 8,10 8,11 9,10 10,11 12,13
ENDCASE
CASE 14 1 T14_0663 7
EDGES 0,1 0,4 0,5 0,8 1,2 1,4 1,7 2,6 2,12 2,13 3,5 3,6 3,7 4,9 5,6 8,10 8,11 9,10 10,11 12,13
ENDCASE
CASE 14 1 T14_0663 8
EDGES 0,1 0,4 0,5 0,8 1,2 1,4 1,7 2,6 2,12 2,13 3,5 3,6 3,7 4,9 5,6 8,10 8,11 9,10 10,11 12,13
ENDCASE
CASE 14 1 T14_0663 9
EDGES 0,1 0,4 0,5 0,8 1,2 1,4 1,7 2,6 2,12 2,13 3,5 3,6 3,7 4,9 5,6 8,10 8,11 9,10 10,11 12,13
ENDCASE
CASE 14 1 T14_0663 10
EDGES 0,1 0,4 0,5 0,8 1,2 1,4 1,7 2,6 2,12 2,13 3,5 3,6 3,7 4,9 5,6 8,10 8,11 9,10 10,11 12,13
ENDCASE
CASE 14 1 T14_0663 11
EDGES 0,1 0,4 0,5 0,8 1,2 1,4 1,7 2,6 2,12 2,13 3,5 3,6 3,7 4,9 5,6 8,10 8,11 9,10 10,11 12,13
ENDCASE
CASE 14 1 T14_0663 12
EDGES 0,1 0,4 0,5 0,8 1,2 1,4 1,7 2,6 2,12 2,13 3,5 3,6 3,7 4,9 5,6 8,10 8,11 9,10 10,11 12,13
ENDCASE
CASE 14 1 T14_0663 13
EDGES 0,1 0,4 0,5 0,8 1,2 1,4 1,7 2,6 2,12 2,13 3,5 3,6 3,7 4,9 5,6 8,10 8,11 9,10 10,11 12,13
ENDCASE
CASE 14 1 T14_0664 3
EDGES 0,1 0,4 0,5 0,8 1,2 1,4 1,7 2,6 3,5 3,6 3,7 3,12 3,13 4,9 5,6 8,10 8,11 9,10 10,11 12,13
ENDCASE
CASE 14 1 T14_0665 4
EDGES 0,1 0,4 0,5 0,8 1,2 1,4 1,7 2,6 3,5 3,6 3,7 4,9 4,12 4,13 5,6 8,10 8,11 9,10 10,11 12,13
ENDCASE
CASE 14 1 T14_0666 0
EDGES 0,1 0,4 0,5 0,8 1,2 1,4 1,7 2,6 3,5 3,6 3,7 4,9 4,12 5,6 8,10 8,11 8,13 9,10 10,11 12,13
ENDCASE
CASE 14 1 T14_0666 1
EDGES 0,1 0,4 0,5 0,8 1,2 1,4 1,7 2,6 3,5 3,6 3,7 4,9 4,12 5,6 8,10 8,11 8,13 9,10 10,11 12,13
ENDCASE
CASE 14 1 T14_0666 2
EDGES 0,1 0,4 0,5 0,8 1,2 1,4 1,7 2,6 3,5 3,6 3,7 4,9 4,12 5,6 8,10 8,11 8,13 9,10 10,11 12,13
ENDCASE
CASE 14 1 T14_0666 3
EDGES 0,1 0,4 0,5 0,8 1,2 1,4 1,7 2,6 3,5 3,6 3,7 4,9 4,12 5,6 8,10 8,11 8,13 9,10 10,11 12,13
ENDCASE
CASE 14 1 T14_0666 4
EDGES 0,1 0,4 0,5 0,8 1,2 1,4 1,7 2,6 3,5 3,6 3,7 4,9 4,12 5,6 8,10 8,11 8,13 9,10 10,11 12,13
ENDCASE
CASE 14 1 T14_0666 5
EDGES 0,1 0,4 0,5 0,8 1,2 1,4 1,7 2,6 3,5 3,6 3,7 4,9 4,12 5,6 8,10 8,11 8,13 9,10 10,11 12,13
ENDCASE
CASE 14 1 T14_0666 6
EDGES 0,1 0,4 0,5 0,8 1,2 1,4 1,7 2,6 3,5 3,6 3,7 4,9 4,12 5,6 8,10 8,11 8,13 9,10 10,11 12,13
ENDCASE
CASE 14 1 T14_0666 7
EDGES 0,1 0,4 0,5 0,8 1,2 1,4 1,7 2,6 3,5 3,6 3,7 4,9 4,12 5,6 8,10 8,11 8,13 9,10 10,11 12,13
ENDCASE
CASE 14 1 T14_0666 8
EDGES 0,1 0,4 0,5 0,8 1,2 1,4 1,7 2,6 3,5 3,6 3,7 4,9 4,12 5,6 8,10 8,11 8,13 9,10 10,11 12,13
ENDCASE
CASE 14 1 T14_0666 9
EDGES 0,1 0,4 0,5 0,8 1,2 1,4 1,7 2,6 3,5 3,6 3,7 4,9 4,12 5,6 8,10 8,11 8,13 9,10 10,11 12,13
ENDCASE
CASE 14 1 T14_0666 10
EDGES 0,1 0,4 0,5 0,8 1,2 1,4 1,7 2,6 3,5 3,6 3,7 4,9 4,12 5,6 8,10 8,11 8,13 9,10 10,11 12,13
ENDCASE
CASE 14 1 T14_0666 11
EDGES 0,1 0,4 0,5 0,8 1,2 1,4 1,7 2,6 3,5 3,6 3,7 4,9 4,12 5,6 8,10 8,11 8,13 9,10 10,11 12,13
ENDCASE
CASE 14 1 T14_0666 12
EDGES 0,1 0,4 0,5 0,8 1,2 1,4 1,7 2,6 3,5 3,6 3,7 4,9 4,12 5,6 8,10 8,11 8,13 9,10 10,11 12,13
ENDCASE
CASE 14 1 T14_0666 13
EDGES 0,1 0,4 0,5 0,8 1,2 1,4 1,7 2,6 3,5 3,6 3,7 4,9 4,12 5,6 8,10 8,11 8,13 9,10 10,11 12,13
ENDCASE
CASE 14 1 T14_0667 5
EDGES 0,1 0,4 0,5 0,8 1,2 1,4 1,7 2,6 3,5 3,6 3,7 4,9 5,6 5,12 5,13 8,10 8,11 9,10 10,11 12,13
ENDCASE
CASE 14 1 T14_0668 8
EDGES 0,1 0,4 0,5 0,8 1,2 1,4 1,7 2,6 3,5 3,6 3,7 4,9 5,6 8,10 8,11 8,12 8,13 9,10 10,11 12,13
ENDCASE
CASE 14 1 T14_0669 0
EDGES 0,1 0,4 0,5 0,8 1,2 1,4 1,7 2,6 3,5 3,6 3,7 4,9 5,6 8,10 8,11 8,12 9,10 9,13 10,11 12,13
ENDCASE
CASE 14 1 T14_0669 1
EDGES 0,1 0,4 0,5 0,8 1,2 1,4 1,7 2,6 3,5 3,6 3,7 4,9 5,6 8,10 8,11 8,12 9,10 9,13 10,11 12,13
ENDCASE
CASE 14 1 T14_0669 2
EDGES 0,1 0,4 0,5 0,8 1,2 1,4 1,7 2,6 3,5 3,6 3,7 4,9 5,6 8,10 8,11 8,12 9,10 9,13 10,11 12,13
ENDCASE
CASE 14 1 T14_0669 3
EDGES 0,1 0,4 0,5 0,8 1,2 1,4 1,7 2,6 3,5 3,6 3,7 4,9 5,6 8,10 8,11 8,12 9,10 9,13 10,11 12,13
ENDCASE
CASE 14 1 T14_0669 4
EDGES 0,1 0,4 0,5 0,8 1,2 1,4 1,7 2,6 3,5 3,6 3,7 4,9 5,6 8,10 8,11 8,12 9,10 9,13 10,11 12,13
ENDCASE
CASE 14 1 T14_0669 5
EDGES 0,1 0,4 0,5 0,8 1,2 1,4 1,7 2,6 3,5 3,6 3,7 4,9 5,6 8,10 8,11 8,12 9,10 9,13 10,11 12,13
ENDCASE
CASE 14 1 T14_0669 6
EDGES 0,1 0,4 0,5 0,8 1,2 1,4 1,7 2,6 3,5 3,6 3,7 4,9 5,6 8,10 8,11 8,12 9,10 9,13 10,11 12,13
ENDCASE
CASE 14 1 T14_0669 7
EDGES 0,1 0,4 0,5 0,8 1,2 1,4 1,7 2,6 3,5 3,6 3,7 4,9 5,6 8,10 8,11 8,12 9,10 9,13 10,11 12,13
ENDCASE
CASE 14 1 T14_0669 8
EDGES 0,1 0,4 0,5 0,8 1,2 1,4 1,7 2,6 3,5 3,6 3,7 4,9 5,6 8,10 8,11 8,12 9,10 9,13 10,11 12,13
ENDCASE
CASE 14 1 T14_0669 9
EDGES 0,1 0,4 0,5 0,8 1,2 1,4 1,7 2,6 3,5 3,6 3,7 4,9 5,6 8,10 8,11 8,12 9,10 9,13 10,11 12,13
ENDCASE
CASE 14 1 T14_0669 10
EDGES 0,1 0,4 0,5 0,8 1,2 1,4 1,7 2,6 3,5 3,6 3,7 4,9 5,6 8,10 8,11 8,12 9,10 9,13 10,11 12,13
ENDCASE
CASE 14 1 T14_0669 11
EDGES 0,1 0,4 0,5 0,8 1,2 1,4 1,7 2,6 3,5 3,6 3,7 4,9 5,6 8,10 8,11 8,12 9,10 9,13 10,11 12,13
ENDCASE
CASE 14 1 T14_0669 12
EDGES 0,1 0,4 0,5 0,8 1,2 1,4 1,7 2,6 3,5 3,6 3,7 4,9 5,6 8,10 8,11 8,12 9,10 9,13 10,11 12,13
ENDCASE
CASE 14 1 T14_0669 13
EDGES 0,1 0,4 0,5 0,8 1,2 1,4 1,7 2,6 3,5 3,6 3,7 4,9 5,6 8,10 8,11 8,12 9,10 9,13 10,11 12,13
ENDCASE
CASE 14 1 T14_0670 0
EDGES 0,1 0,4 0,5 0,8 1,2 1,4 1,7 2,6 3,5 3,6 3,7 4,9 5,6 8,10 8,11 9,10 9,12 9,13 10,11 12,13
ENDCASE
CASE 14 1 T14_0670 1
EDGES 0,1 0,4 0,5 0,8 1,2 1,4 1,7 2,6 3,5 3,6 3,7 4,9 5,6 8,10 8,11 9,10 9,12 9,13 10,11 12,13
ENDCASE
CASE 14 1 T14_0670 2
EDGES 0,1 0,4 0,5 0,8 1,2 1,4 1,7 2,6 3,5 3,6 3,7 4,9 5,6 8,10 8,11 9,10 9,12 9,13 10,11 12,13
ENDCASE
CASE 14 1 T14_0670 3
EDGES 0,1 0,4 0,5 0,8 1,2 1,4 1,7 2,6 3,5 3,6 3,7 4,9 5,6 8,10 8,11 9,10 9,12 9,13 10,11 12,13
ENDCASE
CASE 14 1 T14_0670 4
EDGES 0,1 0,4 0,5 0,8 1,2 1,4 1,7 2,6 3,5 3,6 3,7 4,9 5,6 8,10 8,11 9,10 9,12 9,13 10,11 12,13
ENDCASE
CASE 14 1 T14_0670 5
EDGES 0,1 0,4 0,5 0,8 1,2 1,4 1,7 2,6 3,5 3,6 3,7 4,9 5,6 8,10 8,11 9,10 9,12 9,13 10,11 12,13
ENDCASE
CASE 14 1 T14_0670 6
EDGES 0,1 0,4 0,5 0,8 1,2 1,4 1,7 2,6 3,5 3,6 3,7 4,9 5,6 8,10 8,11 9,10 9,12 9,13 10,11 12,13
ENDCASE
CASE 14 1 T14_0670 7
EDGES 0,1 0,4 0,5 0,8 1,2 1,4 1,7 2,6 3,5 3,6 3,7 4,9 5,6 8,10 8,11 9,10 9,12 9,13 10,11 12,13
ENDCASE
CASE 14 1 T14_0670 8
EDGES 0,1 0,4 0,5 0,8 1,2 1,4 1,7 2,6 3,5 3,6 3,7 4,9 5,6 8,10 8,11 9,10 9,12 9,13 10,11 12,13
ENDCASE
CASE 14 1 T14_0670 9
EDGES 0,1 0,4 0,5 0,8 1,2 1,4 1,7 2,6 3,5 3,6 3,7 4,9 5,6 8,10 8,11 9,10 9,12 9,13 10,11 12,13
ENDCASE
CASE 14 1 T14_0670 10
EDGES 0,1 0,4 0,5 0,8 1,2 1,4 1,7 2,6 3,5 3,6 3,7 4,9 5,6 8,10 8,11 9,10 9,12 9,13 10,11 12,13
ENDCASE
CASE 14 1 T14_0670 11
EDGES 0,1 0,4 0,5 0,8 1,2 1,4 1,7 2,6 3,5 3,6 3,7 4,9 5,6 8,10 8,11 9,10 9,12 9,13 10,11 12,13
ENDCASE
CASE 14 1 T14_0670 12
EDGES 0,1 0,4 0,5 0,8 1,2 1,4 1,7 2,6 3,5 3,6 3,7 4,9 5,6 8,10 8,11 9,10 9,12 9,13 10,11 12,13
ENDCASE
CASE 14 1 T14_0670 13
EDGES 0,1 0,4 0,5 0,8 1,2 1,4 1,7 2,6 3,5 3,6 3,7 4,9 5,6 8,10 8,11 9,10 9,12 9,13 10,11 12,13
ENDCASE
CASE 14 1 T14_0671 10
EDGES 0,1 0,4 0,5 0,8 1,2 1,4 1,7 2,6 3,5 3,6 3,7 4,9 5,6 8,10 8,11 9,10 10,11 10,12 10,13 12,13
ENDCASE
CASE 14 1 T14_0672 0
EDGES 0,1 0,4 0,5 0,8 1,2 1,4 1,7 2,6 3,5 3,6 3,7 4,9 5,6 8,10 8,11 9,10 10,11 11,12 11,13 12,13
ENDCASE
CASE 14 1 T14_0672 1
EDGES 0,1 0,4 0,5 0,8 1,2 1,4 1,7 2,6 3,5 3,6 3,7 4,9 5,6 8,10 8,11 9,10 10,11 11,12 11,13 12,13
ENDCASE
CASE 14 1 T14_0672 2
EDGES 0,1 0,4 0,5 0,8 1,2 1,4 1,7 2,6 3,5 3,6 3,7 4,9 5,6 8,10 8,11 9,10 10,11 11,12 11,13 12,13
ENDCASE
CASE 14 1 T14_0672 3
EDGES 0,1 0,4 0,5 0,8 1,2 1,4 1,7 2,6 3,5 3,6 3,7 4,9 5,6 8,10 8,11 9,10 10,11 11,12 11,13 12,13
ENDCASE
CASE 14 1 T14_0672 4
EDGES 0,1 0,4 0,5 0,8 1,2 1,4 1,7 2,6 3,5 3,6 3,7 4,9 5,6 8,10 8,11 9,10 10,11 11,12 11,13 12,13
ENDCASE
CASE 14 1 T14_0672 5
EDGES 0,1 0,4 0,5 0,8 1,2 1,4 1,7 2,6 3,5 3,6 3,7 4,9 5,6 8,10 8,11 9,10 10,11 11,12 11,13 12,13
ENDCASE
CASE 14 1 T14_0672 6
EDGES 0,1 0,4 0,5 0,8 1,2 1,4 1,7 2,6 3,5 3,6 3,7 4,9 5,6 8,10 8,11 9,10 10,11 11,12 11,13 12,13
ENDCASE
CASE 14 1 T14_0672 7
EDGES 0,1 0,4 0,5 0,8 1,2 1,4 1,7 2,6 3,5 3,6 3,7 4,9 5,6 8,10 8,11 9,10 10,11 11,12 11,13 12,13
ENDCASE
CASE 14 1 T14_0672 8
EDGES 0,1 0,4 0,5 0,8 1,2 1,4 1,7 2,6 3,5 3,6 3,7 4,9 5,6 8,10 8,11 9,10 10,11 11,12 11,13 12,13
ENDCASE
CASE 14 1 T14_0672 9
EDGES 0,1 0,4 0,5 0,8 1,2 1,4 1,7 2,6 3,5 3,6 3,7 4,9 5,6 8,10 8,11 9,10 10,11 11,12 11,13 12,13
ENDCASE
CASE 14 1 T14_0672 10
EDGES 0,1 0,4 0,5 0,8 1,2 1,4 1,7 2,6 3,5 3,6 3,7 4,9 5,6 8,10 8,11 9,10 10,11 11,12 11,13 12,13
ENDCASE
CASE 14 1 T14_0672 11
EDGES 0,1 0,4 0,5 0,8 1,2 1,4 1,7 2,6 3,5 3,6 3,7 4,9 5,6 8,10 8,11 9,10 10,11 11,12 11,13 12,13
ENDCASE
CASE 14 1 T14_0672 12
EDGES 0,1 0,4 0,5 0,8 1,2 1,4 1,7 2,6 3,5 3,6 3,7 4,9 5,6 8,10 8,11 9,10 10,11 11,12 11,13 12,13
ENDCASE
CASE 14 1 T14_0672 13
EDGES 0,1 0,4 0,5 0,8 1,2 1,4 1,7 2,6 3,5 3,6 3,7 4,9 5,6 8,10 8,11 9,10 10,11 11,12 11,13 12,13
ENDCASE
CASE 14 1 T14_0674 0
EDGES 0,1 0,4 0,5 0,8 0,12 1,2 1,4 1,7 2,6 3,5 3,6 3,7 4,9 5,6 8,10 9,10 9,11 9,13 10,11 12,13
ENDCASE
CASE 14 1 T14_0676 1
EDGES 0,1 0,4 0,5 0,8 1,2 1,4 1,7 1,12 2,6 3,5 3,6 3,7 4,9 5,6 5,13 8,10 9,10 9,11 10,11 12,13
ENDCASE
CASE 14 1 T14_0677 0
EDGES 0,1 0,4 0,5 0,8 1,2 1,4 1,7 2,6 2,12 2,13 3,5 3,6 3,7 4,9 5,6 8,10 9,10 9,11 10,11 12,13
ENDCASE
CASE 14 1 T14_0677 1
EDGES 0,1 0,4 0,5 0,8 1,2 1,4 1,7 2,6 2,12 2,13 3,5 3,6 3,7 4,9 5,6 8,10 9,10 9,11 10,11 12,13
ENDCASE
CASE 14 1 T14_0677 2
EDGES 0,1 0,4 0,5 0,8 1,2 1,4 1,7 2,6 2,12 2,13 3,5 3,6 3,7 4,9 5,6 8,10 9,10 9,11 10,11 12,13
ENDCASE
CASE 14 1 T14_0677 3
EDGES 0,1 0,4 0,5 0,8 1,2 1,4 1,7 2,6 2,12 2,13 3,5 3,6 3,7 4,9 5,6 8,10 9,10 9,11 10,11 12,13
ENDCASE
CASE 14 1 T14_0677 4
EDGES 0,1 0,4 0,5 0,8 1,2 1,4 1,7 2,6 2,12 2,13 3,5 3,6 3,7 4,9 5,6 8,10 9,10 9,11 10,11 12,13
ENDCASE
CASE 14 1 T14_0677 5
EDGES 0,1 0,4 0,5 0,8 1,2 1,4 1,7 2,6 2,12 2,13 3,5 3,6 3,7 4,9 5,6 8,10 9,10 9,11 10,11 12,13
ENDCASE
CASE 14 1 T14_0677 6
EDGES 0,1 0,4 0,5 0,8 1,2 1,4 1,7 2,6 2,12 2,13 3,5 3,6 3,7 4,9 5,6 8,10 9,10 9,11 10,11 12,13
ENDCASE
CASE 14 1 T14_0677 7
EDGES 0,1 0,4 0,5 0,8 1,2 1,4 1,7 2,6 2,12 2,13 3,5 3,6 3,7 4,9 5,6 8,10 9,10 9,11 10,11 12,13
ENDCASE
CASE 14 1 T14_0677 8
EDGES 0,1 0,4 0,5 0,8 1,2 1,4 1,7 2,6 2,12 2,13 3,5 3,6 3,7 4,9 5,6 8,10 9,10 9,11 10,11 12,13
ENDCASE
CASE 14 1 T14_0677 9
EDGES 0,1 0,4 0,5 0,8 1,2 1,4 1,7 2,6 2,12 2,13 3,5 3,6 3,7 4,9 5,6 8,10 9,10 9,11 10,11 12,13
ENDCASE
CASE 14 1 T14_0677 10
EDGES 0,1 0,4 0,5 0,8 1,2 1,4 1,7 2,6 2,12 2,13 3,5 3,6 3,7 4,9 5,6 8,10 9,10 9,11 10,11 12,13
ENDCASE
CASE 14 1 T14_0677 11
EDGES 0,1 0,4 0,5 0,8 1,2 1,4 1,7 2,6 2,12 2,13 3,5 3,6 3,7 4,9 5,6 8,10 9,10 9,11 10,11 12,13
ENDCASE
CASE 14 1 T14_0677 12
EDGES 0,1 0,4 0,5 0,8 1,2 1,4 1,7 2,6 2,12 2,13 3,5 3,6 3,7 4,9 5,6 8,10 9,10 9,11 10,11 12,13
ENDCASE
CASE 14 1 T14_0677 13
EDGES 0,1 0,4 0,5 0,8 1,2 1,4 1,7 2,6 2,12 2,13 3,5 3,6 3,7 4,9 5,6 8,10 9,10 9,11 10,11 12,13
ENDCASE
CASE 14 1 T14_0678 3
EDGES 0,1 0,4 0,5 0,8 1,2 1,4 1,7 2,6 3,5 3,6 3,7 3,12 3,13 4,9 5,6 8,10 9,10 9,11 10,11 12,13
ENDCASE
CASE 14 1 T14_0679 4
EDGES 0,1 0,4 0,5 0,8 1,2 1,4 1,7 2,6 3,5 3,6 3,7 4,9 4,12 4,13 5,6 8,10 9,10 9,11 10,11 12,13
ENDCASE
CASE 14 1 T14_0680 0
EDGES 0,1 0,4 0,5 0,8 1,2 1,4 1,7 2,6 3,5 3,6 3,7 4,9 4,12 5,6 8,10 8,13 9,10 9,11 10,11 12,13
ENDCASE
CASE 14 1 T14_0680 1
EDGES 0,1 0,4 0,5 0,8 1,2 1,4 1,7 2,6 3,5 3,6 3,7 4,9 4,12 5,6 8,10 8,13 9,10 9,11 10,11 12,13
ENDCASE
CASE 14 1 T14_0680 2
EDGES 0,1 0,4 0,5 0,8 1,2 1,4 1,7 2,6 3,5 3,6 3,7 4,9 4,12 5,6 8,10 8,13 9,10 9,11 10,11 12,13
ENDCASE
CASE 14 1 T14_0680 3
EDGES 0,1 0,4 0,5 0,8 1,2 1,4 1,7 2,6 3,5 3,6 3,7 4,9 4,12 5,6 8,10 8,13 9,10 9,11 10,11 12,13
ENDCASE
CASE 14 1 T14_0680 4
EDGES 0,1 0,4 0,5 0,8 1,2 1,4 1,7 2,6 3,5 3,6 3,7 4,9 4,12 5,6 8,10 8,13 9,10 9,11 10,11 12,13
ENDCASE
CASE 14 1 T14_0680 5
EDGES 0,1 0,4 0,5 0,8 1,2 1,4 1,7 2,6 3,5 3,6 3,7 4,9 4,12 5,6 8,10 8,13 9,10 9,11 10,11 12,13
ENDCASE
CASE 14 1 T14_0680 6
EDGES 0,1 0,4 0,5 0,8 1,2 1,4 1,7 2,6 3,5 3,6 3,7 4,9 4,12 5,6 8,10 8,13 9,10 9,11 10,11 12,13
ENDCASE
CASE 14 1 T14_0680 7
EDGES 0,1 0,4 0,5 0,8 1,2 1,4 1,7 2,6 3,5 3,6 3,7 4,9 4,12 5,6 8,10 8,13 9,10 9,11 10,11 12,13
ENDCASE
CASE 14 1 T14_0680 8
EDGES 0,1 0,4 0,5 0,8 1,2 1,4 1,7 2,6 3,5 3,6 3,7 4,9 4,12 5,6 8,10 8,13 9,10 9,11 10,11 12,13
ENDCASE
CASE 14 1 T14_0680 9
EDGES 0,1 0,4 0,5 0,8 1,2 1,4 1,7 2,6 3,5 3,6 3,7 4,9 4,12 5,6 8,10 8,13 9,10 9,11 10,11 12,13
ENDCASE
CASE 14 1 T14_0680 10
EDGES 0,1 0,4 0,5 0,8 1,2 1,4 1,7 2,6 3,5 3,6 3,7 4,9 4,12 5,6 8,10 8,13 9,10 9,11 10,11 12,13
ENDCASE
CASE 14 1 T14_0680 11
EDGES 0,1 0,4 0,5 0,8 1,2 1,4 1,7 2,6 3,5 3,6 3,7 4,9 4,12 5,6 8,10 8,13 9,10 9,11 10,11 12,13
ENDCASE
CASE 14 1 T14_0680 12
EDGES 0,1 0,4 0,5 0,8 1,2 1,4 1,7 2,6 3,5 3,6 3,7 4,9 4,12 5,6 8,10 8,13 9,10 9,11 10,11 12,13
ENDCASE
CASE 14 1 T14_0680 13
EDGES 0,1 0,4 0,5 0,8 1,2 1,4 1,7 2,6 3,5 3,6 3,7 4,9 4,12 5,6 8,10 8,13 9,10 9,11 10,11 12,13
ENDCASE
CASE 14 1 T14_0681 0
EDGES 0,1 0,4 0,5 0,8 1,2 1,4 1,7 2,6 3,5 3,6 3,7 4,9 4,12 5,6 8,10 9,10 9,11 10,11 10,13 12,13
ENDCASE
CASE 14 1 T14_0681 1
EDGES 0,1 0,4 0,5 0,8 1,2 1,4 1,7 2,6 3,5 3,6 3,7 4,9 4,12 5,6 8,10 9,10 9,11 10,11 10,13 12,13
ENDCASE
CASE 14 1 T14_0681 2
EDGES 0,1 0,4 0,5 0,8 1,2 1,4 1,7 2,6 3,5 3,6 3,7 4,9 4,12 5,6 8,10 9,10 9,11 10,11 10,13 12,13
ENDCASE
CASE 14 1 T14_0681 3
EDGES 0,1 0,4 0,5 0,8 1,2 1,4 1,7 2,6 3,5 3,6 3,7 4,9 4,12 5,6 8,10 9,10 9,11 10,11 10,13 12,13
ENDCASE
CASE 14 1 T14_0681 4
EDGES 0,1 0,4 0,5 0,8 1,2 1,4 1,7 2,6 3,5 3,6 3,7 4,9 4,12 5,6 8,10 9,10 9,11 10,11 10,13 12,13
ENDCASE
CASE 14 1 T14_0681 5
EDGES 0,1 0,4 0,5 0,8 1,2 1,4 1,7 2,6 3,5 3,6 3,7 4,9 4,12 5,6 8,10 9,10 9,11 10,11 10,13 12,13
ENDCASE
CASE 14 1 T14_0681 6
EDGES 0,1 0,4 0,5 0,8 1,2 1,4 1,7 2,6 3,5 3,6 3,7 4,9 4,12 5,6 8,10 9,10 9,11 10,11 10,13 12,13
ENDCASE
CASE 14 1 T14_0681 7
EDGES 0,1 0,4 0,5 0,8 1,2 1,4 1,7 2,6 3,5 3,6 3,7 4,9 4,12 5,6 8,10 9,10 9,11 10,11 10,13 12,13
ENDCASE
CASE 14 1 T14_0681 8
EDGES 0,1 0,4 0,5 0,8 1,2 1,4 1,7 2,6 3,5 3,6 3,7 4,9 4,12 5,6 8,10 9,10 9,11 10,11 10,13 12,13
ENDCASE
CASE 14 1 T14_0681 9
EDGES 0,1 0,4 0,5 0,8 1,2 1,4 1,7 2,6 3,5 3,6 3,7 4,9 4,12 5,6 8,10 9,10 9,11 10,11 10,13 12,13
ENDCASE
CASE 14 1 T14_0681 10
EDGES 0,1 0,4 0,5 0,8 1,2 1,4 1,7 2,6 3,5 3,6 3,7 4,9 4,12 5,6 8,10 9,10 9,11 10,11 10,13 12,13
ENDCASE
CASE 14 1 T14_0681 11
EDGES 0,1 0,4 0,5 0,8 1,2 1,4 1,7 2,6 3,5 3,6 3,7 4,9 4,12 5,6 8,10 9,10 9,11 10,11 10,13 12,13
ENDCASE
CASE 14 1 T14_0681 12
EDGES 0,1 0,4 0,5 0,8 1,2 1,4 1,7 2,6 3,5 3,6 3,7 4,9 4,12 5,6 8,10 9,10 9,11 10,11 10,13 12,13
ENDCASE
CASE 14 1 T14_0681 13
EDGES 0,1 0,4 0,5 0,8 1,2 1,4 1,7 2,6 3,5 3,6 3,7 4,9 4,12 5,6 8,10 9,10 9,11 10,11 10,13 12,13
ENDCASE
CASE 14 1 T14_0682 5
EDGES 0,1 0,4 0,5 0,8 1,2 1,4 1,7 2,6 3,5 3,6 3,7 4,9 5,6 5,12 5,13 8,10 9,10 9,11 10,11 12,13
ENDCASE
CASE 14 1 T14_0683 0
EDGES 0,1 0,4 0,5 0,8 1,2 1,4 1,7 2,6 3,5 3,6 3,7 4,9 5,6 8,10 8,12 8,13 9,10 9,11 10,11 12,13
ENDCASE
CASE 14 1 T14_0683 1
EDGES 0,1 0,4 0,5 0,8 1,2 1,4 1,7 2,6 3,5 3,6 3,7 4,9 5,6 8,10 8,12 8,13 9,10 9,11 10,11 12,13
ENDCASE
CASE 14 1 T14_0683 2
EDGES 0,1 0,4 0,5 0,8 1,2 1,4 1,7 2,6 3,5 3,6 3,7 4,9 5,6 8,10 8,12 8,13 9,10 9,11 10,11 12,13
ENDCASE
CASE 14 1 T14_0683 3
EDGES 0,1 0,4 0,5 0,8 1,2 1,4 1,7 2,6 3,5 3,6 3,7 4,9 5,6 8,10 8,12 8,13 9,10 9,11 10,11 12,13
ENDCASE
CASE 14 1 T14_0683 4
EDGES 0,1 0,4 0,5 0,8 1,2 1,4 1,7 2,6 3,5 3,6 3,7 4,9 5,6 8,10 8,12 8,13 9,10 9,11 10,11 12,13
ENDCASE
CASE 14 1 T14_0683 5
EDGES 0,1 0,4 0,5 0,8 1,2 1,4 1,7 2,6 3,5 3,6 3,7 4,9 5,6 8,10 8,12 8,13 9,10 9,11 10,11 12,13
ENDCASE
CASE 14 1 T14_0683 6
EDGES 0,1 0,4 0,5 0,8 1,2 1,4 1,7 2,6 3,5 3,6 3,7 4,9 5,6 8,10 8,12 8,13 9,10 9,11 10,11 12,13
ENDCASE
CASE 14 1 T14_0683 7
EDGES 0,1 0,4 0,5 0,8 1,2 1,4 1,7 2,6 3,5 3,6 3,7 4,9 5,6 8,10 8,12 8,13 9,10 9,11 10,11 12,13
ENDCASE
CASE 14 1 T14_0683 8
EDGES 0,1 0,4 0,5 0,8 1,2 1,4 1,7 2,6 3,5 3,6 3,7 4,9 5,6 8,10 8,12 8,13 9,10 9,11 10,11 12,13
ENDCASE
CASE 14 1 T14_0683 9
EDGES 0,1 0,4 0,5 0,8 1,2 1,4 1,7 2,6 3,5 3,6 3,7 4,9 5,6 8,10 8,12 8,13 9,10 9,11 10,11 12,13
ENDCASE
CASE 14 1 T14_0683 10
EDGES 0,1 0,4 0,5 0,8 1,2 1,4 1,7 2,6 3,5 3,6 3,7 4,9 5,6 8,10 8,12 8,13 9,10 9,11 10,11 12,13
ENDCASE
CASE 14 1 T14_0683 11
EDGES 0,1 0,4 0,5 0,8 1,2 1,4 1,7 2,6 3,5 3,6 3,7 4,9 5,6 8,10 8,12 8,13 9,10 9,11 10,11 12,13
ENDCASE
CASE 14 1 T14_0683 12
EDGES 0,1 0,4 0,5 0,8 1,2 1,4 1,7 2,6 3,5 3,6 3,7 4,9 5,6 8,10 8,12 8,13 9,10 9,11 10,11 12,13
ENDCASE
CASE 14 1 T14_0683 13
EDGES 0,1 0,4 0,5 0,8 1,2 1,4 1,7 2,6 3,5 3,6 3,7 4,9 5,6 8,10 8,12 8,13 9,10 9,11 10,11 12,13
ENDCASE
CASE 14 1 T14_0684 0
EDGES 0,1 0,4 0,5 0,8 1,2 1,4 1,7 2,6 3,5 3,6 3,7 4,9 5,6 8,10 8,12 9,10 9,11 9,13 10,11 12,13
ENDCASE
CASE 14 1 T14_0684 1
EDGES 0,1 0,4 0,5 0,8 1,2 1,4 1,7 2,6 3,5 3,6 3,7 4,9 5,6 8,10 8,12 9,10 9,11 9,13 10,11 12,13
ENDCASE
CASE 14 1 T14_0684 2
EDGES 0,1 0,4 0,5 0,8 1,2 1,4 1,7 2,6 3,5 3,6 3,7 4,9 5,6 8,10 8,12 9,10 9,11 9,13 10,11 12,13
ENDCASE
CASE 14 1 T14_0684 3
EDGES 0,1 0,4 0,5 0,8 1,2 1,4 1,7 2,6 3,5 3,6 3,7 4,9 5,6 8,10 8,12 9,10 9,11 9,13 10,11 12,13
ENDCASE
CASE 14 1 T14_0684 4
EDGES 0,1 0,4 0,5 0,8 1,2 1,4 1,7 2,6 3,5 3,6 3,7 4,9 5,6 8,10 8,12 9,10 9,11 9,13 10,11 12,13
ENDCASE
CASE 14 1 T14_0684 5
EDGES 0,1 0,4 0,5 0,8 1,2 1,4 1,7 2,6 3,5 3,6 3,7 4,9 5,6 8,10 8,12 9,10 9,11 9,13 10,11 12,13
ENDCASE
CASE 14 1 T14_0684 6
EDGES 0,1 0,4 0,5 0,8 1,2 1,4 1,7 2,6 3,5 3,6 3,7 4,9 5,6 8,10 8,12 9,10 9,11 9,13 10,11 12,13
ENDCASE
CASE 14 1 T14_0684 7
EDGES 0,1 0,4 0,5 0,8 1,2 1,4 1,7 2,6 3,5 3,6 3,7 4,9 5,6 8,10 8,12 9,10 9,11 9,13 10,11 12,13
ENDCASE
CASE 14 1 T14_0684 8
EDGES 0,1 0,4 0,5 0,8 1,2 1,4 1,7 2,6 3,5 3,6 3,7 4,9 5,6 8,10 8,12 9,10 9,11 9,13 10,11 12,13
ENDCASE
CASE 14 1 T14_0684 9
EDGES 0,1 0,4 0,5 0,8 1,2 1,4 1,7 2,6 3,5 3,6 3,7 4,9 5,6 8,10 8,12 9,10 9,11 9,13 10,11 12,13
ENDCASE
CASE 14 1 T14_0684 10
EDGES 0,1 0,4 0,5 0,8 1,2 1,4 1,7 2,6 3,5 3,6 3,7 4,9 5,6 8,10 8,12 9,10 9,11 9,13 10,11 12,13
ENDCASE
CASE 14 1 T14_0684 11
EDGES 0,1 0,4 0,5 0,8 1,2 1,4 1,7 2,6 3,5 3,6 3,7 4,9 5,6 8,10 8,12 9,10 9,11 9,13 10,11 12,13
ENDCASE
CASE 14 1 T14_0684 12
EDGES 0,1 0,4 0,5 0,8 1,2 1,4 1,7 2,6 3,5 3,6 3,7 4,9 5,6 8,10 8,12 9,10 9,11 9,13 10,11 12,13
ENDCASE
CASE 14 1 T14_0684 13
EDGES 0,1 0,4 0,5 0,8 1,2 1,4 1,7 2,6 3,5 3,6 3,7 4,9 5,6 8,10 8,12 9,10 9,11 9,13 10,11 12,13
ENDCASE
CASE 14 1 T14_0685 9
EDGES 0,1 0,4 0,5 0,8 1,2 1,4 1,7 2,6 3,5 3,6 3,7 4,9 5,6 8,10 9,10 9,11 9,12 9,13 10,11 12,13
ENDCASE
CASE 14 1 T14_0686 10
EDGES 0,1 0,4 0,5 0,8 1,2 1,4 1,7 2,6 3,5 3,6 3,7 4,9 5,6 8,10 9,10 9,11 10,11 10,12 10,13 12,13
ENDCASE
CASE 14 1 T14_0687 0
EDGES 0,1 0,4 0,5 0,8 1,2 1,4 1,7 2,6 3,5 3,6 3,7 4,9 5,6 8,10 9,10 9,11 10,11 11,12 11,13 12,13
ENDCASE
CASE 14 1 T14_0687 1
EDGES 0,1 0,4 0,5 0,8 1,2 1,4 1,7 2,6 3,5 3,6 3,7 4,9 5,6 8,10 9,10 9,11 10,11 11,12 11,13 12,13
ENDCASE
CASE 14 1 T14_0687 2
EDGES 0,1 0,4 0,5 0,8 1,2 1,4 1,7 2,6 3,5 3,6 3,7 4,9 5,6 8,10 9,10 9,11 10,11 11,12 11,13 12,13
ENDCASE
CASE 14 1 T14_0687 3
EDGES 0,1 0,4 0,5 0,8 1,2 1,4 1,7 2,6 3,5 3,6 3,7 4,9 5,6 8,10 9,10 9,11 10,11 11,12 11,13 12,13
ENDCASE
CASE 14 1 T14_0687 4
EDGES 0,1 0,4 0,5 0,8 1,2 1,4 1,7 2,6 3,5 3,6 3,7 4,9 5,6 8,10 9,10 9,11 10,11 11,12 11,13 12,13
ENDCASE
CASE 14 1 T14_0687 5
EDGES 0,1 0,4 0,5 0,8 1,2 1,4 1,7 2,6 3,5 3,6 3,7 4,9 5,6 8,10 9,10 9,11 10,11 11,12 11,13 12,13
ENDCASE
CASE 14 1 T14_0687 6
EDGES 0,1 0,4 0,5 0,8 1,2 1,4 1,7 2,6 3,5 3,6 3,7 4,9 5,6 8,10 9,10 9,11 10,11 11,12 11,13 12,13
ENDCASE
CASE 14 1 T14_0687 7
EDGES 0,1 0,4 0,5 0,8 1,2 1,4 1,7 2,6 3,5 3,6 3,7 4,9 5,6 8,10 9,10 9,11 10,11 11,12 11,13 12,13
ENDCASE
CASE 14 1 T14_0687 8
EDGES 0,1 0,4 0,5 0,8 1,2 1,4 1,7 2,6 3,5 3,6 3,7 4,9 5,6 8,10 9,10 9,11 10,11 11,12 11,13 12,13
ENDCASE
CASE 14 1 T14_0687 9
EDGES 0,1 0,4 0,5 0,8 1,2 1,4 1,7 2,6 3,5 3,6 3,7 4,9 5,6 8,10 9,10 9,11 10,11 11,12 11,13 12,13
ENDCASE
CASE 14 1 T14_0687 10
EDGES 0,1 0,4 0,5 0,8 1,2 1,4 1,7 2,6 3,5 3,6 3,7 4,9 5,6 8,10 9,10 9,11 10,11 11,12 11,13 12,13
ENDCASE
CASE 14 1 T14_0687 11
EDGES 0,1 0,4 0,5 0,8 1,2 1,4 1,7 2,6 3,5 3,6 3,7 4,9 5,6 8,10 9,10 9,11 10,11 11,12 11,13 12,13
ENDCASE
CASE 14 1 T14_0687 12
EDGES 0,1 0,4 0,5 0,8 1,2 1,4 1,7 2,6 3,5 3,6 3,7 4,9 5,6 8,10 9,10 9,11 10,11 11,12 11,13 12,13
ENDCASE
CASE 14 1 T14_0687 13
EDGES 0,1 0,4 0,5 0,8 1,2 1,4 1,7 2,6 3,5 3,6 3,7 4,9 5,6 8,10 9,10 9,11 10,11 11,12 11,13 12,13
ENDCASE
CASE 14 1 T14_0693 1
EDGES 0,1 0,4 0,5 1,2 1,4 1,7 1,8 2,6 2,12 2,13 3,5 3,6 3,7 4,9 5,6 8,10 8,11 9,10 10,11 12,13
ENDCASE
CASE 14 1 T14_0696 1
EDGES 0,1 0,4 0,5 1,2 1,4 1,7 1,8 2,6 3,5 3,6 3,7 4,9 4,12 5,6 8,10 8,11 8,13 9,10 10,11 12,13
ENDCASE
CASE 14 1 T14_0699 1
EDGES 0,1 0,4 0,5 1,2 1,4 1,7 1,8 2,6 3,5 3,6 3,7 4,9 5,6 8,10 8,11 8,12 9,10 9,13 10,11 12,13
ENDCASE
CASE 14 1 T14_0700 1
EDGES 0,1 0,4 0,5 1,2 1,4 1,7 1,8 2,6 3,5 3,6 3,7 4,9 5,6 8,10 8,11 9,10 9,12 9,13 10,11 12,13
ENDCASE
CASE 14 1 T14_0702 1
EDGES 0,1 0,4 0,5 1,2 1,4 1,7 1,8 2,6 3,5 3,6 3,7 4,9 5,6 8,10 8,11 9,10 10,11 11,12 11,13 12,13
ENDCASE
CASE 14 1 T14_0707 1
EDGES 0,1 0,4 0,5 1,2 1,4 1,7 1,8 2,6 2,12 2,13 3,5 3,6 3,7 4,9 5,6 8,10 9,10 9,11 10,11 12,13
ENDCASE
CASE 14 1 T14_0710 1
EDGES 0,1 0,4 0,5 1,2 1,4 1,7 1,8 2,6 3,5 3,6 3,7 4,9 4,12 5,6 8,10 8,13 9,10 9,11 10,11 12,13
ENDCASE
CASE 14 1 T14_0711 1
EDGES 0,1 0,4 0,5 1,2 1,4 1,7 1,8 2,6 3,5 3,6 3,7 4,9 4,12 5,6 8,10 9,10 9,11 10,11 10,13 12,13
ENDCASE
CASE 14 1 T14_0713 1
EDGES 0,1 0,4 0,5 1,2 1,4 1,7 1,8 2,6 3,5 3,6 3,7 4,9 5,6 8,10 8,12 8,13 9,10 9,11 10,11 12,13
ENDCASE
CASE 14 1 T14_0714 1
EDGES 0,1 0,4 0,5 1,2 1,4 1,7 1,8 2,6 3,5 3,6 3,7 4,9 5,6 8,10 8,12 9,10 9,11 9,13 10,11 12,13
ENDCASE
CASE 14 1 T14_0717 1
EDGES 0,1 0,4 0,5 1,2 1,4 1,7 1,8 2,6 3,5 3,6 3,7 4,9 5,6 8,10 9,10 9,11 10,11 11,12 11,13 12,13
ENDCASE
CASE 14 1 T14_0725 1
EDGES 0,1 0,2 0,4 0,5 1,2 1,7 1,8 1,9 2,3 3,6 4,5 5,6 6,7 7,10 8,9 8,11 9,13 10,12 11,12 12,13
ENDCASE
CASE 14 1 T14_0726 1
EDGES 0,1 0,2 0,4 0,5 1,2 1,7 1,8 1,9 2,3 3,6 4,5 5,6 6,7 8,9 8,10 9,11 10,12 10,13 11,12 12,13
ENDCASE
CASE 14 1 T14_0727 0
EDGES 0,1 0,2 0,4 0,5 1,2 1,7 2,3 2,10 3,6 3,8 3,9 4,5 5,6 6,7 8,9 8,11 9,13 10,12 11,12 12,13
ENDCASE
CASE 14 1 T14_0727 1
EDGES 0,1 0,2 0,4 0,5 1,2 1,7 2,3 2,10 3,6 3,8 3,9 4,5 5,6 6,7 8,9 8,11 9,13 10,12 11,12 12,13
ENDCASE
CASE 14 1 T14_0727 2
EDGES 0,1 0,2 0,4 0,5 1,2 1,7 2,3 2,10 3,6 3,8 3,9 4,5 5,6 6,7 8,9 8,11 9,13 10,12 11,12 12,13
ENDCASE
CASE 14 1 T14_0727 3
EDGES 0,1 0,2 0,4 0,5 1,2 1,7 2,3 2,10 3,6 3,8 3,9 4,5 5,6 6,7 8,9 8,11 9,13 10,12 11,12 12,13
ENDCASE
CASE 14 1 T14_0727 4
EDGES 0,1 0,2 0,4 0,5 1,2 1,7 2,3 2,10 3,6 3,8 3,9 4,5 5,6 6,7 8,9 8,11 9,13 10,12 11,12 12,13
ENDCASE
CASE 14 1 T14_0727 5
EDGES 0,1 0,2 0,4 0,5 1,2 1,7 2,3 2,10 3,6 3,8 3,9 4,5 5,6 6,7 8,9 8,11 9,13 10,12 11,12 12,13
ENDCASE
CASE 14 1 T14_0727 6
EDGES 0,1 0,2 0,4 0,5 1,2 1,7 2,3 2,10 3,6 3,8 3,9 4,5 5,6 6,7 8,9 8,11 9,13 10,12 11,12 12,13
ENDCASE
CASE 14 1 T14_0727 7
EDGES 0,1 0,2 0,4 0,5 1,2 1,7 2,3 2,10 3,6 3,8 3,9 4,5 5,6 6,7 8,9 8,11 9,13 10,12 11,12 12,13
ENDCASE
CASE 14 1 T14_0727 8
EDGES 0,1 0,2 0,4 0,5 1,2 1,7 2,3 2,10 3,6 3,8 3,9 4,5 5,6 6,7 8,9 8,11 9,13 10,12 11,12 12,13
ENDCASE
CASE 14 1 T14_0727 9
EDGES 0,1 0,2 0,4 0,5 1,2 1,7 2,3 2,10 3,6 3,8 3,9 4,5 5,6 6,7 8,9 8,11 9,13 10,12 11,12 12,13
ENDCASE
CASE 14 1 T14_0727 10
EDGES 0,1 0,2 0,4 0,5 1,2 1,7 2,3 2,10 3,6 3,8 3,9 4,5 5,6 6,7 8,9 8,11 9,13 10,12 11,12 12,13
ENDCASE
CASE 14 1 T14_0727 11
EDGES 0,1 0,2 0,4 0,5 1,2 1,7 2,3 2,10 3,6 3,8 3,9 4,5 5,6 6,7 8,9 8,11 9,13 10,12 11,12 12,13
ENDCASE
CASE 14 1 T14_0727 12
EDGES 0,1 0,2 0,4 0,5 1,2 1,7 2,3 2,10 3,6 3,8 3,9 4,5 5,6 6,7 8,9 8,11 9,13 10,12 11,12 12,13
ENDCASE
CASE 14 1 T14_0727 13
EDGES 0,1 0,2 0,4 0,5 1,2 1,7 2,3 2,10 3,6 3,8 3,9 4,5 5,6 6,7 8,9 8,11 9,13 10,12 11,12 12,13
ENDCASE
CASE 14 1 T14_0728 3
EDGES 0,1 0,2 0,4 0,5 1,2 1,7 2,3 3,6 3,8 3,9 3,10 4,5 5,6 6,7 8,9 8,11 9,13 10,12 11,12 12,13
ENDCASE
CASE 14 1 T14_0729 3
EDGES 0,1 0,2 0,4 0,5 1,2 1,7 2,3 3,6 3,8 3,9 3,10 4,5 5,6 6,7 8,9 8,11 10,12 10,13 11,12 12,13
ENDCASE
CASE 14 1 T14_0730 3
EDGES 0,1 0,2 0,4 0,5 1,2 1,7 2,3 3,6 3,8 3,9 3,10 4,5 5,6 6,7 8,9 8,11 10,12 11,12 11,13 12,13
ENDCASE
CASE 14 1 T14_0731 0
EDGES 0,1 0,2 0,4 0,5 1,2 1,7 2,3 3,6 3,8 3,9 4,5 5,6 6,7 6,10 8,9 8,11 9,13 10,12 11,12 12,13
ENDCASE
CASE 14 1 T14_0731 1
EDGES 0,1 0,2 0,4 0,5 1,2 1,7 2,3 3,6 3,8 3,9 4,5 5,6 6,7 6,10 8,9 8,11 9,13 10,12 11,12 12,13
ENDCASE
CASE 14 1 T14_0731 2
EDGES 0,1 0,2 0,4 0,5 1,2 1,7 2,3 3,6 3,8 3,9 4,5 5,6 6,7 6,10 8,9 8,11 9,13 10,12 11,12 12,13
ENDCASE
CASE 14 1 T14_0731 3
EDGES 0,1 0,2 0,4 0,5 1,2 1,7 2,3 3,6 3,8 3,9 4,5 5,6 6,7 6,10 8,9 8,11 9,13 10,12 11,12 12,13
ENDCASE
CASE 14 1 T14_0731 4
EDGES 0,1 0,2 0,4 0,5 1,2 1,7 2,3 3,6 3,8 3,9 4,5 5,6 6,7 6,10 8,9 8,11 9,13 10,12 11,12 12,13
ENDCASE
CASE 14 1 T14_0731 5
EDGES 0,1 0,2 0,4 0,5 1,2 1,7 2,3 3,6 3,8 3,9 4,5 5,6 6,7 6,10 8,9 8,11 9,13 10,12 11,12 12,13
ENDCASE
CASE 14 1 T14_0731 6
EDGES 0,1 0,2 0,4 0,5 1,2 1,7 2,3 3,6 3,8 3,9 4,5 5,6 6,7 6,10 8,9 8,11 9,13 10,12 11,12 12,13
ENDCASE
CASE 14 1 T14_0731 7
EDGES 0,1 0,2 0,4 0,5 1,2 1,7 2,3 3,6 3,8 3,9 4,5 5,6 6,7 6,10 8,9 8,11 9,13 10,12 11,12 12,13
ENDCASE
CASE 14 1 T14_0731 8
EDGES 0,1 0,2 0,4 0,5 1,2 1,7 2,3 3,6 3,8 3,9 4,5 5,6 6,7 6,10 8,9 8,11 9,13 10,12 11,12 12,13
ENDCASE
CASE 14 1 T14_0731 9
EDGES 0,1 0,2 0,4 0,5 1,2 1,7 2,3 3,6 3,8 3,9 4,5 5,6 6,7 6,10 8,9 8,11 9,13 10,12 11,12 12,13
ENDCASE
CASE 14 1 T14_0731 10
EDGES 0,1 0,2 0,4 0,5 1,2 1,7 2,3 3,6 3,8 3,9 4,5 5,6 6,7 6,10 8,9 8,11 9,13 10,12 11,12 12,13
ENDCASE
CASE 14 1 T14_0731 11
EDGES 0,1 0,2 0,4 0,5 1,2 1,7 2,3 3,6 3,8 3,9 4,5 5,6 6,7 6,10 8,9 8,11 9,13 10,12 11,12 12,13
ENDCASE
CASE 14 1 T14_0731 12
EDGES 0,1 0,2 0,4 0,5 1,2 1,7 2,3 3,6 3,8 3,9 4,5 5,6 6,7 6,10 8,9 8,11 9,13 10,12 11,12 12,13
ENDCASE
CASE 14 1 T14_0731 13
EDGES 0,1 0,2 0,4 0,5 1,2 1,7 2,3 3,6 3,8 3,9 4,5 5,6 6,7 6,10 8,9 8,11 9,13 10,12 11,12 12,13
ENDCASE
CASE 14 1 T14_0732 0
EDGES 0,1 0,2 0,4 0,5 1,2 1,7 2,3 3,6 3,8 3,9 4,5 5,6 6,7 8,9 8,10 9,11 10,12 10,13 11,12 12,13
ENDCASE
CASE 14 1 T14_0732 1
EDGES 0,1 0,2 0,4 0,5 1,2 1,7 2,3 3,6 3,8 3,9 4,5 5,6 6,7 8,9 8,10 9,11 10,12 10,13 11,12 12,13
ENDCASE
CASE 14 1 T14_0732 2
EDGES 0,1 0,2 0,4 0,5 1,2 1,7 2,3 3,6 3,8 3,9 4,5 5,6 6,7 8,9 8,10 9,11 10,12 10,13 11,12 12,13
ENDCASE
CASE 14 1 T14_0732 3
EDGES 0,1 0,2 0,4 0,5 1,2 1,7 2,3 3,6 3,8 3,9 4,5 5,6 6,7 8,9 8,10 9,11 10,12 10,13 11,12 12,13
ENDCASE
CASE 14 1 T14_0732 4
EDGES 0,1 0,2 0,4 0,5 1,2 1,7 2,3 3,6 3,8 3,9 4,5 5,6 6,7 8,9 8,10 9,11 10,12 10,13 11,12 12,13
ENDCASE
CASE 14 1 T14_0732 5
EDGES 0,1 0,2 0,4 0,5 1,2 1,7 2,3 3,6 3,8 3,9 4,5 5,6 6,7 8,9 8,10 9,11 10,12 10,13 11,12 12,13
ENDCASE
CASE 14 1 T14_0732 6
EDGES 0,1 0,2 0,4 0,5 1,2 1,7 2,3 3,6 3,8 3,9 4,5 5,6 6,7 8,9 8,10 9,11 10,12 10,13 11,12 12,13
ENDCASE
CASE 14 1 T14_0732 7
EDGES 0,1 0,2 0,4 0,5 1,2 1,7 2,3 3,6 3,8 3,9 4,5 5,6 6,7 8,9 8,10 9,11 10,12 10,13 11,12 12,13
ENDCASE
CASE 14 1 T14_0732 8
EDGES 0,1 0,2 0,4 0,5 1,2 1,7 2,3 3,6 3,8 3,9 4,5 5,6 6,7 8,9 8,10 9,11 10,12 10,13 11,12 12,13
ENDCASE
CASE 14 1 T14_0732 9
EDGES 0,1 0,2 0,4 0,5 1,2 1,7 2,3 3,6 3,8 3,9 4,5 5,6 6,7 8,9 8,10 9,11 10,12 10,13 11,12 12,13
ENDCASE
CASE 14 1 T14_0732 10
EDGES 0,1 0,2 0,4 0,5 1,2 1,7 2,3 3,6 3,8 3,9 4,5 5,6 6,7 8,9 8,10 9,11 10,12 10,13 11,12 12,13
ENDCASE
CASE 14 1 T14_0732 11
EDGES 0,1 0,2 0,4 0,5 1,2 1,7 2,3 3,6 3,8 3,9 4,5 5,6 6,7 8,9 8,10 9,11 10,12 10,13 11,12 12,13
ENDCASE
CASE 14 1 T14_0732 12
EDGES 0,1 0,2 0,4 0,5 1,2 1,7 2,3 3,6 3,8 3,9 4,5 5,6 6,7 8,9 8,10 9,11 10,12 10,13 11,12 12,13
ENDCASE
CASE 14 1 T14_0732 13
EDGES 0,1 0,2 0,4 0,5 1,2 1,7 2,3 3,6 3,8 3,9 4,5 5,6 6,7 8,9 8,10 9,11 10,12 10,13 11,12 12,13
ENDCASE
CASE 14 1 T14_0733 4
EDGES 0,1 0,2 0,4 0,5 1,2 1,7 2,3 3,6 4,5 4,8 4,9 4,10 5,6 6,7 8,9 8,11 9,13 10,12 11,12 12,13
ENDCASE
CASE 14 1 T14_0734 4
EDGES 0,1 0,2 0,4 0,5 1,2 1,7 2,3 3,6 4,5 4,8 4,9 4,10 5,6 6,7 8,9 8,11 10,12 10,13 11,12 12,13
ENDCASE
CASE 14 1 T14_0735 4
EDGES 0,1 0,2 0,4 0,5 1,2 1,7 2,3 3,6 4,5 4,8 4,9 4,10 5,6 6,7 8,9 8,11 10,12 11,12 11,13 12,13
ENDCASE
CASE 14 1 T14_0736 0
EDGES 0,1 0,2 0,4 0,5 1,2 1,7 2,3 3,6 4,5 4,8 4,9 5,6 6,7 8,9 8,10 9,11 10,12 10,13 11,12 12,13
ENDCASE
CASE 14 1 T14_0736 1
EDGES 0,1 0,2 0,4 0,5 1,2 1,7 2,3 3,6 4,5 4,8 4,9 5,6 6,7 8,9 8,10 9,11 10,12 10,13 11,12 12,13
ENDCASE
CASE 14 1 T14_0736 2
EDGES 0,1 0,2 0,4 0,5 1,2 1,7 2,3 3,6 4,5 4,8 4,9 5,6 6,7 8,9 8,10 9,11 10,12 10,13 11,12 12,13
ENDCASE
CASE 14 1 T14_0736 3
EDGES 0,1 0,2 0,4 0,5 1,2 1,7 2,3 3,6 4,5 4,8 4,9 5,6 6,7 8,9 8,10 9,11 10,12 10,13 11,12 12,13
ENDCASE
CASE 14 1 T14_0736 4
EDGES 0,1 0,2 0,4 0,5 1,2 1,7 2,3 3,6 4,5 4,8 4,9 5,6 6,7 8,9 8,10 9,11 10,12 10,13 11,12 12,13
ENDCASE
CASE 14 1 T14_0736 5
EDGES 0,1 0,2 0,4 0,5 1,2 1,7 2,3 3,6 4,5 4,8 4,9 5,6 6,7 8,9 8,10 9,11 10,12 10,13 11,12 12,13
ENDCASE
CASE 14 1 T14_0736 6
EDGES 0,1 0,2 0,4 0,5 1,2 1,7 2,3 3,6 4,5 4,8 4,9 5,6 6,7 8,9 8,10 9,11 10,12 10,13 11,12 12,13
ENDCASE
CASE 14 1 T14_0736 7
EDGES 0,1 0,2 0,4 0,5 1,2 1,7 2,3 3,6 4,5 4,8 4,9 5,6 6,7 8,9 8,10 9,11 10,12 10,13 11,12 12,13
ENDCASE
CASE 14 1 T14_0736 8
EDGES 0,1 0,2 0,4 0,5 1,2 1,7 2,3 3,6 4,5 4,8 4,9 5,6 6,7 8,9 8,10 9,11 10,12 10,13 11,12 12,13
ENDCASE
CASE 14 1 T14_0736 9
EDGES 0,1 0,2 0,4 0,5 1,2 1,7 2,3 3,6 4,5 4,8 4,9 5,6 6,7 8,9 8,10 9,11 10,12 10,13 11,12 12,13
ENDCASE
CASE 14 1 T14_0736 10
EDGES 0,1 0,2 0,4 0,5 1,2 1,7 2,3 3,6 4,5 4,8 4,9 5,6 6,7 8,9 8,10 9,11 10,12 10,13 11,12 12,13
ENDCASE
CASE 14 1 T14_0736 11
EDGES 0,1 0,2 0,4 0,5 1,2 1,7 2,3 3,6 4,5 4,8 4,9 5,6 6,7 8,9 8,10 9,11 10,12 10,13 11,12 12,13
ENDCASE
CASE 14 1 T14_0736 12
EDGES 0,1 0,2 0,4 0,5 1,2 1,7 2,3 3,6 4,5 4,8 4,9 5,6 6,7 8,9 8,10 9,11 10,12 10,13 11,12 12,13
ENDCASE
CASE 14 1 T14_0736 13
EDGES 0,1 0,2 0,4 0,5 1,2 1,7 2,3 3,6 4,5 4,8 4,9 5,6 6,7 8,9 8,10 9,11 10,12 10,13 11,12 12,13
ENDCASE
CASE 14 1 T14_0740 5
EDGES 0,1 0,2 0,4 0,5 1,2 1,7 2,3 3,6 4,5 5,6 5,8 5,9 6,7 6,10 8,9 8,11 9,13 10,12 11,12 12,13
ENDCASE
CASE 14 1 T14_0741 5
EDGES 0,1 0,2 0,4 0,5 1,2 1,7 2,3 3,6 4,5 5,6 5,8 5,9 6,7 8,9 8,10 9,11 10,12 10,13 11,12 12,13
ENDCASE
CASE 14 1 T14_0742 6
EDGES 0,1 0,2 0,4 0,5 1,2 1,7 2,3 3,6 3,10 4,5 5,6 6,7 6,8 6,9 8,9 8,11 9,13 10,12 11,12 12,13
ENDCASE
CASE 14 1 T14_0743 6
EDGES 0,1 0,2 0,4 0,5 1,2 1,7 2,3 3,6 4,5 5,6 5,10 6,7 6,8 6,9 8,9 8,11 9,13 10,12 11,12 12,13
ENDCASE
CASE 14 1 T14_0747 6
EDGES 0,1 0,2 0,4 0,5 1,2 1,7 2,3 3,6 4,5 5,6 6,7 6,8 6,9 8,9 8,10 9,11 10,12 10,13 11,12 12,13
ENDCASE
CASE 14 1 T14_0751 0
EDGES 0,1 0,4 0,5 0,8 0,9 1,2 1,4 1,7 2,6 3,5 3,6 3,7 5,6 5,10 8,9 8,11 9,13 10,12 11,12 12,13
ENDCASE
CASE 14 1 T14_0752 0
EDGES 0,1 0,4 0,5 0,8 0,9 1,2 1,4 1,7 2,6 3,5 3,6 3,7 5,6 8,9 8,10 9,11 10,12 10,13 11,12 12,13
ENDCASE
CASE 14 1 T14_0758 1
EDGES 0,1 0,4 0,5 1,2 1,4 1,7 1,10 2,6 2,8 2,9 3,5 3,6 3,7 5,6 8,9 8,11 9,13 10,12 11,12 12,13
ENDCASE
CASE 14 1 T14_0759 2
EDGES 0,1 0,4 0,5 1,2 1,4 1,7 2,6 2,8 2,9 2,10 3,5 3,6 3,7 5,6 8,9 8,11 9,13 10,12 11,12 12,13
ENDCASE
CASE 14 1 T14_0760 2
EDGES 0,1 0,4 0,5 1,2 1,4 1,7 2,6 2,8 2,9 2,10 3,5 3,6 3,7 5,6 8,9 8,11 10,12 10,13 11,12 12,13
ENDCASE
CASE 14 1 T14_0761 2
EDGES 0,1 0,4 0,5 1,2 1,4 1,7 2,6 2,8 2,9 2,10 3,5 3,6 3,7 5,6 8,9 8,11 10,12 11,12 11,13 12,13
ENDCASE
CASE 14 1 T14_0762 0
EDGES 0,1 0,4 0,5 1,2 1,4 1,7 2,6 2,8 2,9 3,5 3,6 3,7 5,6 6,10 8,9 8,11 9,13 10,12 11,12 12,13
ENDCASE
CASE 14 1 T14_0762 1
EDGES 0,1 0,4 0,5 1,2 1,4 1,7 2,6 2,8 2,9 3,5 3,6 3,7 5,6 6,10 8,9 8,11 9,13 10,12 11,12 12,13
ENDCASE
CASE 14 1 T14_0762 2
EDGES 0,1 0,4 0,5 1,2 1,4 1,7 2,6 2,8 2,9 3,5 3,6 3,7 5,6 6,10 8,9 8,11 9,13 10,12 11,12 12,13
ENDCASE
CASE 14 1 T14_0762 3
EDGES 0,1 0,4 0,5 1,2 1,4 1,7 2,6 2,8 2,9 3,5 3,6 3,7 5,6 6,10 8,9 8,11 9,13 10,12 11,12 12,13
ENDCASE
CASE 14 1 T14_0762 4
EDGES 0,1 0,4 0,5 1,2 1,4 1,7 2,6 2,8 2,9 3,5 3,6 3,7 5,6 6,10 8,9 8,11 9,13 10,12 11,12 12,13
ENDCASE
CASE 14 1 T14_0762 5
EDGES 0,1 0,4 0,5 1,2 1,4 1,7 2,6 2,8 2,9 3,5 3,6 3,7 5,6 6,10 8,9 8,11 9,13 10,12 11,12 12,13
ENDCASE
CASE 14 1 T14_0762 6
EDGES 0,1 0,4 0,5 1,2 1,4 1,7 2,6 2,8 2,9 3,5 3,6 3,7 5,6 6,10 8,9 8,11 9,13 10,12 11,12 12,13
ENDCASE
CASE 14 1 T14_0762 7
EDGES 0,1 0,4 0,5 1,2 1,4 1,7 2,6 2,8 2,9 3,5 3,6 3,7 5,6 6,10 8,9 8,11 9,13 10,12 11,12 12,13
ENDCASE
CASE 14 1 T14_0762 8
EDGES 0,1 0,4 0,5 1,2 1,4 1,7 2,6 2,8 2,9 3,5 3,6 3,7 5,6 6,10 8,9 8,11 9,13 10,12 11,12 12,13
ENDCASE
CASE 14 1 T14_0762 9
EDGES 0,1 0,4 0,5 1,2 1,4 1,7 2,6 2,8 2,9 3,5 3,6 3,7 5,6 6,10 8,9 8,11 9,13 10,12 11,12 12,13
ENDCASE
CASE 14 1 T14_0762 10
EDGES 0,1 0,4 0,5 1,2 1,4 1,7 2,6 2,8 2,9 3,5 3,6 3,7 5,6 6,10 8,9 8,11 9,13 10,12 11,12 12,13
ENDCASE
CASE 14 1 T14_0762 11
EDGES 0,1 0,4 0,5 1,2 1,4 1,7 2,6 2,8 2,9 3,5 3,6 3,7 5,6 6,10 8,9 8,11 9,13 10,12 11,12 12,13
ENDCASE
CASE 14 1 T14_0762 12
EDGES 0,1 0,4 0,5 1,2 1,4 1,7 2,6 2,8 2,9 3,5 3,6 3,7 5,6 6,10 8,9 8,11 9,13 10,12 11,12 12,13
ENDCASE
CASE 14 1 T14_0762 13
EDGES 0,1 0,4 0,5 1,2 1,4 1,7 2,6 2,8 2,9 3,5 3,6 3,7 5,6 6,10 8,9 8,11 9,13 10,12 11,12 12,13
ENDCASE
CASE 14 1 T14_0763 0
EDGES 0,1 0,4 0,5 1,2 1,4 1,7 2,6 2,8 2,9 3,5 3,6 3,7 5,6 8,9 8,10 9,11 10,12 10,13 11,12 12,13
ENDCASE
CASE 14 1 T14_0763 1
EDGES 0,1 0,4 0,5 1,2 1,4 1,7 2,6 2,8 2,9 3,5 3,6 3,7 5,6 8,9 8,10 9,11 10,12 10,13 11,12 12,13
ENDCASE
CASE 14 1 T14_0763 2
EDGES 0,1 0,4 0,5 1,2 1,4 1,7 2,6 2,8 2,9 3,5 3,6 3,7 5,6 8,9 8,10 9,11 10,12 10,13 11,12 12,13
ENDCASE
CASE 14 1 T14_0763 3
EDGES 0,1 0,4 0,5 1,2 1,4 1,7 2,6 2,8 2,9 3,5 3,6 3,7 5,6 8,9 8,10 9,11 10,12 10,13 11,12 12,13
ENDCASE
CASE 14 1 T14_0763 4
EDGES 0,1 0,4 0,5 1,2 1,4 1,7 2,6 2,8 2,9 3,5 3,6 3,7 5,6 8,9 8,10 9,11 10,12 10,13 11,12 12,13
ENDCASE
CASE 14 1 T14_0763 5
EDGES 0,1 0,4 0,5 1,2 1,4 1,7 2,6 2,8 2,9 3,5 3,6 3,7 5,6 8,9 8,10 9,11 10,12 10,13 11,12 12,13
ENDCASE
CASE 14 1 T14_0763 6
EDGES 0,1 0,4 0,5 1,2 1,4 1,7 2,6 2,8 2,9 3,5 3,6 3,7 5,6 8,9 8,10 9,11 10,12 10,13 11,12 12,13
ENDCASE
CASE 14 1 T14_0763 7
EDGES 0,1 0,4 0,5 1,2 1,4 1,7 2,6 2,8 2,9 3,5 3,6 3,7 5,6 8,9 8,10 9,11 10,12 10,13 11,12 12,13
ENDCASE
CASE 14 1 T14_0763 8
EDGES 0,1 0,4 0,5 1,2 1,4 1,7 2,6 2,8 2,9 3,5 3,6 3,7 5,6 8,9 8,10 9,11 10,12 10,13 11,12 12,13
ENDCASE
CASE 14 1 T14_0763 9
EDGES 0,1 0,4 0,5 1,2 1,4 1,7 2,6 2,8 2,9 3,5 3,6 3,7 5,6 8,9 8,10 9,11 10,12 10,13 11,12 12,13
ENDCASE
CASE 14 1 T14_0763 10
EDGES 0,1 0,4 0,5 1,2 1,4 1,7 2,6 2,8 2,9 3,5 3,6 3,7 5,6 8,9 8,10 9,11 10,12 10,13 11,12 12,13
ENDCASE
CASE 14 1 T14_0763 11
EDGES 0,1 0,4 0,5 1,2 1,4 1,7 2,6 2,8 2,9 3,5 3,6 3,7 5,6 8,9 8,10 9,11 10,12 10,13 11,12 12,13
ENDCASE
CASE 14 1 T14_0763 12
EDGES 0,1 0,4 0,5 1,2 1,4 1,7 2,6 2,8 2,9 3,5 3,6 3,7 5,6 8,9 8,10 9,11 10,12 10,13 11,12 12,13
ENDCASE
CASE 14 1 T14_0763 13
EDGES 0,1 0,4 0,5 1,2 1,4 1,7 2,6 2,8 2,9 3,5 3,6 3,7 5,6 8,9 8,10 9,11 10,12 10,13 11,12 12,13
ENDCASE
CASE 14 1 T14_0767 3
EDGES 0,1 0,4 0,5 1,2 1,4 1,7 2,6 3,5 3,6 3,7 3,8 3,9 5,6 7,10 8,9 8,11 9,13 10,12 11,12 12,13
ENDCASE
CASE 14 1 T14_0768 3
EDGES 0,1 0,4 0,5 1,2 1,4 1,7 2,6 3,5 3,6 3,7 3,8 3,9 5,6 8,9 8,10 9,11 10,12 10,13 11,12 12,13
ENDCASE
CASE 14 1 T14_0769 4
EDGES 0,1 0,4 0,5 1,2 1,4 1,7 2,6 3,5 3,6 3,7 4,8 4,9 4,10 5,6 8,9 8,11 9,13 10,12 11,12 12,13
ENDCASE
CASE 14 1 T14_0770 4
EDGES 0,1 0,4 0,5 1,2 1,4 1,7 2,6 3,5 3,6 3,7 4,8 4,9 4,10 5,6 8,9 8,11 10,12 10,13 11,12 12,13
ENDCASE
CASE 14 1 T14_0771 4
EDGES 0,1 0,4 0,5 1,2 1,4 1,7 2,6 3,5 3,6 3,7 4,8 4,9 4,10 5,6 8,9 8,11 10,12 11,12 11,13 12,13
ENDCASE
CASE 14 1 T14_0772 0
EDGES 0,1 0,4 0,5 1,2 1,4 1,7 2,6 3,5 3,6 3,7 4,8 4,9 5,6 8,9 8,10 9,11 10,12 10,13 11,12 12,13
ENDCASE
CASE 14 1 T14_0772 1
EDGES 0,1 0,4 0,5 1,2 1,4 1,7 2,6 3,5 3,6 3,7 4,8 4,9 5,6 8,9 8,10 9,11 10,12 10,13 11,12 12,13
ENDCASE
CASE 14 1 T14_0772 2
EDGES 0,1 0,4 0,5 1,2 1,4 1,7 2,6 3,5 3,6 3,7 4,8 4,9 5,6 8,9 8,10 9,11 10,12 10,13 11,12 12,13
ENDCASE
CASE 14 1 T14_0772 3
EDGES 0,1 0,4 0,5 1,2 1,4 1,7 2,6 3,5 3,6 3,7 4,8 4,9 5,6 8,9 8,10 9,11 10,12 10,13 11,12 12,13
ENDCASE
CASE 14 1 T14_0772 4
EDGES 0,1 0,4 0,5 1,2 1,4 1,7 2,6 3,5 3,6 3,7 4,8 4,9 5,6 8,9 8,10 9,11 10,12 10,13 11,12 12,13
ENDCASE
CASE 14 1 T14_0772 5
EDGES 0,1 0,4 0,5 1,2 1,4 1,7 2,6 3,5 3,6 3,7 4,8 4,9 5,6 8,9 8,10 9,11 10,12 10,13 11,12 12,13
ENDCASE
CASE 14 1 T14_0772 6
EDGES 0,1 0,4 0,5 1,2 1,4 1,7 2,6 3,5 3,6 3,7 4,8 4,9 5,6 8,9 8,10 9,11 10,12 10,13 11,12 12,13
ENDCASE
CASE 14 1 T14_0772 7
EDGES 0,1 0,4 0,5 1,2 1,4 1,7 2,6 3,5 3,6 3,7 4,8 4,9 5,6 8,9 8,10 9,11 10,12 10,13 11,12 12,13
ENDCASE
CASE 14 1 T14_0772 8
EDGES 0,1 0,4 0,5 1,2 1,4 1,7 2,6 3,5 3,6 3,7 4,8 4,9 5,6 8,9 8,10 9,11 10,12 10,13 11,12 12,13
ENDCASE
CASE 14 1 T14_0772 9
EDGES 0,1 0,4 0,5 1,2 1,4 1,7 2,6 3,5 3,6 3,7 4,8 4,9 5,6 8,9 8,10 9,11 10,12 10,13 11,12 12,13
ENDCASE
CASE 14 1 T14_0772 10
EDGES 0,1 0,4 0,5 1,2 1,4 1,7 2,6 3,5 3,6 3,7 4,8 4,9 5,6 8,9 8,10 9,11 10,12 10,13 11,12 12,13
ENDCASE
CASE 14 1 T14_0772 11
EDGES 0,1 0,4 0,5 1,2 1,4 1,7 2,6 3,5 3,6 3,7 4,8 4,9 5,6 8,9 8,10 9,11 10,12 10,13 11,12 12,13
ENDCASE
CASE 14 1 T14_0772 12
EDGES 0,1 0,4 0,5 1,2 1,4 1,7 2,6 3,5 3,6 3,7 4,8 4,9 5,6 8,9 8,10 9,11 10,12 10,13 11,12 12,13
ENDCASE
CASE 14 1 T14_0772 13
EDGES 0,1 0,4 0,5 1,2 1,4 1,7 2,6 3,5 3,6 3,7 4,8 4,9 5,6 8,9 8,10 9,11 10,12 10,13 11,12 12,13
ENDCASE
CASE 14 1 T14_0773 5
EDGES 0,1 0,4 0,5 0,10 1,2 1,4 1,7 2,6 3,5 3,6 3,7 5,6 5,8 5,9 8,9 8,11 9,13 10,12 11,12 12,13
ENDCASE
CASE 14 1 T14_0777 5
EDGES 0,1 0,4 0,5 1,2 1,4 1,7 2,6 3,5 3,6 3,7 5,6 5,8 5,9 8,9 8,10 9,11 10,12 10,13 11,12 12,13
ENDCASE
CASE 14 1 T14_0778 0
EDGES 0,1 0,2 0,4 0,5 0,8 1,2 1,7 2,3 3,6 4,5 4,9 4,11 5,6 5,13 6,7 8,10 9,10 10,12 11,12 12,13
ENDCASE
CASE 14 1 T14_0782 1
EDGES 0,1 0,2 0,4 0,5 1,2 1,7 1,8 1,11 2,3 3,6 4,5 5,6 6,7 8,9 8,10 9,10 9,12 9,13 11,12 12,13
ENDCASE
CASE 14 1 T14_0783 1
EDGES 0,1 0,2 0,4 0,5 1,2 1,7 1,8 1,11 2,3 3,6 4,5 5,6 6,7 8,9 8,10 9,10 9,12 10,13 11,12 11,13
ENDCASE
CASE 14 1 T14_0784 1
EDGES 0,1 0,2 0,4 0,5 1,2 1,7 1,8 1,11 2,3 3,6 4,5 5,6 6,7 8,9 8,10 9,10 9,12 11,12 11,13 12,13
ENDCASE
CASE 14 1 T14_0785 0
EDGES 0,1 0,2 0,4 0,5 1,2 1,7 1,8 2,3 3,6 4,5 5,6 6,7 7,11 8,9 8,10 9,10 9,12 10,13 11,12 11,13
ENDCASE
CASE 14 1 T14_0785 1
EDGES 0,1 0,2 0,4 0,5 1,2 1,7 1,8 2,3 3,6 4,5 5,6 6,7 7,11 8,9 8,10 9,10 9,12 10,13 11,12 11,13
ENDCASE
CASE 14 1 T14_0785 2
EDGES 0,1 0,2 0,4 0,5 1,2 1,7 1,8 2,3 3,6 4,5 5,6 6,7 7,11 8,9 8,10 9,10 9,12 10,13 11,12 11,13
ENDCASE
CASE 14 1 T14_0785 3
EDGES 0,1 0,2 0,4 0,5 1,2 1,7 1,8 2,3 3,6 4,5 5,6 6,7 7,11 8,9 8,10 9,10 9,12 10,13 11,12 11,13
ENDCASE
CASE 14 1 T14_0785 4
EDGES 0,1 0,2 0,4 0,5 1,2 1,7 1,8 2,3 3,6 4,5 5,6 6,7 7,11 8,9 8,10 9,10 9,12 10,13 11,12 11,13
ENDCASE
CASE 14 1 T14_0785 5
EDGES 0,1 0,2 0,4 0,5 1,2 1,7 1,8 2,3 3,6 4,5 5,6 6,7 7,11 8,9 8,10 9,10 9,12 10,13 11,12 11,13
ENDCASE
CASE 14 1 T14_0785 6
EDGES 0,1 0,2 0,4 0,5 1,2 1,7 1,8 2,3 3,6 4,5 5,6 6,7 7,11 8,9 8,10 9,10 9,12 10,13 11,12 11,13
ENDCASE
CASE 14 1 T14_0785 7
EDGES 0,1 0,2 0,4 0,5 1,2 1,7 1,8 2,3 3,6 4,5 5,6 6,7 7,11 8,9 8,10 9,10 9,12 10,13 11,12 11,13
ENDCASE
CASE 14 1 T14_0785 8
EDGES 0,1 0,2 0,4 0,5 1,2 1,7 1,8 2,3 3,6 4,5 5,6 6,7 7,11 8,9 8,10 9,10 9,12 10,13 11,12 11,13
ENDCASE
CASE 14 1 T14_0785 9
EDGES 0,1 0,2 0,4 0,5 1,2 1,7 1,8 2,3 3,6 4,5 5,6 6,7 7,11 8,9 8,10 9,10 9,12 10,13 11,12 11,13
ENDCASE
CASE 14 1 T14_0785 10
EDGES 0,1 0,2 0,4 0,5 1,2 1,7 1,8 2,3 3,6 4,5 5,6 6,7 7,11 8,9 8,10 9,10 9,12 10,13 11,12 11,13
ENDCASE
CASE 14 1 T14_0785 11
EDGES 0,1 0,2 0,4 0,5 1,2 1,7 1,8 2,3 3,6 4,5 5,6 6,7 7,11 8,9 8,10 9,10 9,12 10,13 11,12 11,13
ENDCASE
CASE 14 1 T14_0785 12
EDGES 0,1 0,2 0,4 0,5 1,2 1,7 1,8 2,3 3,6 4,5 5,6 6,7 7,11 8,9 8,10 9,10 9,12 10,13 11,12 11,13
ENDCASE
CASE 14 1 T14_0785 13
EDGES 0,1 0,2 0,4 0,5 1,2 1,7 1,8 2,3 3,6 4,5 5,6 6,7 7,11 8,9 8,10 9,10 9,12 10,13 11,12 11,13
ENDCASE
CASE 14 1 T14_0786 0
EDGES 0,1 0,2 0,4 0,5 1,2 1,7 2,3 2,11 3,6 3,8 4,5 5,6 6,7 8,9 8,10 9,10 9,12 10,13 11,12 11,13
ENDCASE
CASE 14 1 T14_0786 1
EDGES 0,1 0,2 0,4 0,5 1,2 1,7 2,3 2,11 3,6 3,8 4,5 5,6 6,7 8,9 8,10 9,10 9,12 10,13 11,12 11,13
ENDCASE
CASE 14 1 T14_0786 2
EDGES 0,1 0,2 0,4 0,5 1,2 1,7 2,3 2,11 3,6 3,8 4,5 5,6 6,7 8,9 8,10 9,10 9,12 10,13 11,12 11,13
ENDCASE
CASE 14 1 T14_0786 3
EDGES 0,1 0,2 0,4 0,5 1,2 1,7 2,3 2,11 3,6 3,8 4,5 5,6 6,7 8,9 8,10 9,10 9,12 10,13 11,12 11,13
ENDCASE
CASE 14 1 T14_0786 4
EDGES 0,1 0,2 0,4 0,5 1,2 1,7 2,3 2,11 3,6 3,8 4,5 5,6 6,7 8,9 8,10 9,10 9,12 10,13 11,12 11,13
ENDCASE
CASE 14 1 T14_0786 5
EDGES 0,1 0,2 0,4 0,5 1,2 1,7 2,3 2,11 3,6 3,8 4,5 5,6 6,7 8,9 8,10 9,10 9,12 10,13 11,12 11,13
ENDCASE
CASE 14 1 T14_0786 6
EDGES 0,1 0,2 0,4 0,5 1,2 1,7 2,3 2,11 3,6 3,8 4,5 5,6 6,7 8,9 8,10 9,10 9,12 10,13 11,12 11,13
ENDCASE
CASE 14 1 T14_0786 7
EDGES 0,1 0,2 0,4 0,5 1,2 1,7 2,3 2,11 3,6 3,8 4,5 5,6 6,7 8,9 8,10 9,10 9,12 10,13 11,12 11,13
ENDCASE
CASE 14 1 T14_0786 8
EDGES 0,1 0,2 0,4 0,5 1,2 1,7 2,3 2,11 3,6 3,8 4,5 5,6 6,7 8,9 8,10 9,10 9,12 10,13 11,12 11,13
ENDCASE
CASE 14 1 T14_0786 9
EDGES 0,1 0,2 0,4 0,5 1,2 1,7 2,3 2,11 3,6 3,8 4,5 5,6 6,7 8,9 8,10 9,10 9,12 10,13 11,12 11,13
ENDCASE
CASE 14 1 T14_0786 10
EDGES 0,1 0,2 0,4 0,5 1,2 1,7 2,3 2,11 3,6 3,8 4,5 5,6 6,7 8,9 8,10 9,10 9,12 10,13 11,12 11,13
ENDCASE
CASE 14 1 T14_0786 11
EDGES 0,1 0,2 0,4 0,5 1,2 1,7 2,3 2,11 3,6 3,8 4,5 5,6 6,7 8,9 8,10 9,10 9,12 10,13 11,12 11,13
ENDCASE
CASE 14 1 T14_0786 12
EDGES 0,1 0,2 0,4 0,5 1,2 1,7 2,3 2,11 3,6 3,8 4,5 5,6 6,7 8,9 8,10 9,10 9,12 10,13 11,12 11,13
ENDCASE
CASE 14 1 T14_0786 13
EDGES 0,1 0,2 0,4 0,5 1,2 1,7 2,3 2,11 3,6 3,8 4,5 5,6 6,7 8,9 8,10 9,10 9,12 10,13 11,12 11,13
ENDCASE
CASE 14 1 T14_0787 0
EDGES 0,1 0,2 0,4 0,5 1,2 1,7 2,3 3,6 3,8 3,11 4,5 5,6 6,7 8,9 8,10 9,10 9,12 9,13 11,12 12,13
ENDCASE
CASE 14 1 T14_0787 1
EDGES 0,1 0,2 0,4 0,5 1,2 1,7 2,3 3,6 3,8 3,11 4,5 5,6 6,7 8,9 8,10 9,10 9,12 9,13 11,12 12,13
ENDCASE
CASE 14 1 T14_0787 2
EDGES 0,1 0,2 0,4 0,5 1,2 1,7 2,3 3,6 3,8 3,11 4,5 5,6 6,7 8,9 8,10 9,10 9,12 9,13 11,12 12,13
ENDCASE
CASE 14 1 T14_0787 3
EDGES 0,1 0,2 0,4 0,5 1,2 1,7 2,3 3,6 3,8 3,11 4,5 5,6 6,7 8,9 8,10 9,10 9,12 9,13 11,12 12,13
ENDCASE
CASE 14 1 T14_0787 4
EDGES 0,1 0,2 0,4 0,5 1,2 1,7 2,3 3,6 3,8 3,11 4,5 5,6 6,7 8,9 8,10 9,10 9,12 9,13 11,12 12,13
ENDCASE
CASE 14 1 T14_0787 5
EDGES 0,1 0,2 0,4 0,5 1,2 1,7 2,3 3,6 3,8 3,11 4,5 5,6 6,7 8,9 8,10 9,10 9,12 9,13 11,12 12,13
ENDCASE
CASE 14 1 T14_0787 6
EDGES 0,1 0,2 0,4 0,5 1,2 1,7 2,3 3,6 3,8 3,11 4,5 5,6 6,7 8,9 8,10 9,10 9,12 9,13 11,12 12,13
ENDCASE
CASE 14 1 T14_0787 7
EDGES 0,1 0,2 0,4 0,5 1,2 1,7 2,3 3,6 3,8 3,11 4,5 5,6 6,7 8,9 8,10 9,10 9,12 9,13 11,12 12,13
ENDCASE
CASE 14 1 T14_0787 8
EDGES 0,1 0,2 0,4 0,5 1,2 1,7 2,3 3,6 3,8 3,11 4,5 5,6 6,7 8,9 8,10 9,10 9,12 9,13 11,12 12,13
ENDCASE
CASE 14 1 T14_0787 9
EDGES 0,1 0,2 0,4 0,5 1,2 1,7 2,3 3,6 3,8 3,11 4,5 5,6 6,7 8,9 8,10 9,10 9,12 9,13 11,12 12,13
ENDCASE
CASE 14 1 T14_0787 10
EDGES 0,1 0,2 0,4 0,5 1,2 1,7 2,3 3,6 3,8 3,11 4,5 5,6 6,7 8,9 8,10 9,10 9,12 9,13 11,12 12,13
ENDCASE
CASE 14 1 T14_0787 11
EDGES 0,1 0,2 0,4 0,5 1,2 1,7 2,3 3,6 3,8 3,11 4,5 5,6 6,7 8,9 8,10 9,10 9,12 9,13 11,12 12,13
ENDCASE
CASE 14 1 T14_0787 12
EDGES 0,1 0,2 0,4 0,5 1,2 1,7 2,3 3,6 3,8 3,11 4,5 5,6 6,7 8,9 8,10 9,10 9,12 9,13 11,12 12,13
ENDCASE
CASE 14 1 T14_0787 13
EDGES 0,1 0,2 0,4 0,5 1,2 1,7 2,3 3,6 3,8 3,11 4,5 5,6 6,7 8,9 8,10 9,10 9,12 9,13 11,12 12,13
ENDCASE
CASE 14 1 T14_0788 0
EDGES 0,1 0,2 0,4 0,5 1,2 1,7 2,3 3,6 3,8 3,11 4,5 5,6 6,7 8,9 8,10 9,10 9,12 10,13 11,12 11,13
ENDCASE
CASE 14 1 T14_0788 1
EDGES 0,1 0,2 0,4 0,5 1,2 1,7 2,3 3,6 3,8 3,11 4,5 5,6 6,7 8,9 8,10 9,10 9,12 10,13 11,12 11,13
ENDCASE
CASE 14 1 T14_0788 2
EDGES 0,1 0,2 0,4 0,5 1,2 1,7 2,3 3,6 3,8 3,11 4,5 5,6 6,7 8,9 8,10 9,10 9,12 10,13 11,12 11,13
ENDCASE
CASE 14 1 T14_0788 3
EDGES 0,1 0,2 0,4 0,5 1,2 1,7 2,3 3,6 3,8 3,11 4,5 5,6 6,7 8,9 8,10 9,10 9,12 10,13 11,12 11,13
ENDCASE
CASE 14 1 T14_0788 4
EDGES 0,1 0,2 0,4 0,5 1,2 1,7 2,3 3,6 3,8 3,11 4,5 5,6 6,7 8,9 8,10 9,10 9,12 10,13 11,12 11,13
ENDCASE
CASE 14 1 T14_0788 5
EDGES 0,1 0,2 0,4 0,5 1,2 1,7 2,3 3,6 3,8 3,11 4,5 5,6 6,7 8,9 8,10 9,10 9,12 10,13 11,12 11,13
ENDCASE
CASE 14 1 T14_0788 6
EDGES 0,1 0,2 0,4 0,5 1,2 1,7 2,3 3,6 3,8 3,11 4,5 5,6 6,7 8,9 8,10 9,10 9,12 10,13 11,12 11,13
ENDCASE
CASE 14 1 T14_0788 7
EDGES 0,1 0,2 0,4 0,5 1,2 1,7 2,3 3,6 3,8 3,11 4,5 5,6 6,7 8,9 8,10 9,10 9,12 10,13 11,12 11,13
ENDCASE
CASE 14 1 T14_0788 8
EDGES 0,1 0,2 0,4 0,5 1,2 1,7 2,3 3,6 3,8 3,11 4,5 5,6 6,7 8,9 8,10 9,10 9,12 10,13 11,12 11,13
ENDCASE
CASE 14 1 T14_0788 9
EDGES 0,1 0,2 0,4 0,5 1,2 1,7 2,3 3,6 3,8 3,11 4,5 5,6 6,7 8,9 8,10 9,10 9,12 10,13 11,12 11,13
ENDCASE
CASE 14 1 T14_0788 10
EDGES 0,1 0,2 0,4 0,5 1,2 1,7 2,3 3,6 3,8 3,11 4,5 5,6 6,7 8,9 8,10 9,10 9,12 10,13 11,12 11,13
ENDCASE
CASE 14 1 T14_0788 11
EDGES 0,1 0,2 0,4 0,5 1,2 1,7 2,3 3,6 3,8 3,11 4,5 5,6 6,7 8,9 8,10 9,10 9,12 10,13 11,12 11,13
ENDCASE
CASE 14 1 T14_0788 12
EDGES 0,1 0,2 0,4 0,5 1,2 1,7 2,3 3,6 3,8 3,11 4,5 5,6 6,7 8,9 8,10 9,10 9,12 10,13 11,12 11,13
ENDCASE
CASE 14 1 T14_0788 13
EDGES 0,1 0,2 0,4 0,5 1,2 1,7 2,3 3,6 3,8 3,11 4,5 5,6 6,7 8,9 8,10 9,10 9,12 10,13 11,12 11,13
ENDCASE
CASE 14 1 T14_0789 0
EDGES 0,1 0,2 0,4 0,5 1,2 1,7 2,3 3,6 3,8 3,11 4,5 5,6 6,7 8,9 8,10 9,10 9,12 11,12 11,13 12,13
ENDCASE
CASE 14 1 T14_0789 1
EDGES 0,1 0,2 0,4 0,5 1,2 1,7 2,3 3,6 3,8 3,11 4,5 5,6 6,7 8,9 8,10 9,10 9,12 11,12 11,13 12,13
ENDCASE
CASE 14 1 T14_0789 2
EDGES 0,1 0,2 0,4 0,5 1,2 1,7 2,3 3,6 3,8 3,11 4,5 5,6 6,7 8,9 8,10 9,10 9,12 11,12 11,13 12,13
ENDCASE
CASE 14 1 T14_0789 3
EDGES 0,1 0,2 0,4 0,5 1,2 1,7 2,3 3,6 3,8 3,11 4,5 5,6 6,7 8,9 8,10 9,10 9,12 11,12 11,13 12,13
ENDCASE
CASE 14 1 T14_0789 4
EDGES 0,1 0,2 0,4 0,5 1,2 1,7 2,3 3,6 3,8 3,11 4,5 5,6 6,7 8,9 8,10 9,10 9,12 11,12 11,13 12,13
ENDCASE
CASE 14 1 T14_0789 5
EDGES 0,1 0,2 0,4 0,5 1,2 1,7 2,3 3,6 3,8 3,11 4,5 5,6 6,7 8,9 8,10 9,10 9,12 11,12 11,13 12,13
ENDCASE
CASE 14 1 T14_0789 6
EDGES 0,1 0,2 0,4 0,5 1,2 1,7 2,3 3,6 3,8 3,11 4,5 5,6 6,7 8,9 8,10 9,10 9,12 11,12 11,13 12,13
ENDCASE
CASE 14 1 T14_0789 7
EDGES 0,1 0,2 0,4 0,5 1,2 1,7 2,3 3,6 3,8 3,11 4,5 5,6 6,7 8,9 8,10 9,10 9,12 11,12 11,13 12,13
ENDCASE
CASE 14 1 T14_0789 8
EDGES 0,1 0,2 0,4 0,5 1,2 1,7 2,3 3,6 3,8 3,11 4,5 5,6 6,7 8,9 8,10 9,10 9,12 11,12 11,13 12,13
ENDCASE
CASE 14 1 T14_0789 9
EDGES 0,1 0,2 0,4 0,5 1,2 1,7 2,3 3,6 3,8 3,11 4,5 5,6 6,7 8,9 8,10 9,10 9,12 11,12 11,13 12,13
ENDCASE
CASE 14 1 T14_0789 10
EDGES 0,1 0,2 0,4 0,5 1,2 1,7 2,3 3,6 3,8 3,11 4,5 5,6 6,7 8,9 8,10 9,10 9,12 11,12 11,13 12,13
ENDCASE
CASE 14 1 T14_0789 11
EDGES 0,1 0,2 0,4 0,5 1,2 1,7 2,3 3,6 3,8 3,11 4,5 5,6 6,7 8,9 8,10 9,10 9,12 11,12 11,13 12,13
ENDCASE
CASE 14 1 T14_0789 12
EDGES 0,1 0,2 0,4 0,5 1,2 1,7 2,3 3,6 3,8 3,11 4,5 5,6 6,7 8,9 8,10 9,10 9,12 11,12 11,13 12,13
ENDCASE
CASE 14 1 T14_0789 13
EDGES 0,1 0,2 0,4 0,5 1,2 1,7 2,3 3,6 3,8 3,11 4,5 5,6 6,7 8,9 8,10 9,10 9,12 11,12 11,13 12,13
ENDCASE
CASE 14 1 T14_0790 0
EDGES 0,1 0,2 0,4 0,5 1,2 1,7 2,3 3,6 3,8 4,5 5,6 6,7 6,11 8,9 8,10 9,10 9,12 10,13 11,12 11,13
ENDCASE
CASE 14 1 T14_0790 1
EDGES 0,1 0,2 0,4 0,5 1,2 1,7 2,3 3,6 3,8 4,5 5,6 6,7 6,11 8,9 8,10 9,10 9,12 10,13 11,12 11,13
ENDCASE
CASE 14 1 T14_0790 2
EDGES 0,1 0,2 0,4 0,5 1,2 1,7 2,3 3,6 3,8 4,5 5,6 6,7 6,11 8,9 8,10 9,10 9,12 10,13 11,12 11,13
ENDCASE
CASE 14 1 T14_0790 3
EDGES 0,1 0,2 0,4 0,5 1,2 1,7 2,3 3,6 3,8 4,5 5,6 6,7 6,11 8,9 8,10 9,10 9,12 10,13 11,12 11,13
ENDCASE
CASE 14 1 T14_0790 4
EDGES 0,1 0,2 0,4 0,5 1,2 1,7 2,3 3,6 3,8 4,5 5,6 6,7 6,11 8,9 8,10 9,10 9,12 10,13 11,12 11,13
ENDCASE
CASE 14 1 T14_0790 5
EDGES 0,1 0,2 0,4 0,5 1,2 1,7 2,3 3,6 3,8 4,5 5,6 6,7 6,11 8,9 8,10 9,10 9,12 10,13 11,12 11,13
ENDCASE
CASE 14 1 T14_0790 6
EDGES 0,1 0,2 0,4 0,5 1,2 1,7 2,3 3,6 3,8 4,5 5,6 6,7 6,11 8,9 8,10 9,10 9,12 10,13 11,12 11,13
ENDCASE
CASE 14 1 T14_0790 7
EDGES 0,1 0,2 0,4 0,5 1,2 1,7 2,3 3,6 3,8 4,5 5,6 6,7 6,11 8,9 8,10 9,10 9,12 10,13 11,12 11,13
ENDCASE
CASE 14 1 T14_0790 8
EDGES 0,1 0,2 0,4 0,5 1,2 1,7 2,3 3,6 3,8 4,5 5,6 6,7 6,11 8,9 8,10 9,10 9,12 10,13 11,12 11,13
ENDCASE
CASE 14 1 T14_0790 9
EDGES 0,1 0,2 0,4 0,5 1,2 1,7 2,3 3,6 3,8 4,5 5,6 6,7 6,11 8,9 8,10 9,10 9,12 10,13 11,12 11,13
ENDCASE
CASE 14 1 T14_0790 10
EDGES 0,1 0,2 0,4 0,5 1,2 1,7 2,3 3,6 3,8 4,5 5,6 6,7 6,11 8,9 8,10 9,10 9,12 10,13 11,12 11,13
ENDCASE
CASE 14 1 T14_0790 11
EDGES 0,1 0,2 0,4 0,5 1,2 1,7 2,3 3,6 3,8 4,5 5,6 6,7 6,11 8,9 8,10 9,10 9,12 10,13 11,12 11,13
ENDCASE
CASE 14 1 T14_0790 12
EDGES 0,1 0,2 0,4 0,5 1,2 1,7 2,3 3,6 3,8 4,5 5,6 6,7 6,11 8,9 8,10 9,10 9,12 10,13 11,12 11,13
ENDCASE
CASE 14 1 T14_0790 13
EDGES 0,1 0,2 0,4 0,5 1,2 1,7 2,3 3,6 3,8 4,5 5,6 6,7 6,11 8,9 8,10 9,10 9,12 10,13 11,12 11,13
ENDCASE
CASE 14 1 T14_0791 0
EDGES 0,1 0,2 0,4 0,5 1,2 1,7 2,3 3,6 4,5 4,8 4,11 5,6 6,7 8,9 8,10 9,10 9,12 9,13 11,12 12,13
ENDCASE
CASE 14 1 T14_0791 1
EDGES 0,1 0,2 0,4 0,5 1,2 1,7 2,3 3,6 4,5 4,8 4,11 5,6 6,7 8,9 8,10 9,10 9,12 9,13 11,12 12,13
ENDCASE
CASE 14 1 T14_0791 2
EDGES 0,1 0,2 0,4 0,5 1,2 1,7 2,3 3,6 4,5 4,8 4,11 5,6 6,7 8,9 8,10 9,10 9,12 9,13 11,12 12,13
ENDCASE
CASE 14 1 T14_0791 3
EDGES 0,1 0,2 0,4 0,5 1,2 1,7 2,3 3,6 4,5 4,8 4,11 5,6 6,7 8,9 8,10 9,10 9,12 9,13 11,12 12,13
ENDCASE
CASE 14 1 T14_0791 4
EDGES 0,1 0,2 0,4 0,5 1,2 1,7 2,3 3,6 4,5 4,8 4,11 5,6 6,7 8,9 8,10 9,10 9,12 9,13 11,12 12,13
ENDCASE
CASE 14 1 T14_0791 5
EDGES 0,1 0,2 0,4 0,5 1,2 1,7 2,3 3,6 4,5 4,8 4,11 5,6 6,7 8,9 8,10 9,10 9,12 9,13 11,12 12,13
ENDCASE
CASE 14 1 T14_0791 6
EDGES 0,1 0,2 0,4 0,5 1,2 1,7 2,3 3,6 4,5 4,8 4,11 5,6 6,7 8,9 8,10 9,10 9,12 9,13 11,12 12,13
ENDCASE
CASE 14 1 T14_0791 7
EDGES 0,1 0,2 0,4 0,5 1,2 1,7 2,3 3,6 4,5 4,8 4,11 5,6 6,7 8,9 8,10 9,10 9,12 9,13 11,12 12,13
ENDCASE
CASE 14 1 T14_0791 8
EDGES 0,1 0,2 0,4 0,5 1,2 1,7 2,3 3,6 4,5 4,8 4,11 5,6 6,7 8,9 8,10 9,10 9,12 9,13 11,12 12,13
ENDCASE
CASE 14 1 T14_0791 9
EDGES 0,1 0,2 0,4 0,5 1,2 1,7 2,3 3,6 4,5 4,8 4,11 5,6 6,7 8,9 8,10 9,10 9,12 9,13 11,12 12,13
ENDCASE
CASE 14 1 T14_0791 10
EDGES 0,1 0,2 0,4 0,5 1,2 1,7 2,3 3,6 4,5 4,8 4,11 5,6 6,7 8,9 8,10 9,10 9,12 9,13 11,12 12,13
ENDCASE
CASE 14 1 T14_0791 11
EDGES 0,1 0,2 0,4 0,5 1,2 1,7 2,3 3,6 4,5 4,8 4,11 5,6 6,7 8,9 8,10 9,10 9,12 9,13 11,12 12,13
ENDCASE
CASE 14 1 T14_0791 12
EDGES 0,1 0,2 0,4 0,5 1,2 1,7 2,3 3,6 4,5 4,8 4,11 5,6 6,7 8,9 8,10 9,10 9,12 9,13 11,12 12,13
ENDCASE
CASE 14 1 T14_0791 13
EDGES 0,1 0,2 0,4 0,5 1,2 1,7 2,3 3,6 4,5 4,8 4,11 5,6 6,7 8,9 8,10 9,10 9,12 9,13 11,12 12,13
ENDCASE
CASE 14 1 T14_0792 0
EDGES 0,1 0,2 0,4 0,5 1,2 1,7 2,3 3,6 4,5 4,8 4,11 5,6 6,7 8,9 8,10 9,10 9,12 10,13 11,12 11,13
ENDCASE
CASE 14 1 T14_0792 1
EDGES 0,1 0,2 0,4 0,5 1,2 1,7 2,3 3,6 4,5 4,8 4,11 5,6 6,7 8,9 8,10 9,10 9,12 10,13 11,12 11,13
ENDCASE
CASE 14 1 T14_0792 2
EDGES 0,1 0,2 0,4 0,5 1,2 1,7 2,3 3,6 4,5 4,8 4,11 5,6 6,7 8,9 8,10 9,10 9,12 10,13 11,12 11,13
ENDCASE
CASE 14 1 T14_0792 3
EDGES 0,1 0,2 0,4 0,5 1,2 1,7 2,3 3,6 4,5 4,8 4,11 5,6 6,7 8,9 8,10 9,10 9,12 10,13 11,12 11,13
ENDCASE
CASE 14 1 T14_0792 4
EDGES 0,1 0,2 0,4 0,5 1,2 1,7 2,3 3,6 4,5 4,8 4,11 5,6 6,7 8,9 8,10 9,10 9,12 10,13 11,12 11,13
ENDCASE
CASE 14 1 T14_0792 5
EDGES 0,1 0,2 0,4 0,5 1,2 1,7 2,3 3,6 4,5 4,8 4,11 5,6 6,7 8,9 8,10 9,10 9,12 10,13 11,12 11,13
ENDCASE
CASE 14 1 T14_0792 6
EDGES 0,1 0,2 0,4 0,5 1,2 1,7 2,3 3,6 4,5 4,8 4,11 5,6 6,7 8,9 8,10 9,10 9,12 10,13 11,12 11,13
ENDCASE
CASE 14 1 T14_0792 7
EDGES 0,1 0,2 0,4 0,5 1,2 1,7 2,3 3,6 4,5 4,8 4,11 5,6 6,7 8,9 8,10 9,10 9,12 10,13 11,12 11,13
ENDCASE
CASE 14 1 T14_0792 8
EDGES 0,1 0,2 0,4 0,5 1,2 1,7 2,3 3,6 4,5 4,8 4,11 5,6 6,7 8,9 8,10 9,10 9,12 10,13 11,12 11,13
ENDCASE
CASE 14 1 T14_0792 9
EDGES 0,1 0,2 0,4 0,5 1,2 1,7 2,3 3,6 4,5 4,8 4,11 5,6 6,7 8,9 8,10 9,10 9,12 10,13 11,12 11,13
ENDCASE
CASE 14 1 T14_0792 10
EDGES 0,1 0,2 0,4 0,5 1,2 1,7 2,3 3,6 4,5 4,8 4,11 5,6 6,7 8,9 8,10 9,10 9,12 10,13 11,12 11,13
ENDCASE
CASE 14 1 T14_0792 11
EDGES 0,1 0,2 0,4 0,5 1,2 1,7 2,3 3,6 4,5 4,8 4,11 5,6 6,7 8,9 8,10 9,10 9,12 10,13 11,12 11,13
ENDCASE
CASE 14 1 T14_0792 12
EDGES 0,1 0,2 0,4 0,5 1,2 1,7 2,3 3,6 4,5 4,8 4,11 5,6 6,7 8,9 8,10 9,10 9,12 10,13 11,12 11,13
ENDCASE
CASE 14 1 T14_0792 13
EDGES 0,1 0,2 0,4 0,5 1,2 1,7 2,3 3,6 4,5 4,8 4,11 5,6 6,7 8,9 8,10 9,10 9,12 10,13 11,12 11,13
ENDCASE
CASE 14 1 T14_0793 0
EDGES 0,1 0,2 0,4 0,5 1,2 1,7 2,3 3,6 4,5 4,8 4,11 5,6 6,7 8,9 8,10 9,10 9,12 11,12 11,13 12,13
ENDCASE
CASE 14 1 T14_0793 1
EDGES 0,1 0,2 0,4 0,5 1,2 1,7 2,3 3,6 4,5 4,8 4,11 5,6 6,7 8,9 8,10 9,10 9,12 11,12 11,13 12,13
ENDCASE
CASE 14 1 T14_0793 2
EDGES 0,1 0,2 0,4 0,5 1,2 1,7 2,3 3,6 4,5 4,8 4,11 5,6 6,7 8,9 8,10 9,10 9,12 11,12 11,13 12,13
ENDCASE
CASE 14 1 T14_0793 3
EDGES 0,1 0,2 0,4 0,5 1,2 1,7 2,3 3,6 4,5 4,8 4,11 5,6 6,7 8,9 8,10 9,10 9,12 11,12 11,13 12,13
ENDCASE
CASE 14 1 T14_0793 4
EDGES 0,1 0,2 0,4 0,5 1,2 1,7 2,3 3,6 4,5 4,8 4,11 5,6 6,7 8,9 8,10 9,10 9,12 11,12 11,13 12,13
ENDCASE
CASE 14 1 T14_0793 5
EDGES 0,1 0,2 0,4 0,5 1,2 1,7 2,3 3,6 4,5 4,8 4,11 5,6 6,7 8,9 8,10 9,10 9,12 11,12 11,13 12,13
ENDCASE
CASE 14 1 T14_0793 6
EDGES 0,1 0,2 0,4 0,5 1,2 1,7 2,3 3,6 4,5 4,8 4,11 5,6 6,7 8,9 8,10 9,10 9,12 11,12 11,13 12,13
ENDCASE
CASE 14 1 T14_0793 7
EDGES 0,1 0,2 0,4 0,5 1,2 1,7 2,3 3,6 4,5 4,8 4,11 5,6 6,7 8,9 8,10 9,10 9,12 11,12 11,13 12,13
ENDCASE
CASE 14 1 T14_0793 8
EDGES 0,1 0,2 0,4 0,5 1,2 1,7 2,3 3,6 4,5 4,8 4,11 5,6 6,7 8,9 8,10 9,10 9,12 11,12 11,13 12,13
ENDCASE
CASE 14 1 T14_0793 9
EDGES 0,1 0,2 0,4 0,5 1,2 1,7 2,3 3,6 4,5 4,8 4,11 5,6 6,7 8,9 8,10 9,10 9,12 11,12 11,13 12,13
ENDCASE
CASE 14 1 T14_0793 10
EDGES 0,1 0,2 0,4 0,5 1,2 1,7 2,3 3,6 4,5 4,8 4,11 5,6 6,7 8,9 8,10 9,10 9,12 11,12 11,13 12,13
ENDCASE
CASE 14 1 T14_0793 11
EDGES 0,1 0,2 0,4 0,5 1,2 1,7 2,3 3,6 4,5 4,8 4,11 5,6 6,7 8,9 8,10 9,10 9,12 11,12 11,13 12,13
ENDCASE
CASE 14 1 T14_0793 12
EDGES 0,1 0,2 0,4 0,5 1,2 1,7 2,3 3,6 4,5 4,8 4,11 5,6 6,7 8,9 8,10 9,10 9,12 11,12 11,13 12,13
ENDCASE
CASE 14 1 T14_0793 13
EDGES 0,1 0,2 0,4 0,5 1,2 1,7 2,3 3,6 4,5 4,8 4,11 5,6 6,7 8,9 8,10 9,10 9,12 11,12 11,13 12,13
ENDCASE
CASE 14 1 T14_0794 5
EDGES 0,1 0,2 0,4 0,5 1,2 1,7 2,3 3,6 4,5 5,6 5,8 5,11 6,7 8,9 8,10 9,10 9,12 9,13 11,12 12,13
ENDCASE
CASE 14 1 T14_0795 5
EDGES 0,1 0,2 0,4 0,5 1,2 1,7 2,3 3,6 4,5 5,6 5,8 5,11 6,7 8,9 8,10 9,10 9,12 10,13 11,12 11,13
ENDCASE
CASE 14 1 T14_0796 5
EDGES 0,1 0,2 0,4 0,5 1,2 1,7 2,3 3,6 4,5 5,6 5,8 5,11 6,7 8,9 8,10 9,10 9,12 11,12 11,13 12,13
ENDCASE
CASE 14 1 T14_0797 0
EDGES 0,1 0,2 0,4 0,5 1,2 1,7 2,3 3,6 4,5 5,6 5,8 6,7 6,11 8,9 8,10 9,10 9,12 10,13 11,12 11,13
ENDCASE
CASE 14 1 T14_0797 1
EDGES 0,1 0,2 0,4 0,5 1,2 1,7 2,3 3,6 4,5 5,6 5,8 6,7 6,11 8,9 8,10 9,10 9,12 10,13 11,12 11,13
ENDCASE
CASE 14 1 T14_0797 2
EDGES 0,1 0,2 0,4 0,5 1,2 1,7 2,3 3,6 4,5 5,6 5,8 6,7 6,11 8,9 8,10 9,10 9,12 10,13 11,12 11,13
ENDCASE
CASE 14 1 T14_0797 3
EDGES 0,1 0,2 0,4 0,5 1,2 1,7 2,3 3,6 4,5 5,6 5,8 6,7 6,11 8,9 8,10 9,10 9,12 10,13 11,12 11,13
ENDCASE
CASE 14 1 T14_0797 4
EDGES 0,1 0,2 0,4 0,5 1,2 1,7 2,3 3,6 4,5 5,6 5,8 6,7 6,11 8,9 8,10 9,10 9,12 10,13 11,12 11,13
ENDCASE
CASE 14 1 T14_0797 5
EDGES 0,1 0,2 0,4 0,5 1,2 1,7 2,3 3,6 4,5 5,6 5,8 6,7 6,11 8,9 8,10 9,10 9,12 10,13 11,12 11,13
ENDCASE
CASE 14 1 T14_0797 6
EDGES 0,1 0,2 0,4 0,5 1,2 1,7 2,3 3,6 4,5 5,6 5,8 6,7 6,11 8,9 8,10 9,10 9,12 10,13 11,12 11,13
ENDCASE
CASE 14 1 T14_0797 7
EDGES 0,1 0,2 0,4 0,5 1,2 1,7 2,3 3,6 4,5 5,6 5,8 6,7 6,11 8,9 8,10 9,10 9,12 10,13 11,12 11,13
ENDCASE
CASE 14 1 T14_0797 8
EDGES 0,1 0,2 0,4 0,5 1,2 1,7 2,3 3,6 4,5 5,6 5,8 6,7 6,11 8,9 8,10 9,10 9,12 10,13 11,12 11,13
ENDCASE
CASE 14 1 T14_0797 9
EDGES 0,1 0,2 0,4 0,5 1,2 1,7 2,3 3,6 4,5 5,6 5,8 6,7 6,11 8,9 8,10 9,10 9,12 10,13 11,12 11,13
ENDCASE
CASE 14 1 T14_0797 10
EDGES 0,1 0,2 0,4 0,5 1,2 1,7 2,3 3,6 4,5 5,6 5,8 6,7 6,11 8,9 8,10 9,10 9,12 10,13 11,12 11,13
ENDCASE
CASE 14 1 T14_0797 11
EDGES 0,1 0,2 0,4 0,5 1,2 1,7 2,3 3,6 4,5 5,6 5,8 6,7 6,11 8,9 8,10 9,10 9,12 10,13 11,12 11,13
ENDCASE
CASE 14 1 T14_0797 12
EDGES 0,1 0,2 0,4 0,5 1,2 1,7 2,3 3,6 4,5 5,6 5,8 6,7 6,11 8,9 8,10 9,10 9,12 10,13 11,12 11,13
ENDCASE
CASE 14 1 T14_0797 13
EDGES 0,1 0,2 0,4 0,5 1,2 1,7 2,3 3,6 4,5 5,6 5,8 6,7 6,11 8,9 8,10 9,10 9,12 10,13 11,12 11,13
ENDCASE
CASE 14 1 T14_0798 0
EDGES 0,1 0,2 0,4 0,5 1,2 1,7 2,3 3,6 3,11 4,5 5,6 6,7 6,8 8,9 8,10 9,10 9,12 10,13 11,12 11,13
ENDCASE
CASE 14 1 T14_0798 1
EDGES 0,1 0,2 0,4 0,5 1,2 1,7 2,3 3,6 3,11 4,5 5,6 6,7 6,8 8,9 8,10 9,10 9,12 10,13 11,12 11,13
ENDCASE
CASE 14 1 T14_0798 2
EDGES 0,1 0,2 0,4 0,5 1,2 1,7 2,3 3,6 3,11 4,5 5,6 6,7 6,8 8,9 8,10 9,10 9,12 10,13 11,12 11,13
ENDCASE
CASE 14 1 T14_0798 3
EDGES 0,1 0,2 0,4 0,5 1,2 1,7 2,3 3,6 3,11 4,5 5,6 6,7 6,8 8,9 8,10 9,10 9,12 10,13 11,12 11,13
ENDCASE
CASE 14 1 T14_0798 4
EDGES 0,1 0,2 0,4 0,5 1,2 1,7 2,3 3,6 3,11 4,5 5,6 6,7 6,8 8,9 8,10 9,10 9,12 10,13 11,12 11,13
ENDCASE
CASE 14 1 T14_0798 5
EDGES 0,1 0,2 0,4 0,5 1,2 1,7 2,3 3,6 3,11 4,5 5,6 6,7 6,8 8,9 8,10 9,10 9,12 10,13 11,12 11,13
ENDCASE
CASE 14 1 T14_0798 6
EDGES 0,1 0,2 0,4 0,5 1,2 1,7 2,3 3,6 3,11 4,5 5,6 6,7 6,8 8,9 8,10 9,10 9,12 10,13 11,12 11,13
ENDCASE
CASE 14 1 T14_0798 7
EDGES 0,1 0,2 0,4 0,5 1,2 1,7 2,3 3,6 3,11 4,5 5,6 6,7 6,8 8,9 8,10 9,10 9,12 10,13 11,12 11,13
ENDCASE
CASE 14 1 T14_0798 8
EDGES 0,1 0,2 0,4 0,5 1,2 1,7 2,3 3,6 3,11 4,5 5,6 6,7 6,8 8,9 8,10 9,10 9,12 10,13 11,12 11,13
ENDCASE
CASE 14 1 T14_0798 9
EDGES 0,1 0,2 0,4 0,5 1,2 1,7 2,3 3,6 3,11 4,5 5,6 6,7 6,8 8,9 8,10 9,10 9,12 10,13 11,12 11,13
ENDCASE
CASE 14 1 T14_0798 10
EDGES 0,1 0,2 0,4 0,5 1,2 1,7 2,3 3,6 3,11 4,5 5,6 6,7 6,8 8,9 8,10 9,10 9,12 10,13 11,12 11,13
ENDCASE
CASE 14 1 T14_0798 11
EDGES 0,1 0,2 0,4 0,5 1,2 1,7 2,3 3,6 3,11 4,5 5,6 6,7 6,8 8,9 8,10 9,10 9,12 10,13 11,12 11,13
ENDCASE
CASE 14 1 T14_0798 12
EDGES 0,1 0,2 0,4 0,5 1,2 1,7 2,3 3,6 3,11 4,5 5,6 6,7 6,8 8,9 8,10 9,10 9,12 10,13 11,12 11,13
ENDCASE
CASE 14 1 T14_0798 13
EDGES 0,1 0,2 0,4 0,5 1,2 1,7 2,3 3,6 3,11 4,5 5,6 6,7 6,8 8,9 8,10 9,10 9,12 10,13 11,12 11,13
ENDCASE
CASE 14 1 T14_0799 0
EDGES 0,1 0,2 0,4 0,5 1,2 1,7 2,3 3,6 4,5 5,6 5,11 6,7 6,8 8,9 8,10 9,10 9,12 10,13 11,12 11,13
ENDCASE
CASE 14 1 T14_0799 1
EDGES 0,1 0,2 0,4 0,5 1,2 1,7 2,3 3,6 4,5 5,6 5,11 6,7 6,8 8,9 8,10 9,10 9,12 10,13 11,12 11,13
ENDCASE
CASE 14 1 T14_0799 2
EDGES 0,1 0,2 0,4 0,5 1,2 1,7 2,3 3,6 4,5 5,6 5,11 6,7 6,8 8,9 8,10 9,10 9,12 10,13 11,12 11,13
ENDCASE
CASE 14 1 T14_0799 3
EDGES 0,1 0,2 0,4 0,5 1,2 1,7 2,3 3,6 4,5 5,6 5,11 6,7 6,8 8,9 8,10 9,10 9,12 10,13 11,12 11,13
ENDCASE
CASE 14 1 T14_0799 4
EDGES 0,1 0,2 0,4 0,5 1,2 1,7 2,3 3,6 4,5 5,6 5,11 6,7 6,8 8,9 8,10 9,10 9,12 10,13 11,12 11,13
ENDCASE
CASE 14 1 T14_0799 5
EDGES 0,1 0,2 0,4 0,5 1,2 1,7 2,3 3,6 4,5 5,6 5,11 6,7 6,8 8,9 8,10 9,10 9,12 10,13 11,12 11,13
ENDCASE
CASE 14 1 T14_0799 6
EDGES 0,1 0,2 0,4 0,5 1,2 1,7 2,3 3,6 4,5 5,6 5,11 6,7 6,8 8,9 8,10 9,10 9,12 10,13 11,12 11,13
ENDCASE
CASE 14 1 T14_0799 7
EDGES 0,1 0,2 0,4 0,5 1,2 1,7 2,3 3,6 4,5 5,6 5,11 6,7 6,8 8,9 8,10 9,10 9,12 10,13 11,12 11,13
ENDCASE
CASE 14 1 T14_0799 8
EDGES 0,1 0,2 0,4 0,5 1,2 1,7 2,3 3,6 4,5 5,6 5,11 6,7 6,8 8,9 8,10 9,10 9,12 10,13 11,12 11,13
ENDCASE
CASE 14 1 T14_0799 9
EDGES 0,1 0,2 0,4 0,5 1,2 1,7 2,3 3,6 4,5 5,6 5,11 6,7 6,8 8,9 8,10 9,10 9,12 10,13 11,12 11,13
ENDCASE
CASE 14 1 T14_0799 10
EDGES 0,1 0,2 0,4 0,5 1,2 1,7 2,3 3,6 4,5 5,6 5,11 6,7 6,8 8,9 8,10 9,10 9,12 10,13 11,12 11,13
ENDCASE
CASE 14 1 T14_0799 11
EDGES 0,1 0,2 0,4 0,5 1,2 1,7 2,3 3,6 4,5 5,6 5,11 6,7 6,8 8,9 8,10 9,10 9,12 10,13 11,12 11,13
ENDCASE
CASE 14 1 T14_0799 12
EDGES 0,1 0,2 0,4 0,5 1,2 1,7 2,3 3,6 4,5 5,6 5,11 6,7 6,8 8,9 8,10 9,10 9,12 10,13 11,12 11,13
ENDCASE
CASE 14 1 T14_0799 13
EDGES 0,1 0,2 0,4 0,5 1,2 1,7 2,3 3,6 4,5 5,6 5,11 6,7 6,8 8,9 8,10 9,10 9,12 10,13 11,12 11,13
ENDCASE
CASE 14 1 T14_0800 6
EDGES 0,1 0,2 0,4 0,5 1,2 1,7 2,3 3,6 4,5 5,6 6,7 6,8 6,11 8,9 8,10 9,10 9,12 9,13 11,12 12,13
ENDCASE
CASE 14 1 T14_0801 6
EDGES 0,1 0,2 0,4 0,5 1,2 1,7 2,3 3,6 4,5 5,6 6,7 6,8 6,11 8,9 8,10 9,10 9,12 10,13 11,12 11,13
ENDCASE
CASE 14 1 T14_0802 6
EDGES 0,1 0,2 0,4 0,5 1,2 1,7 2,3 3,6 4,5 5,6 6,7 6,8 6,11 8,9 8,10 9,10 9,12 11,12 11,13 12,13
ENDCASE
CASE 14 1 T14_0803 1
EDGES 0,1 0,4 0,5 0,8 1,2 1,4 1,7 1,11 2,6 3,5 3,6 3,7 4,9 4,13 5,6 8,10 9,10 10,12 11,12 12,13
ENDCASE
CASE 14 1 T14_0804 0
EDGES 0,1 0,4 0,5 0,8 0,11 1,2 1,4 1,7 2,6 3,5 3,6 3,7 5,6 8,9 8,10 9,10 9,12 9,13 11,12 12,13
ENDCASE
CASE 14 1 T14_0805 0
EDGES 0,1 0,4 0,5 0,8 0,11 1,2 1,4 1,7 2,6 3,5 3,6 3,7 5,6 8,9 8,10 9,10 9,12 10,13 11,12 11,13
ENDCASE
CASE 14 1 T14_0806 0
EDGES 0,1 0,4 0,5 0,8 0,11 1,2 1,4 1,7 2,6 3,5 3,6 3,7 5,6 8,9 8,10 9,10 9,12 11,12 11,13 12,13
ENDCASE
CASE 14 1 T14_0807 0
EDGES 0,1 0,4 0,5 0,8 1,2 1,4 1,7 2,6 3,5 3,6 3,7 5,6 5,11 8,9 8,10 9,10 9,12 10,13 11,12 11,13
ENDCASE
CASE 14 1 T14_0807 1
EDGES 0,1 0,4 0,5 0,8 1,2 1,4 1,7 2,6 3,5 3,6 3,7 5,6 5,11 8,9 8,10 9,10 9,12 10,13 11,12 11,13
ENDCASE
CASE 14 1 T14_0807 2
EDGES 0,1 0,4 0,5 0,8 1,2 1,4 1,7 2,6 3,5 3,6 3,7 5,6 5,11 8,9 8,10 9,10 9,12 10,13 11,12 11,13
ENDCASE
CASE 14 1 T14_0807 3
EDGES 0,1 0,4 0,5 0,8 1,2 1,4 1,7 2,6 3,5 3,6 3,7 5,6 5,11 8,9 8,10 9,10 9,12 10,13 11,12 11,13
ENDCASE
CASE 14 1 T14_0807 4
EDGES 0,1 0,4 0,5 0,8 1,2 1,4 1,7 2,6 3,5 3,6 3,7 5,6 5,11 8,9 8,10 9,10 9,12 10,13 11,12 11,13
ENDCASE
CASE 14 1 T14_0807 5
EDGES 0,1 0,4 0,5 0,8 1,2 1,4 1,7 2,6 3,5 3,6 3,7 5,6 5,11 8,9 8,10 9,10 9,12 10,13 11,12 11,13
ENDCASE
CASE 14 1 T14_0807 6
EDGES 0,1 0,4 0,5 0,8 1,2 1,4 1,7 2,6 3,5 3,6 3,7 5,6 5,11 8,9 8,10 9,10 9,12 10,13 11,12 11,13
ENDCASE
CASE 14 1 T14_0807 7
EDGES 0,1 0,4 0,5 0,8 1,2 1,4 1,7 2,6 3,5 3,6 3,7 5,6 5,11 8,9 8,10 9,10 9,12 10,13 11,12 11,13
ENDCASE
CASE 14 1 T14_0807 8
EDGES 0,1 0,4 0,5 0,8 1,2 1,4 1,7 2,6 3,5 3,6 3,7 5,6 5,11 8,9 8,10 9,10 9,12 10,13 11,12 11,13
ENDCASE
CASE 14 1 T14_0807 9
EDGES 0,1 0,4 0,5 0,8 1,2 1,4 1,7 2,6 3,5 3,6 3,7 5,6 5,11 8,9 8,10 9,10 9,12 10,13 11,12 11,13
ENDCASE
CASE 14 1 T14_0807 10
EDGES 0,1 0,4 0,5 0,8 1,2 1,4 1,7 2,6 3,5 3,6 3,7 5,6 5,11 8,9 8,10 9,10 9,12 10,13 11,12 11,13
ENDCASE
CASE 14 1 T14_0807 11
EDGES 0,1 0,4 0,5 0,8 1,2 1,4 1,7 2,6 3,5 3,6 3,7 5,6 5,11 8,9 8,10 9,10 9,12 10,13 11,12 11,13
ENDCASE
CASE 14 1 T14_0807 12
EDGES 0,1 0,4 0,5 0,8 1,2 1,4 1,7 2,6 3,5 3,6 3,7 5,6 5,11 8,9 8,10 9,10 9,12 10,13 11,12 11,13
ENDCASE
CASE 14 1 T14_0807 13
EDGES 0,1 0,4 0,5 0,8 1,2 1,4 1,7 2,6 3,5 3,6 3,7 5,6 5,11 8,9 8,10 9,10 9,12 10,13 11,12 11,13
ENDCASE
CASE 14 1 T14_0811 1
EDGES 0,1 0,4 0,5 1,2 1,4 1,7 1,8 2,6 2,11 3,5 3,6 3,7 5,6 8,9 8,10 9,10 9,12 10,13 11,12 11,13
ENDCASE
CASE 14 1 T14_0812 1
EDGES 0,1 0,4 0,5 1,2 1,4 1,7 1,11 2,6 2,8 3,5 3,6 3,7 5,6 8,9 8,10 9,10 9,12 10,13 11,12 11,13
ENDCASE
CASE 14 1 T14_0813 0
EDGES 0,1 0,4 0,5 1,2 1,4 1,7 2,6 2,8 2,11 3,5 3,6 3,7 5,6 8,9 8,10 9,10 9,12 9,13 11,12 12,13
ENDCASE
CASE 14 1 T14_0813 1
EDGES 0,1 0,4 0,5 1,2 1,4 1,7 2,6 2,8 2,11 3,5 3,6 3,7 5,6 8,9 8,10 9,10 9,12 9,13 11,12 12,13
ENDCASE
CASE 14 1 T14_0813 2
EDGES 0,1 0,4 0,5 1,2 1,4 1,7 2,6 2,8 2,11 3,5 3,6 3,7 5,6 8,9 8,10 9,10 9,12 9,13 11,12 12,13
ENDCASE
CASE 14 1 T14_0813 3
EDGES 0,1 0,4 0,5 1,2 1,4 1,7 2,6 2,8 2,11 3,5 3,6 3,7 5,6 8,9 8,10 9,10 9,12 9,13 11,12 12,13
ENDCASE
CASE 14 1 T14_0813 4
EDGES 0,1 0,4 0,5 1,2 1,4 1,7 2,6 2,8 2,11 3,5 3,6 3,7 5,6 8,9 8,10 9,10 9,12 9,13 11,12 12,13
ENDCASE
CASE 14 1 T14_0813 5
EDGES 0,1 0,4 0,5 1,2 1,4 1,7 2,6 2,8 2,11 3,5 3,6 3,7 5,6 8,9 8,10 9,10 9,12 9,13 11,12 12,13
ENDCASE
CASE 14 1 T14_0813 6
EDGES 0,1 0,4 0,5 1,2 1,4 1,7 2,6 2,8 2,11 3,5 3,6 3,7 5,6 8,9 8,10 9,10 9,12 9,13 11,12 12,13
ENDCASE
CASE 14 1 T14_0813 7
EDGES 0,1 0,4 0,5 1,2 1,4 1,7 2,6 2,8 2,11 3,5 3,6 3,7 5,6 8,9 8,10 9,10 9,12 9,13 11,12 12,13
ENDCASE
CASE 14 1 T14_0813 8
EDGES 0,1 0,4 0,5 1,2 1,4 1,7 2,6 2,8 2,11 3,5 3,6 3,7 5,6 8,9 8,10 9,10 9,12 9,13 11,12 12,13
ENDCASE
CASE 14 1 T14_0813 9
EDGES 0,1 0,4 0,5 1,2 1,4 1,7 2,6 2,8 2,11 3,5 3,6 3,7 5,6 8,9 8,10 9,10 9,12 9,13 11,12 12,13
ENDCASE
CASE 14 1 T14_0813 10
EDGES 0,1 0,4 0,5 1,2 1,4 1,7 2,6 2,8 2,11 3,5 3,6 3,7 5,6 8,9 8,10 9,10 9,12 9,13 11,12 12,13
ENDCASE
CASE 14 1 T14_0813 11
EDGES 0,1 0,4 0,5 1,2 1,4 1,7 2,6 2,8 2,11 3,5 3,6 3,7 5,6 8,9 8,10 9,10 9,12 9,13 11,12 12,13
ENDCASE
CASE 14 1 T14_0813 12
EDGES 0,1 0,4 0,5 1,2 1,4 1,7 2,6 2,8 2,11 3,5 3,6 3,7 5,6 8,9 8,10 9,10 9,12 9,13 11,12 12,13
ENDCASE
CASE 14 1 T14_0813 13
EDGES 0,1 0,4 0,5 1,2 1,4 1,7 2,6 2,8 2,11 3,5 3,6 3,7 5,6 8,9 8,10 9,10 9,12 9,13 11,12 12,13
ENDCASE
CASE 14 1 T14_0814 0
EDGES 0,1 0,4 0,5 1,2 1,4 1,7 2,6 2,8 2,11 3,5 3,6 3,7 5,6 8,9 8,10 9,10 9,12 10,13 11,12 11,13
ENDCASE
CASE 14 1 T14_0814 1
EDGES 0,1 0,4 0,5 1,2 1,4 1,7 2,6 2,8 2,11 3,5 3,6 3,7 5,6 8,9 8,10 9,10 9,12 10,13 11,12 11,13
ENDCASE
CASE 14 1 T14_0814 2
EDGES 0,1 0,4 0,5 1,2 1,4 1,7 2,6 2,8 2,11 3,5 3,6 3,7 5,6 8,9 8,10 9,10 9,12 10,13 11,12 11,13
ENDCASE
CASE 14 1 T14_0814 3
EDGES 0,1 0,4 0,5 1,2 1,4 1,7 2,6 2,8 2,11 3,5 3,6 3,7 5,6 8,9 8,10 9,10 9,12 10,13 11,12 11,13
ENDCASE
CASE 14 1 T14_0814 4
EDGES 0,1 0,4 0,5 1,2 1,4 1,7 2,6 2,8 2,11 3,5 3,6 3,7 5,6 8,9 8,10 9,10 9,12 10,13 11,12 11,13
ENDCASE
CASE 14 1 T14_0814 5
EDGES 0,1 0,4 0,5 1,2 1,4 1,7 2,6 2,8 2,11 3,5 3,6 3,7 5,6 8,9 8,10 9,10 9,12 10,13 11,12 11,13
ENDCASE
CASE 14 1 T14_0814 6
EDGES 0,1 0,4 0,5 1,2 1,4 1,7 2,6 2,8 2,11 3,5 3,6 3,7 5,6 8,9 8,10 9,10 9,12 10,13 11,12 11,13
ENDCASE
CASE 14 1 T14_0814 7
EDGES 0,1 0,4 0,5 1,2 1,4 1,7 2,6 2,8 2,11 3,5 3,6 3,7 5,6 8,9 8,10 9,10 9,12 10,13 11,12 11,13
ENDCASE
CASE 14 1 T14_0814 8
EDGES 0,1 0,4 0,5 1,2 1,4 1,7 2,6 2,8 2,11 3,5 3,6 3,7 5,6 8,9 8,10 9,10 9,12 10,13 11,12 11,13
ENDCASE
CASE 14 1 T14_0814 9
EDGES 0,1 0,4 0,5 1,2 1,4 1,7 2,6 2,8 2,11 3,5 3,6 3,7 5,6 8,9 8,10 9,10 9,12 10,13 11,12 11,13
ENDCASE
CASE 14 1 T14_0814 10
EDGES 0,1 0,4 0,5 1,2 1,4 1,7 2,6 2,8 2,11 3,5 3,6 3,7 5,6 8,9 8,10 9,10 9,12 10,13 11,12 11,13
ENDCASE
CASE 14 1 T14_0814 11
EDGES 0,1 0,4 0,5 1,2 1,4 1,7 2,6 2,8 2,11 3,5 3,6 3,7 5,6 8,9 8,10 9,10 9,12 10,13 11,12 11,13
ENDCASE
CASE 14 1 T14_0814 12
EDGES 0,1 0,4 0,5 1,2 1,4 1,7 2,6 2,8 2,11 3,5 3,6 3,7 5,6 8,9 8,10 9,10 9,12 10,13 11,12 11,13
ENDCASE
CASE 14 1 T14_0814 13
EDGES 0,1 0,4 0,5 1,2 1,4 1,7 2,6 2,8 2,11 3,5 3,6 3,7 5,6 8,9 8,10 9,10 9,12 10,13 11,12 11,13
ENDCASE
CASE 14 1 T14_0815 0
EDGES 0,1 0,4 0,5 1,2 1,4 1,7 2,6 2,8 2,11 3,5 3,6 3,7 5,6 8,9 8,10 9,10 9,12 11,12 11,13 12,13
ENDCASE
CASE 14 1 T14_0815 1
EDGES 0,1 0,4 0,5 1,2 1,4 1,7 2,6 2,8 2,11 3,5 3,6 3,7 5,6 8,9 8,10 9,10 9,12 11,12 11,13 12,13
ENDCASE
CASE 14 1 T14_0815 2
EDGES 0,1 0,4 0,5 1,2 1,4 1,7 2,6 2,8 2,11 3,5 3,6 3,7 5,6 8,9 8,10 9,10 9,12 11,12 11,13 12,13
ENDCASE
CASE 14 1 T14_0815 3
EDGES 0,1 0,4 0,5 1,2 1,4 1,7 2,6 2,8 2,11 3,5 3,6 3,7 5,6 8,9 8,10 9,10 9,12 11,12 11,13 12,13
ENDCASE
CASE 14 1 T14_0815 4
EDGES 0,1 0,4 0,5 1,2 1,4 1,7 2,6 2,8 2,11 3,5 3,6 3,7 5,6 8,9 8,10 9,10 9,12 11,12 11,13 12,13
ENDCASE
CASE 14 1 T14_0815 5
EDGES 0,1 0,4 0,5 1,2 1,4 1,7 2,6 2,8 2,11 3,5 3,6 3,7 5,6 8,9 8,10 9,10 9,12 11,12 11,13 12,13
ENDCASE
CASE 14 1 T14_0815 6
EDGES 0,1 0,4 0,5 1,2 1,4 1,7 2,6 2,8 2,11 3,5 3,6 3,7 5,6 8,9 8,10 9,10 9,12 11,12 11,13 12,13
ENDCASE
CASE 14 1 T14_0815 7
EDGES 0,1 0,4 0,5 1,2 1,4 1,7 2,6 2,8 2,11 3,5 3,6 3,7 5,6 8,9 8,10 9,10 9,12 11,12 11,13 12,13
ENDCASE
CASE 14 1 T14_0815 8
EDGES 0,1 0,4 0,5 1,2 1,4 1,7 2,6 2,8 2,11 3,5 3,6 3,7 5,6 8,9 8,10 9,10 9,12 11,12 11,13 12,13
ENDCASE
CASE 14 1 T14_0815 9
EDGES 0,1 0,4 0,5 1,2 1,4 1,7 2,6 2,8 2,11 3,5 3,6 3,7 5,6 8,9 8,10 9,10 9,12 11,12 11,13 12,13
ENDCASE
CASE 14 1 T14_0815 10
EDGES 0,1 0,4 0,5 1,2 1,4 1,7 2,6 2,8 2,11 3,5 3,6 3,7 5,6 8,9 8,10 9,10 9,12 11,12 11,13 12,13
ENDCASE
CASE 14 1 T14_0815 11
EDGES 0,1 0,4 0,5 1,2 1,4 1,7 2,6 2,8 2,11 3,5 3,6 3,7 5,6 8,9 8,10 9,10 9,12 11,12 11,13 12,13
ENDCASE
CASE 14 1 T14_0815 12
EDGES 0,1 0,4 0,5 1,2 1,4 1,7 2,6 2,8 2,11 3,5 3,6 3,7 5,6 8,9 8,10 9,10 9,12 11,12 11,13 12,13
ENDCASE
CASE 14 1 T14_0815 13
EDGES 0,1 0,4 0,5 1,2 1,4 1,7 2,6 2,8 2,11 3,5 3,6 3,7 5,6 8,9 8,10 9,10 9,12 11,12 11,13 12,13
ENDCASE
CASE 14 1 T14_0816 0
EDGES 0,1 0,4 0,5 1,2 1,4 1,7 2,6 2,8 3,5 3,6 3,7 5,6 6,11 8,9 8,10 9,10 9,12 10,13 11,12 11,13
ENDCASE
CASE 14 1 T14_0816 1
EDGES 0,1 0,4 0,5 1,2 1,4 1,7 2,6 2,8 3,5 3,6 3,7 5,6 6,11 8,9 8,10 9,10 9,12 10,13 11,12 11,13
ENDCASE
CASE 14 1 T14_0816 2
EDGES 0,1 0,4 0,5 1,2 1,4 1,7 2,6 2,8 3,5 3,6 3,7 5,6 6,11 8,9 8,10 9,10 9,12 10,13 11,12 11,13
ENDCASE
CASE 14 1 T14_0816 3
EDGES 0,1 0,4 0,5 1,2 1,4 1,7 2,6 2,8 3,5 3,6 3,7 5,6 6,11 8,9 8,10 9,10 9,12 10,13 11,12 11,13
ENDCASE
CASE 14 1 T14_0816 4
EDGES 0,1 0,4 0,5 1,2 1,4 1,7 2,6 2,8 3,5 3,6 3,7 5,6 6,11 8,9 8,10 9,10 9,12 10,13 11,12 11,13
ENDCASE
CASE 14 1 T14_0816 5
EDGES 0,1 0,4 0,5 1,2 1,4 1,7 2,6 2,8 3,5 3,6 3,7 5,6 6,11 8,9 8,10 9,10 9,12 10,13 11,12 11,13
ENDCASE
CASE 14 1 T14_0816 6
EDGES 0,1 0,4 0,5 1,2 1,4 1,7 2,6 2,8 3,5 3,6 3,7 5,6 6,11 8,9 8,10 9,10 9,12 10,13 11,12 11,13
ENDCASE
CASE 14 1 T14_0816 7
EDGES 0,1 0,4 0,5 1,2 1,4 1,7 2,6 2,8 3,5 3,6 3,7 5,6 6,11 8,9 8,10 9,10 9,12 10,13 11,12 11,13
ENDCASE
CASE 14 1 T14_0816 8
EDGES 0,1 0,4 0,5 1,2 1,4 1,7 2,6 2,8 3,5 3,6 3,7 5,6 6,11 8,9 8,10 9,10 9,12 10,13 11,12 11,13
ENDCASE
CASE 14 1 T14_0816 9
EDGES 0,1 0,4 0,5 1,2 1,4 1,7 2,6 2,8 3,5 3,6 3,7 5,6 6,11 8,9 8,10 9,10 9,12 10,13 11,12 11,13
ENDCASE
CASE 14 1 T14_0816 10
EDGES 0,1 0,4 0,5 1,2 1,4 1,7 2,6 2,8 3,5 3,6 3,7 5,6 6,11 8,9 8,10 9,10 9,12 10,13 11,12 11,13
ENDCASE
CASE 14 1 T14_0816 11
EDGES 0,1 0,4 0,5 1,2 1,4 1,7 2,6 2,8 3,5 3,6 3,7 5,6 6,11 8,9 8,10 9,10 9,12 10,13 11,12 11,13
ENDCASE
CASE 14 1 T14_0816 12
EDGES 0,1 0,4 0,5 1,2 1,4 1,7 2,6 2,8 3,5 3,6 3,7 5,6 6,11 8,9 8,10 9,10 9,12 10,13 11,12 11,13
ENDCASE
CASE 14 1 T14_0816 13
EDGES 0,1 0,4 0,5 1,2 1,4 1,7 2,6 2,8 3,5 3,6 3,7 5,6 6,11 8,9 8,10 9,10 9,12 10,13 11,12 11,13
ENDCASE
CASE 14 1 T14_0817 3
EDGES 0,1 0,4 0,5 1,2 1,4 1,7 2,6 3,5 3,6 3,7 3,8 3,11 5,6 8,9 8,10 9,10 9,12 9,13 11,12 12,13
ENDCASE
CASE 14 1 T14_0818 3
EDGES 0,1 0,4 0,5 1,2 1,4 1,7 2,6 3,5 3,6 3,7 3,8 3,11 5,6 8,9 8,10 9,10 9,12 10,13 11,12 11,13
ENDCASE
CASE 14 1 T14_0819 3
EDGES 0,1 0,4 0,5 1,2 1,4 1,7 2,6 3,5 3,6 3,7 3,8 3,11 5,6 8,9 8,10 9,10 9,12 11,12 11,13 12,13
ENDCASE
CASE 14 1 T14_0820 0
EDGES 0,1 0,4 0,5 1,2 1,4 1,7 2,6 3,5 3,6 3,7 3,8 5,6 7,11 8,9 8,10 9,10 9,12 10,13 11,12 11,13
ENDCASE
CASE 14 1 T14_0820 1
EDGES 0,1 0,4 0,5 1,2 1,4 1,7 2,6 3,5 3,6 3,7 3,8 5,6 7,11 8,9 8,10 9,10 9,12 10,13 11,12 11,13
ENDCASE
CASE 14 1 T14_0820 2
EDGES 0,1 0,4 0,5 1,2 1,4 1,7 2,6 3,5 3,6 3,7 3,8 5,6 7,11 8,9 8,10 9,10 9,12 10,13 11,12 11,13
ENDCASE
CASE 14 1 T14_0820 3
EDGES 0,1 0,4 0,5 1,2 1,4 1,7 2,6 3,5 3,6 3,7 3,8 5,6 7,11 8,9 8,10 9,10 9,12 10,13 11,12 11,13
ENDCASE
CASE 14 1 T14_0820 4
EDGES 0,1 0,4 0,5 1,2 1,4 1,7 2,6 3,5 3,6 3,7 3,8 5,6 7,11 8,9 8,10 9,10 9,12 10,13 11,12 11,13
ENDCASE
CASE 14 1 T14_0820 5
EDGES 0,1 0,4 0,5 1,2 1,4 1,7 2,6 3,5 3,6 3,7 3,8 5,6 7,11 8,9 8,10 9,10 9,12 10,13 11,12 11,13
ENDCASE
CASE 14 1 T14_0820 6
EDGES 0,1 0,4 0,5 1,2 1,4 1,7 2,6 3,5 3,6 3,7 3,8 5,6 7,11 8,9 8,10 9,10 9,12 10,13 11,12 11,13
ENDCASE
CASE 14 1 T14_0820 7
EDGES 0,1 0,4 0,5 1,2 1,4 1,7 2,6 3,5 3,6 3,7 3,8 5,6 7,11 8,9 8,10 9,10 9,12 10,13 11,12 11,13
ENDCASE
CASE 14 1 T14_0820 8
EDGES 0,1 0,4 0,5 1,2 1,4 1,7 2,6 3,5 3,6 3,7 3,8 5,6 7,11 8,9 8,10 9,10 9,12 10,13 11,12 11,13
ENDCASE
CASE 14 1 T14_0820 9
EDGES 0,1 0,4 0,5 1,2 1,4 1,7 2,6 3,5 3,6 3,7 3,8 5,6 7,11 8,9 8,10 9,10 9,12 10,13 11,12 11,13
ENDCASE
CASE 14 1 T14_0820 10
EDGES 0,1 0,4 0,5 1,2 1,4 1,7 2,6 3,5 3,6 3,7 3,8 5,6 7,11 8,9 8,10 9,10 9,12 10,13 11,12 11,13
ENDCASE
CASE 14 1 T14_0820 11
EDGES 0,1 0,4 0,5 1,2 1,4 1,7 2,6 3,5 3,6 3,7 3,8 5,6 7,11 8,9 8,10 9,10 9,12 10,13 11,12 11,13
ENDCASE
CASE 14 1 T14_0820 12
EDGES 0,1 0,4 0,5 1,2 1,4 1,7 2,6 3,5 3,6 3,7 3,8 5,6 7,11 8,9 8,10 9,10 9,12 10,13 11,12 11,13
ENDCASE
CASE 14 1 T14_0820 13
EDGES 0,1 0,4 0,5 1,2 1,4 1,7 2,6 3,5 3,6 3,7 3,8 5,6 7,11 8,9 8,10 9,10 9,12 10,13 11,12 11,13
ENDCASE
CASE 14 1 T14_0821 0
EDGES 0,1 0,4 0,5 1,2 1,4 1,7 2,6 3,5 3,6 3,7 4,8 4,11 5,6 8,9 8,10 9,10 9,12 9,13 11,12 12,13
ENDCASE
CASE 14 1 T14_0821 1
EDGES 0,1 0,4 0,5 1,2 1,4 1,7 2,6 3,5 3,6 3,7 4,8 4,11 5,6 8,9 8,10 9,10 9,12 9,13 11,12 12,13
ENDCASE
CASE 14 1 T14_0821 2
EDGES 0,1 0,4 0,5 1,2 1,4 1,7 2,6 3,5 3,6 3,7 4,8 4,11 5,6 8,9 8,10 9,10 9,12 9,13 11,12 12,13
ENDCASE
CASE 14 1 T14_0821 3
EDGES 0,1 0,4 0,5 1,2 1,4 1,7 2,6 3,5 3,6 3,7 4,8 4,11 5,6 8,9 8,10 9,10 9,12 9,13 11,12 12,13
ENDCASE
CASE 14 1 T14_0821 4
EDGES 0,1 0,4 0,5 1,2 1,4 1,7 2,6 3,5 3,6 3,7 4,8 4,11 5,6 8,9 8,10 9,10 9,12 9,13 11,12 12,13
ENDCASE
CASE 14 1 T14_0821 5
EDGES 0,1 0,4 0,5 1,2 1,4 1,7 2,6 3,5 3,6 3,7 4,8 4,11 5,6 8,9 8,10 9,10 9,12 9,13 11,12 12,13
ENDCASE
CASE 14 1 T14_0821 6
EDGES 0,1 0,4 0,5 1,2 1,4 1,7 2,6 3,5 3,6 3,7 4,8 4,11 5,6 8,9 8,10 9,10 9,12 9,13 11,12 12,13
ENDCASE
CASE 14 1 T14_0821 7
EDGES 0,1 0,4 0,5 1,2 1,4 1,7 2,6 3,5 3,6 3,7 4,8 4,11 5,6 8,9 8,10 9,10 9,12 9,13 11,12 12,13
ENDCASE
CASE 14 1 T14_0821 8
EDGES 0,1 0,4 0,5 1,2 1,4 1,7 2,6 3,5 3,6 3,7 4,8 4,11 5,6 8,9 8,10 9,10 9,12 9,13 11,12 12,13
ENDCASE
CASE 14 1 T14_0821 9
EDGES 0,1 0,4 0,5 1,2 1,4 1,7 2,6 3,5 3,6 3,7 4,8 4,11 5,6 8,9 8,10 9,10 9,12 9,13 11,12 12,13
ENDCASE
CASE 14 1 T14_0821 10
EDGES 0,1 0,4 0,5 1,2 1,4 1,7 2,6 3,5 3,6 3,7 4,8 4,11 5,6 8,9 8,10 9,10 9,12 9,13 11,12 12,13
ENDCASE
CASE 14 1 T14_0821 11
EDGES 0,1 0,4 0,5 1,2 1,4 1,7 2,6 3,5 3,6 3,7 4,8 4,11 5,6 8,9 8,10 9,10 9,12 9,13 11,12 12,13
ENDCASE
CASE 14 1 T14_0821 12
EDGES 0,1 0,4 0,5 1,2 1,4 1,7 2,6 3,5 3,6 3,7 4,8 4,11 5,6 8,9 8,10 9,10 9,12 9,13 11,12 12,13
ENDCASE
CASE 14 1 T14_0821 13
EDGES 0,1 0,4 0,5 1,2 1,4 1,7 2,6 3,5 3,6 3,7 4,8 4,11 5,6 8,9 8,10 9,10 9,12 9,13 11,12 12,13
ENDCASE
CASE 14 1 T14_0822 0
EDGES 0,1 0,4 0,5 1,2 1,4 1,7 2,6 3,5 3,6 3,7 4,8 4,11 5,6 8,9 8,10 9,10 9,12 10,13 11,12 11,13
ENDCASE
CASE 14 1 T14_0822 1
EDGES 0,1 0,4 0,5 1,2 1,4 1,7 2,6 3,5 3,6 3,7 4,8 4,11 5,6 8,9 8,10 9,10 9,12 10,13 11,12 11,13
ENDCASE
CASE 14 1 T14_0822 2
EDGES 0,1 0,4 0,5 1,2 1,4 1,7 2,6 3,5 3,6 3,7 4,8 4,11 5,6 8,9 8,10 9,10 9,12 10,13 11,12 11,13
ENDCASE
CASE 14 1 T14_0822 3
EDGES 0,1 0,4 0,5 1,2 1,4 1,7 2,6 3,5 3,6 3,7 4,8 4,11 5,6 8,9 8,10 9,10 9,12 10,13 11,12 11,13
ENDCASE
CASE 14 1 T14_0822 4
EDGES 0,1 0,4 0,5 1,2 1,4 1,7 2,6 3,5 3,6 3,7 4,8 4,11 5,6 8,9 8,10 9,10 9,12 10,13 11,12 11,13
ENDCASE
CASE 14 1 T14_0822 5
EDGES 0,1 0,4 0,5 1,2 1,4 1,7 2,6 3,5 3,6 3,7 4,8 4,11 5,6 8,9 8,10 9,10 9,12 10,13 11,12 11,13
ENDCASE
CASE 14 1 T14_0822 6
EDGES 0,1 0,4 0,5 1,2 1,4 1,7 2,6 3,5 3,6 3,7 4,8 4,11 5,6 8,9 8,10 9,10 9,12 10,13 11,12 11,13
ENDCASE
CASE 14 1 T14_0822 7
EDGES 0,1 0,4 0,5 1,2 1,4 1,7 2,6 3,5 3,6 3,7 4,8 4,11 5,6 8,9 8,10 9,10 9,12 10,13 11,12 11,13
ENDCASE
CASE 14 1 T14_0822 8
EDGES 0,1 0,4 0,5 1,2 1,4 1,7 2,6 3,5 3,6 3,7 4,8 4,11 5,6 8,9 8,10 9,10 9,12 10,13 11,12 11,13
ENDCASE
CASE 14 1 T14_0822 9
EDGES 0,1 0,4 0,5 1,2 1,4 1,7 2,6 3,5 3,6 3,7 4,8 4,11 5,6 8,9 8,10 9,10 9,12 10,13 11,12 11,13
ENDCASE
CASE 14 1 T14_0822 10
EDGES 0,1 0,4 0,5 1,2 1,4 1,7 2,6 3,5 3,6 3,7 4,8 4,11 5,6 8,9 8,10 9,10 9,12 10,13 11,12 11,13
ENDCASE
CASE 14 1 T14_0822 11
EDGES 0,1 0,4 0,5 1,2 1,4 1,7 2,6 3,5 3,6 3,7 4,8 4,11 5,6 8,9 8,10 9,10 9,12 10,13 11,12 11,13
ENDCASE
CASE 14 1 T14_0822 12
EDGES 0,1 0,4 0,5 1,2 1,4 1,7 2,6 3,5 3,6 3,7 4,8 4,11 5,6 8,9 8,10 9,10 9,12 10,13 11,12 11,13
ENDCASE
CASE 14 1 T14_0822 13
EDGES 0,1 0,4 0,5 1,2 1,4 1,7 2,6 3,5 3,6 3,7 4,8 4,11 5,6 8,9 8,10 9,10 9,12 10,13 11,12 11,13
ENDCASE
CASE 14 1 T14_0823 0
EDGES 0,1 0,4 0,5 1,2 1,4 1,7 2,6 3,5 3,6 3,7 4,8 4,11 5,6 8,9 8,10 9,10 9,12 11,12 11,13 12,13
ENDCASE
CASE 14 1 T14_0823 1
EDGES 0,1 0,4 0,5 1,2 1,4 1,7 2,6 3,5 3,6 3,7 4,8 4,11 5,6 8,9 8,10 9,10 9,12 11,12 11,13 12,13
ENDCASE
CASE 14 1 T14_0823 2
EDGES 0,1 0,4 0,5 1,2 1,4 1,7 2,6 3,5 3,6 3,7 4,8 4,11 5,6 8,9 8,10 9,10 9,12 11,12 11,13 12,13
ENDCASE
CASE 14 1 T14_0823 3
EDGES 0,1 0,4 0,5 1,2 1,4 1,7 2,6 3,5 3,6 3,7 4,8 4,11 5,6 8,9 8,10 9,10 9,12 11,12 11,13 12,13
ENDCASE
CASE 14 1 T14_0823 4
EDGES 0,1 0,4 0,5 1,2 1,4 1,7 2,6 3,5 3,6 3,7 4,8 4,11 5,6 8,9 8,10 9,10 9,12 11,12 11,13 12,13
ENDCASE
CASE 14 1 T14_0823 5
EDGES 0,1 0,4 0,5 1,2 1,4 1,7 2,6 3,5 3,6 3,7 4,8 4,11 5,6 8,9 8,10 9,10 9,12 11,12 11,13 12,13
ENDCASE
CASE 14 1 T14_0823 6
EDGES 0,1 0,4 0,5 1,2 1,4 1,7 2,6 3,5 3,6 3,7 4,8 4,11 5,6 8,9 8,10 9,10 9,12 11,12 11,13 12,13
ENDCASE
CASE 14 1 T14_0823 7
EDGES 0,1 0,4 0,5 1,2 1,4 1,7 2,6 3,5 3,6 3,7 4,8 4,11 5,6 8,9 8,10 9,10 9,12 11,12 11,13 12,13
ENDCASE
CASE 14 1 T14_0823 8
EDGES 0,1 0,4 0,5 1,2 1,4 1,7 2,6 3,5 3,6 3,7 4,8 4,11 5,6 8,9 8,10 9,10 9,12 11,12 11,13 12,13
ENDCASE
CASE 14 1 T14_0823 9
EDGES 0,1 0,4 0,5 1,2 1,4 1,7 2,6 3,5 3,6 3,7 4,8 4,11 5,6 8,9 8,10 9,10 9,12 11,12 11,13 12,13
ENDCASE
CASE 14 1 T14_0823 10
EDGES 0,1 0,4 0,5 1,2 1,4 1,7 2,6 3,5 3,6 3,7 4,8 4,11 5,6 8,9 8,10 9,10 9,12 11,12 11,13 12,13
ENDCASE
CASE 14 1 T14_0823 11
EDGES 0,1 0,4 0,5 1,2 1,4 1,7 2,6 3,5 3,6 3,7 4,8 4,11 5,6 8,9 8,10 9,10 9,12 11,12 11,13 12,13
ENDCASE
CASE 14 1 T14_0823 12
EDGES 0,1 0,4 0,5 1,2 1,4 1,7 2,6 3,5 3,6 3,7 4,8 4,11 5,6 8,9 8,10 9,10 9,12 11,12 11,13 12,13
ENDCASE
CASE 14 1 T14_0823 13
EDGES 0,1 0,4 0,5 1,2 1,4 1,7 2,6 3,5 3,6 3,7 4,8 4,11 5,6 8,9 8,10 9,10 9,12 11,12 11,13 12,13
ENDCASE
CASE 14 1 T14_0824 0
EDGES 0,1 0,4 0,5 0,11 1,2 1,4 1,7 2,6 3,5 3,6 3,7 5,6 5,8 8,9 8,10 9,10 9,12 10,13 11,12 11,13
ENDCASE
CASE 14 1 T14_0824 1
EDGES 0,1 0,4 0,5 0,11 1,2 1,4 1,7 2,6 3,5 3,6 3,7 5,6 5,8 8,9 8,10 9,10 9,12 10,13 11,12 11,13
ENDCASE
CASE 14 1 T14_0824 2
EDGES 0,1 0,4 0,5 0,11 1,2 1,4 1,7 2,6 3,5 3,6 3,7 5,6 5,8 8,9 8,10 9,10 9,12 10,13 11,12 11,13
ENDCASE
CASE 14 1 T14_0824 3
EDGES 0,1 0,4 0,5 0,11 1,2 1,4 1,7 2,6 3,5 3,6 3,7 5,6 5,8 8,9 8,10 9,10 9,12 10,13 11,12 11,13
ENDCASE
CASE 14 1 T14_0824 4
EDGES 0,1 0,4 0,5 0,11 1,2 1,4 1,7 2,6 3,5 3,6 3,7 5,6 5,8 8,9 8,10 9,10 9,12 10,13 11,12 11,13
ENDCASE
CASE 14 1 T14_0824 5
EDGES 0,1 0,4 0,5 0,11 1,2 1,4 1,7 2,6 3,5 3,6 3,7 5,6 5,8 8,9 8,10 9,10 9,12 10,13 11,12 11,13
ENDCASE
CASE 14 1 T14_0824 6
EDGES 0,1 0,4 0,5 0,11 1,2 1,4 1,7 2,6 3,5 3,6 3,7 5,6 5,8 8,9 8,10 9,10 9,12 10,13 11,12 11,13
ENDCASE
CASE 14 1 T14_0824 7
EDGES 0,1 0,4 0,5 0,11 1,2 1,4 1,7 2,6 3,5 3,6 3,7 5,6 5,8 8,9 8,10 9,10 9,12 10,13 11,12 11,13
ENDCASE
CASE 14 1 T14_0824 8
EDGES 0,1 0,4 0,5 0,11 1,2 1,4 1,7 2,6 3,5 3,6 3,7 5,6 5,8 8,9 8,10 9,10 9,12 10,13 11,12 11,13
ENDCASE
CASE 14 1 T14_0824 9
EDGES 0,1 0,4 0,5 0,11 1,2 1,4 1,7 2,6 3,5 3,6 3,7 5,6 5,8 8,9 8,10 9,10 9,12 10,13 11,12 11,13
ENDCASE
CASE 14 1 T14_0824 10
EDGES 0,1 0,4 0,5 0,11 1,2 1,4 1,7 2,6 3,5 3,6 3,7 5,6 5,8 8,9 8,10 9,10 9,12 10,13 11,12 11,13
ENDCASE
CASE 14 1 T14_0824 11
EDGES 0,1 0,4 0,5 0,11 1,2 1,4 1,7 2,6 3,5 3,6 3,7 5,6 5,8 8,9 8,10 9,10 9,12 10,13 11,12 11,13
ENDCASE
CASE 14 1 T14_0824 12
EDGES 0,1 0,4 0,5 0,11 1,2 1,4 1,7 2,6 3,5 3,6 3,7 5,6 5,8 8,9 8,10 9,10 9,12 10,13 11,12 11,13
ENDCASE
CASE 14 1 T14_0824 13
EDGES 0,1 0,4 0,5 0,11 1,2 1,4 1,7 2,6 3,5 3,6 3,7 5,6 5,8 8,9 8,10 9,10 9,12 10,13 11,12 11,13
ENDCASE
CASE 14 1 T14_0825 5
EDGES 0,1 0,4 0,5 1,2 1,4 1,7 2,6 3,5 3,6 3,7 5,6 5,8 5,11 8,9 8,10 9,10 9,12 9,13 11,12 12,13
ENDCASE
CASE 14 1 T14_0826 5
EDGES 0,1 0,4 0,5 1,2 1,4 1,7 2,6 3,5 3,6 3,7 5,6 5,8 5,11 8,9 8,10 9,10 9,12 10,13 11,12 11,13
ENDCASE
CASE 14 1 T14_0827 5
EDGES 0,1 0,4 0,5 1,2 1,4 1,7 2,6 3,5 3,6 3,7 5,6 5,8 5,11 8,9 8,10 9,10 9,12 11,12 11,13 12,13
ENDCASE
CASE 14 1 T14_0831 1
EDGES 0,1 0,4 1,2 1,6 1,7 1,8 2,3 3,4 3,5 4,5 5,6 7,8 7,9 7,10 8,11 9,10 9,12 10,13 11,12 11,13
ENDCASE
CASE 14 1 T14_0832 1
EDGES 0,1 0,2 0,4 0,5 1,2 1,7 1,8 1,9 2,3 3,6 4,5 5,6 6,7 7,13 8,10 9,11 10,11 10,12 11,12 12,13
ENDCASE
CASE 14 1 T14_0833 0
EDGES 0,1 0,2 0,4 0,5 1,2 1,7 1,8 2,3 3,6 4,5 5,6 6,7 7,9 7,13 8,10 9,11 10,11 10,12 11,12 12,13
ENDCASE
CASE 14 1 T14_0833 1
EDGES 0,1 0,2 0,4 0,5 1,2 1,7 1,8 2,3 3,6 4,5 5,6 6,7 7,9 7,13 8,10 9,11 10,11 10,12 11,12 12,13
ENDCASE
CASE 14 1 T14_0833 2
EDGES 0,1 0,2 0,4 0,5 1,2 1,7 1,8 2,3 3,6 4,5 5,6 6,7 7,9 7,13 8,10 9,11 10,11 10,12 11,12 12,13
ENDCASE
CASE 14 1 T14_0833 3
EDGES 0,1 0,2 0,4 0,5 1,2 1,7 1,8 2,3 3,6 4,5 5,6 6,7 7,9 7,13 8,10 9,11 10,11 10,12 11,12 12,13
ENDCASE
CASE 14 1 T14_0833 4
EDGES 0,1 0,2 0,4 0,5 1,2 1,7 1,8 2,3 3,6 4,5 5,6 6,7 7,9 7,13 8,10 9,11 10,11 10,12 11,12 12,13
ENDCASE
CASE 14 1 T14_0833 5
EDGES 0,1 0,2 0,4 0,5 1,2 1,7 1,8 2,3 3,6 4,5 5,6 6,7 7,9 7,13 8,10 9,11 10,11 10,12 11,12 12,13
ENDCASE
CASE 14 1 T14_0833 6
EDGES 0,1 0,2 0,4 0,5 1,2 1,7 1,8 2,3 3,6 4,5 5,6 6,7 7,9 7,13 8,10 9,11 10,11 10,12 11,12 12,13
ENDCASE
CASE 14 1 T14_0833 7
EDGES 0,1 0,2 0,4 0,5 1,2 1,7 1,8 2,3 3,6 4,5 5,6 6,7 7,9 7,13 8,10 9,11 10,11 10,12 11,12 12,13
ENDCASE
CASE 14 1 T14_0833 8
EDGES 0,1 0,2 0,4 0,5 1,2 1,7 1,8 2,3 3,6 4,5 5,6 6,7 7,9 7,13 8,10 9,11 10,11 10,12 11,12 12,13
ENDCASE
CASE 14 1 T14_0833 9
EDGES 0,1 0,2 0,4 0,5 1,2 1,7 1,8 2,3 3,6 4,5 5,6 6,7 7,9 7,13 8,10 9,11 10,11 10,12 11,12 12,13
ENDCASE
CASE 14 1 T14_0833 10
EDGES 0,1 0,2 0,4 0,5 1,2 1,7 1,8 2,3 3,6 4,5 5,6 6,7 7,9 7,13 8,10 9,11 10,11 10,12 11,12 12,13
ENDCASE
CASE 14 1 T14_0833 11
EDGES 0,1 0,2 0,4 0,5 1,2 1,7 1,8 2,3 3,6 4,5 5,6 6,7 7,9 7,13 8,10 9,11 10,11 10,12 11,12 12,13
ENDCASE
CASE 14 1 T14_0833 12
EDGES 0,1 0,2 0,4 0,5 1,2 1,7 1,8 2,3 3,6 4,5 5,6 6,7 7,9 7,13 8,10 9,11 10,11 10,12 11,12 12,13
ENDCASE
CASE 14 1 T14_0833 13
EDGES 0,1 0,2 0,4 0,5 1,2 1,7 1,8 2,3 3,6 4,5 5,6 6,7 7,9 7,13 8,10 9,11 10,11 10,12 11,12 12,13
ENDCASE
CASE 14 1 T14_0834 3
EDGES 0,1 0,2 0,4 0,5 1,2 1,7 2,3 3,6 3,8 3,9 3,13 4,5 5,6 6,7 8,10 9,11 10,11 10,12 11,12 12,13
ENDCASE
CASE 14 1 T14_0835 0
EDGES 0,1 0,2 0,4 0,5 1,2 1,7 2,3 3,6 3,8 3,9 4,5 5,6 6,7 6,13 8,10 9,11 10,11 10,12 11,12 12,13
ENDCASE
CASE 14 1 T14_0835 1
EDGES 0,1 0,2 0,4 0,5 1,2 1,7 2,3 3,6 3,8 3,9 4,5 5,6 6,7 6,13 8,10 9,11 10,11 10,12 11,12 12,13
ENDCASE
CASE 14 1 T14_0835 2
EDGES 0,1 0,2 0,4 0,5 1,2 1,7 2,3 3,6 3,8 3,9 4,5 5,6 6,7 6,13 8,10 9,11 10,11 10,12 11,12 12,13
ENDCASE
CASE 14 1 T14_0835 3
EDGES 0,1 0,2 0,4 0,5 1,2 1,7 2,3 3,6 3,8 3,9 4,5 5,6 6,7 6,13 8,10 9,11 10,11 10,12 11,12 12,13
ENDCASE
CASE 14 1 T14_0835 4
EDGES 0,1 0,2 0,4 0,5 1,2 1,7 2,3 3,6 3,8 3,9 4,5 5,6 6,7 6,13 8,10 9,11 10,11 10,12 11,12 12,13
ENDCASE
CASE 14 1 T14_0835 5
EDGES 0,1 0,2 0,4 0,5 1,2 1,7 2,3 3,6 3,8 3,9 4,5 5,6 6,7 6,13 8,10 9,11 10,11 10,12 11,12 12,13
ENDCASE
CASE 14 1 T14_0835 6
EDGES 0,1 0,2 0,4 0,5 1,2 1,7 2,3 3,6 3,8 3,9 4,5 5,6 6,7 6,13 8,10 9,11 10,11 10,12 11,12 12,13
ENDCASE
CASE 14 1 T14_0835 7
EDGES 0,1 0,2 0,4 0,5 1,2 1,7 2,3 3,6 3,8 3,9 4,5 5,6 6,7 6,13 8,10 9,11 10,11 10,12 11,12 12,13
ENDCASE
CASE 14 1 T14_0835 8
EDGES 0,1 0,2 0,4 0,5 1,2 1,7 2,3 3,6 3,8 3,9 4,5 5,6 6,7 6,13 8,10 9,11 10,11 10,12 11,12 12,13
ENDCASE
CASE 14 1 T14_0835 9
EDGES 0,1 0,2 0,4 0,5 1,2 1,7 2,3 3,6 3,8 3,9 4,5 5,6 6,7 6,13 8,10 9,11 10,11 10,12 11,12 12,13
ENDCASE
CASE 14 1 T14_0835 10
EDGES 0,1 0,2 0,4 0,5 1,2 1,7 2,3 3,6 3,8 3,9 4,5 5,6 6,7 6,13 8,10 9,11 10,11 10,12 11,12 12,13
ENDCASE
CASE 14 1 T14_0835 11
EDGES 0,1 0,2 0,4 0,5 1,2 1,7 2,3 3,6 3,8 3,9 4,5 5,6 6,7 6,13 8,10 9,11 10,11 10,12 11,12 12,13
ENDCASE
CASE 14 1 T14_0835 12
EDGES 0,1 0,2 0,4 0,5 1,2 1,7 2,3 3,6 3,8 3,9 4,5 5,6 6,7 6,13 8,10 9,11 10,11 10,12 11,12 12,13
ENDCASE
CASE 14 1 T14_0835 13
EDGES 0,1 0,2 0,4 0,5 1,2 1,7 2,3 3,6 3,8 3,9 4,5 5,6 6,7 6,13 8,10 9,11 10,11 10,12 11,12 12,13
ENDCASE
CASE 14 1 T14_0836 6
EDGES 0,1 0,2 0,4 0,5 1,2 1,7 2,3 3,6 3,8 4,5 5,6 6,7 6,9 6,13 8,10 9,11 10,11 10,12 11,12 12,13
ENDCASE
CASE 14 1 T14_0837 5
EDGES 0,1 0,2 0,4 0,5 1,2 1,7 2,3 3,6 4,5 5,6 5,8 5,9 6,7 6,13 8,10 9,11 10,11 10,12 11,12 12,13
ENDCASE
CASE 14 1 T14_0838 6
EDGES 0,1 0,2 0,4 0,5 1,2 1,7 2,3 3,6 4,5 5,6 5,8 6,7 6,9 6,13 8,10 9,11 10,11 10,12 11,12 12,13
ENDCASE
CASE 14 1 T14_0841 0
EDGES 0,1 0,4 0,5 0,8 0,9 1,2 1,4 1,7 2,6 3,5 3,6 3,7 5,6 5,13 8,10 9,11 10,11 10,12 11,12 12,13
ENDCASE
CASE 14 1 T14_0842 5
EDGES 0,1 0,4 0,5 0,8 1,2 1,4 1,7 2,6 3,5 3,6 3,7 5,6 5,9 5,13 8,10 9,11 10,11 10,12 11,12 12,13
ENDCASE
CASE 14 1 T14_0845 1
EDGES 0,1 0,4 0,5 1,2 1,4 1,7 1,8 2,6 2,9 2,13 3,5 3,6 3,7 5,6 8,10 9,11 10,11 10,12 11,12 12,13
ENDCASE
CASE 14 1 T14_0846 2
EDGES 0,1 0,4 0,5 1,2 1,4 1,7 2,6 2,8 2,9 2,13 3,5 3,6 3,7 5,6 8,10 9,11 10,11 10,12 11,12 12,13
ENDCASE
CASE 14 1 T14_0847 0
EDGES 0,1 0,4 0,5 1,2 1,4 1,7 2,6 2,8 2,9 3,5 3,6 3,7 5,6 6,13 8,10 9,11 10,11 10,12 11,12 12,13
ENDCASE
CASE 14 1 T14_0847 1
EDGES 0,1 0,4 0,5 1,2 1,4 1,7 2,6 2,8 2,9 3,5 3,6 3,7 5,6 6,13 8,10 9,11 10,11 10,12 11,12 12,13
ENDCASE
CASE 14 1 T14_0847 2
EDGES 0,1 0,4 0,5 1,2 1,4 1,7 2,6 2,8 2,9 3,5 3,6 3,7 5,6 6,13 8,10 9,11 10,11 10,12 11,12 12,13
ENDCASE
CASE 14 1 T14_0847 3
EDGES 0,1 0,4 0,5 1,2 1,4 1,7 2,6 2,8 2,9 3,5 3,6 3,7 5,6 6,13 8,10 9,11 10,11 10,12 11,12 12,13
ENDCASE
CASE 14 1 T14_0847 4
EDGES 0,1 0,4 0,5 1,2 1,4 1,7 2,6 2,8 2,9 3,5 3,6 3,7 5,6 6,13 8,10 9,11 10,11 10,12 11,12 12,13
ENDCASE
CASE 14 1 T14_0847 5
EDGES 0,1 0,4 0,5 1,2 1,4 1,7 2,6 2,8 2,9 3,5 3,6 3,7 5,6 6,13 8,10 9,11 10,11 10,12 11,12 12,13
ENDCASE
CASE 14 1 T14_0847 6
EDGES 0,1 0,4 0,5 1,2 1,4 1,7 2,6 2,8 2,9 3,5 3,6 3,7 5,6 6,13 8,10 9,11 10,11 10,12 11,12 12,13
ENDCASE
CASE 14 1 T14_0847 7
EDGES 0,1 0,4 0,5 1,2 1,4 1,7 2,6 2,8 2,9 3,5 3,6 3,7 5,6 6,13 8,10 9,11 10,11 10,12 11,12 12,13
ENDCASE
CASE 14 1 T14_0847 8
EDGES 0,1 0,4 0,5 1,2 1,4 1,7 2,6 2,8 2,9 3,5 3,6 3,7 5,6 6,13 8,10 9,11 10,11 10,12 11,12 12,13
ENDCASE
CASE 14 1 T14_0847 9
EDGES 0,1 0,4 0,5 1,2 1,4 1,7 2,6 2,8 2,9 3,5 3,6 3,7 5,6 6,13 8,10 9,11 10,11 10,12 11,12 12,13
ENDCASE
CASE 14 1 T14_0847 10
EDGES 0,1 0,4 0,5 1,2 1,4 1,7 2,6 2,8 2,9 3,5 3,6 3,7 5,6 6,13 8,10 9,11 10,11 10,12 11,12 12,13
ENDCASE
CASE 14 1 T14_0847 11
EDGES 0,1 0,4 0,5 1,2 1,4 1,7 2,6 2,8 2,9 3,5 3,6 3,7 5,6 6,13 8,10 9,11 10,11 10,12 11,12 12,13
ENDCASE
CASE 14 1 T14_0847 12
EDGES 0,1 0,4 0,5 1,2 1,4 1,7 2,6 2,8 2,9 3,5 3,6 3,7 5,6 6,13 8,10 9,11 10,11 10,12 11,12 12,13
ENDCASE
CASE 14 1 T14_0847 13
EDGES 0,1 0,4 0,5 1,2 1,4 1,7 2,6 2,8 2,9 3,5 3,6 3,7 5,6 6,13 8,10 9,11 10,11 10,12 11,12 12,13
ENDCASE
CASE 14 1 T14_0848 6
EDGES 0,1 0,4 0,5 1,2 1,4 1,7 2,6 2,8 3,5 3,6 3,7 5,6 6,9 6,13 8,10 9,11 10,11 10,12 11,12 12,13
ENDCASE
CASE 14 1 T14_0850 4
EDGES 0,1 0,4 0,5 1,2 1,4 1,7 2,6 3,5 3,6 3,7 4,8 4,9 4,13 5,6 8,10 9,11 10,11 10,12 11,12 12,13
ENDCASE
CASE 15 0 T15_0020 -1
EDGES 0,1 0,2 0,4 0,5 1,2 1,7 2,3 3,6 3,13 3,14 4,5 4,8 4,9 5,6 5,10 6,7 8,9 8,11 9,12 10,11 10,12 13,14
ENDCASE
CASE 15 0 T15_0048 -1
EDGES 0,1 0,4 0,5 0,10 1,2 1,4 1,7 2,6 2,13 2,14 3,5 3,6 3,7 4,8 4,9 5,6 8,9 8,11 9,12 10,11 10,12 13,14
ENDCASE
CASE 15 0 T15_0055 -1
EDGES 0,1 0,4 0,5 0,10 1,2 1,4 1,7 2,6 3,5 3,6 3,7 4,8 4,9 5,6 8,9 8,11 9,12 10,11 10,12 11,13 11,14 13,14
ENDCASE
CASE 15 0 T15_0070 -1
EDGES 0,1 0,4 0,5 0,8 1,2 1,4 1,7 2,6 2,13 2,14 3,5 3,6 3,7 4,9 4,12 5,6 8,10 8,11 9,10 10,11 11,12 13,14
ENDCASE
CASE 15 0 T15_0100 -1
EDGES 0,1 0,2 0,4 0,5 1,2 1,7 2,3 3,6 3,8 3,9 4,5 5,6 6,7 8,9 8,10 8,11 9,12 10,11 10,13 11,14 12,13 12,14
ENDCASE
CASE 15 0 T15_0102 -1
EDGES 0,1 0,2 0,4 0,5 1,2 1,7 2,3 3,6 4,5 4,8 4,9 5,6 6,7 8,9 8,10 8,11 9,12 10,11 10,13 11,14 12,13 12,14
ENDCASE
CASE 15 0 T15_0119 -1
EDGES 0,1 0,4 0,5 1,2 1,4 1,7 2,6 2,8 2,9 3,5 3,6 3,7 5,6 8,9 8,10 8,11 9,12 10,11 10,13 11,14 12,13 12,14
ENDCASE
CASE 15 0 T15_0127 -1
EDGES 0,1 0,4 0,5 1,2 1,4 1,7 2,6 3,5 3,6 3,7 4,8 4,9 5,6 8,9 8,10 8,11 9,12 10,11 10,13 11,14 12,13 12,14
ENDCASE
CASE 15 0 T15_0136 -1
EDGES 0,1 0,2 0,4 0,5 1,2 1,7 2,3 3,6 3,8 3,9 4,5 5,6 6,7 8,9 8,10 9,11 9,14 10,12 10,13 11,12 12,13 13,14
ENDCASE
CASE 15 0 T15_0155 -1
EDGES 0,1 0,4 0,5 1,2 1,4 1,7 2,6 2,8 2,9 3,5 3,6 3,7 5,6 8,9 8,10 9,11 9,14 10,12 10,13 11,12 12,13 13,14
ENDCASE
CASE 15 0 T15_0160 -1
EDGES 0,1 0,4 0,5 1,2 1,4 1,7 2,6 3,5 3,6 3,7 4,8 4,9 5,6 8,9 8,10 9,11 9,14 10,12 10,13 11,12 12,13 13,14
ENDCASE
CASE 15 0 T15_0163 -1
EDGES 0,1 0,2 0,4 0,5 1,2 1,7 2,3 3,6 3,8 3,11 4,5 5,6 6,7 8,9 8,10 9,10 9,12 9,13 10,14 11,12 11,14 12,13
ENDCASE
CASE 15 0 T15_0164 -1
EDGES 0,1 0,2 0,4 0,5 1,2 1,7 2,3 3,6 3,8 3,11 4,5 5,6 6,7 8,9 8,10 9,10 9,12 10,13 11,12 11,13 11,14 12,14
ENDCASE
CASE 15 0 T15_0167 -1
EDGES 0,1 0,4 0,5 1,2 1,4 1,7 2,6 2,8 2,11 3,5 3,6 3,7 5,6 8,9 8,10 9,10 9,12 10,13 11,12 11,13 11,14 12,14
ENDCASE
CASE 15 1 T15_0009 0
EDGES 0,1 0,2 0,4 0,5 0,10 1,2 1,7 2,3 3,6 3,13 3,14 4,5 4,8 4,9 5,6 6,7 8,9 8,11 9,12 10,11 10,12 13,14
ENDCASE
CASE 15 1 T15_0016 0
EDGES 0,1 0,2 0,4 0,5 0,10 1,2 1,7 2,3 3,6 4,5 4,8 4,9 5,6 6,7 8,9 8,11 9,12 10,11 10,12 11,13 11,14 13,14
ENDCASE
CASE 15 1 T15_0018 0
EDGES 0,1 0,2 0,4 0,5 0,13 1,2 1,7 2,3 3,6 4,5 4,8 4,9 5,6 5,10 6,7 6,14 8,9 8,11 9,12 10,11 10,12 13,14
ENDCASE
CASE 15 1 T15_0019 1
EDGES 0,1 0,2 0,4 0,5 1,2 1,7 1,13 1,14 2,3 3,6 4,5 4,8 4,9 5,6 5,10 6,7 8,9 8,11 9,12 10,11 10,12 13,14
ENDCASE
CASE 15 1 T15_0020 0
EDGES 0,1 0,2 0,4 0,5 1,2 1,7 2,3 3,6 3,13 3,14 4,5 4,8 4,9 5,6 5,10 6,7 8,9 8,11 9,12 10,11 10,12 13,14
ENDCASE
CASE 15 1 T15_0020 1
EDGES 0,1 0,2 0,4 0,5 1,2 1,7 2,3 3,6 3,13 3,14 4,5 4,8 4,9 5,6 5,10 6,7 8,9 8,11 9,12 10,11 10,12 13,14
ENDCASE
CASE 15 1 T15_0020 2
EDGES 0,1 0,2 0,4 0,5 1,2 1,7 2,3 3,6 3,13 3,14 4,5 4,8 4,9 5,6 5,10 6,7 8,9 8,11 9,12 10,11 10,12 13,14
ENDCASE
CASE 15 1 T15_0020 3
EDGES 0,1 0,2 0,4 0,5 1,2 1,7 2,3 3,6 3,13 3,14 4,5 4,8 4,9 5,6 5,10 6,7 8,9 8,11 9,12 10,11 10,12 13,14
ENDCASE
CASE 15 1 T15_0020 4
EDGES 0,1 0,2 0,4 0,5 1,2 1,7 2,3 3,6 3,13 3,14 4,5 4,8 4,9 5,6 5,10 6,7 8,9 8,11 9,12 10,11 10,12 13,14
ENDCASE
CASE 15 1 T15_0020 5
EDGES 0,1 0,2 0,4 0,5 1,2 1,7 2,3 3,6 3,13 3,14 4,5 4,8 4,9 5,6 5,10 6,7 8,9 8,11 9,12 10,11 10,12 13,14
ENDCASE
CASE 15 1 T15_0020 6
EDGES 0,1 0,2 0,4 0,5 1,2 1,7 2,3 3,6 3,13 3,14 4,5 4,8 4,9 5,6 5,10 6,7 8,9 8,11 9,12 10,11 10,12 13,14
ENDCASE
CASE 15 1 T15_0020 7
EDGES 0,1 0,2 0,4 0,5 1,2 1,7 2,3 3,6 3,13 3,14 4,5 4,8 4,9 5,6 5,10 6,7 8,9 8,11 9,12 10,11 10,12 13,14
ENDCASE
CASE 15 1 T15_0020 8
EDGES 0,1 0,2 0,4 0,5 1,2 1,7 2,3 3,6 3,13 3,14 4,5 4,8 4,9 5,6 5,10 6,7 8,9 8,11 9,12 10,11 10,12 13,14
ENDCASE
CASE 15 1 T15_0020 9
EDGES 0,1 0,2 0,4 0,5 1,2 1,7 2,3 3,6 3,13 3,14 4,5 4,8 4,9 5,6 5,10 6,7 8,9 8,11 9,12 10,11 10,12 13,14
ENDCASE
CASE 15 1 T15_0020 10
EDGES 0,1 0,2 0,4 0,5 1,2 1,7 2,3 3,6 3,13 3,14 4,5 4,8 4,9 5,6 5,10 6,7 8,9 8,11 9,12 10,11 10,12 13,14
ENDCASE
CASE 15 1 T15_0020 11
EDGES 0,1 0,2 0,4 0,5 1,2 1,7 2,3 3,6 3,13 3,14 4,5 4,8 4,9 5,6 5,10 6,7 8,9 8,11 9,12 10,11 10,12 13,14
ENDCASE
CASE 15 1 T15_0020 12
EDGES 0,1 0,2 0,4 0,5 1,2 1,7 2,3 3,6 3,13 3,14 4,5 4,8 4,9 5,6 5,10 6,7 8,9 8,11 9,12 10,11 10,12 13,14
ENDCASE
CASE 15 1 T15_0020 13
EDGES 0,1 0,2 0,4 0,5 1,2 1,7 2,3 3,6 3,13 3,14 4,5 4,8 4,9 5,6 5,10 6,7 8,9 8,11 9,12 10,11 10,12 13,14
ENDCASE
CASE 15 1 T15_0020 14
EDGES 0,1 0,2 0,4 0,5 1,2 1,7 2,3 3,6 3,13 3,14 4,5 4,8 4,9 5,6 5,10 6,7 8,9 8,11 9,12 10,11 10,12 13,14
ENDCASE
CASE 15 1 T15_0022 6
EDGES 0,1 0,2 0,4 0,5 1,2 1,7 2,3 3,6 4,5 4,8 4,9 5,6 5,10 6,7 6,13 6,14 8,9 8,11 9,12 10,11 10,12 13,14
ENDCASE
CASE 15 1 T15_0027 0
EDGES 0,1 0,4 0,5 0,8 0,9 1,2 1,4 1,7 2,6 2,13 2,14 3,5 3,6 3,7 4,10 5,6 8,9 8,11 9,12 10,11 10,12 13,14
ENDCASE
CASE 15 1 T15_0033 0
EDGES 0,1 0,4 0,5 0,8 0,9 1,2 1,4 1,7 2,6 3,5 3,6 3,7 4,10 5,6 8,9 8,11 9,12 10,11 10,12 11,13 11,14 13,14
ENDCASE
CASE 15 1 T15_0047 1
EDGES 0,1 0,4 0,5 0,10 1,2 1,4 1,7 1,13 2,6 3,5 3,6 3,7 4,8 4,9 5,6 5,14 8,9 8,11 9,12 10,11 10,12 13,14
ENDCASE
CASE 15 1 T15_0048 0
EDGES 0,1 0,4 0,5 0,10 1,2 1,4 1,7 2,6 2,13 2,14 3,5 3,6 3,7 4,8 4,9 5,6 8,9 8,11 9,12 10,11 10,12 13,14
ENDCASE
CASE 15 1 T15_0048 1
EDGES 0,1 0,4 0,5 0,10 1,2 1,4 1,7 2,6 2,13 2,14 3,5 3,6 3,7 4,8 4,9 5,6 8,9 8,11 9,12 10,11 10,12 13,14
ENDCASE
CASE 15 1 T15_0048 2
EDGES 0,1 0,4 0,5 0,10 1,2 1,4 1,7 2,6 2,13 2,14 3,5 3,6 3,7 4,8 4,9 5,6 8,9 8,11 9,12 10,11 10,12 13,14
ENDCASE
CASE 15 1 T15_0048 3
EDGES 0,1 0,4 0,5 0,10 1,2 1,4 1,7 2,6 2,13 2,14 3,5 3,6 3,7 4,8 4,9 5,6 8,9 8,11 9,12 10,11 10,12 13,14
ENDCASE
CASE 15 1 T15_0048 4
EDGES 0,1 0,4 0,5 0,10 1,2 1,4 1,7 2,6 2,13 2,14 3,5 3,6 3,7 4,8 4,9 5,6 8,9 8,11 9,12 10,11 10,12 13,14
ENDCASE
CASE 15 1 T15_0048 5
EDGES 0,1 0,4 0,5 0,10 1,2 1,4 1,7 2,6 2,13 2,14 3,5 3,6 3,7 4,8 4,9 5,6 8,9 8,11 9,12 10,11 10,12 13,14
ENDCASE
CASE 15 1 T15_0048 6
EDGES 0,1 0,4 0,5 0,10 1,2 1,4 1,7 2,6 2,13 2,14 3,5 3,6 3,7 4,8 4,9 5,6 8,9 8,11 9,12 10,11 10,12 13,14
ENDCASE
CASE 15 1 T15_0048 7
EDGES 0,1 0,4 0,5 0,10 1,2 1,4 1,7 2,6 2,13 2,14 3,5 3,6 3,7 4,8 4,9 5,6 8,9 8,11 9,12 10,11 10,12 13,14
ENDCASE
CASE 15 1 T15_0048 8
EDGES 0,1 0,4 0,5 0,10 1,2 1,4 1,7 2,6 2,13 2,14 3,5 3,6 3,7 4,8 4,9 5,6 8,9 8,11 9,12 10,11 10,12 13,14
ENDCASE
CASE 15 1 T15_0048 9
EDGES 0,1 0,4 0,5 0,10 1,2 1,4 1,7 2,6 2,13 2,14 3,5 3,6 3,7 4,8 4,9 5,6 8,9 8,11 9,12 10,11 10,12 13,14
ENDCASE
CASE 15 1 T15_0048 10
EDGES 0,1 0,4 0,5 0,10 1,2 1,4 1,7 2,6 2,13 2,14 3,5 3,6 3,7 4,8 4,9 5,6 8,9 8,11 9,12 10,11 10,12 13,14
ENDCASE
CASE 15 1 T15_0048 11
EDGES 0,1 0,4 0,5 0,10 1,2 1,4 1,7 2,6 2,13 2,14 3,5 3,6 3,7 4,8 4,9 5,6 8,9 8,11 9,12 10,11 10,12 13,14
ENDCASE
CASE 15 1 T15_0048 12
EDGES 0,1 0,4 0,5 0,10 1,2 1,4 1,7 2,6 2,13 2,14 3,5 3,6 3,7 4,8 4,9 5,6 8,9 8,11 9,12 10,11 10,12 13,14
ENDCASE
CASE 15 1 T15_0048 13
EDGES 0,1 0,4 0,5 0,10 1,2 1,4 1,7 2,6 2,13 2,14 3,5 3,6 3,7 4,8 4,9 5,6 8,9 8,11 9,12 10,11 10,12 13,14
ENDCASE
CASE 15 1 T15_0048 14
EDGES 0,1 0,4 0,5 0,10 1,2 1,4 1,7 2,6 2,13 2,14 3,5 3,6 3,7 4,8 4,9 5,6 8,9 8,11 9,12 10,11 10,12 13,14
ENDCASE
CASE 15 1 T15_0049 3
EDGES 0,1 0,4 0,5 0,10 1,2 1,4 1,7 2,6 3,5 3,6 3,7 3,13 3,14 4,8 4,9 5,6 8,9 8,11 9,12 10,11 10,12 13,14
ENDCASE
CASE 15 1 T15_0051 4
EDGES 0,1 0,4 0,5 0,10 1,2 1,4 1,7 2,6 3,5 3,6 3,7 4,8 4,9 4,13 5,6 8,9 8,11 9,12 10,11 10,12 10,14 13,14
ENDCASE
CASE 15 1 T15_0052 5
EDGES 0,1 0,4 0,5 0,10 1,2 1,4 1,7 2,6 3,5 3,6 3,7 4,8 4,9 5,6 5,13 5,14 8,9 8,11 9,12 10,11 10,12 13,14
ENDCASE
CASE 15 1 T15_0053 8
EDGES 0,1 0,4 0,5 0,10 1,2 1,4 1,7 2,6 3,5 3,6 3,7 4,8 4,9 5,6 8,9 8,11 8,13 8,14 9,12 10,11 10,12 13,14
ENDCASE
CASE 15 1 T15_0054 10
EDGES 0,1 0,4 0,5 0,10 1,2 1,4 1,7 2,6 3,5 3,6 3,7 4,8 4,9 5,6 8,9 8,11 9,12 10,11 10,12 10,13 10,14 13,14
ENDCASE
CASE 15 1 T15_0055 0
EDGES 0,1 0,4 0,5 0,10 1,2 1,4 1,7 2,6 3,5 3,6 3,7 4,8 4,9 5,6 8,9 8,11 9,12 10,11 10,12 11,13 11,14 13,14
ENDCASE
CASE 15 1 T15_0055 1
EDGES 0,1 0,4 0,5 0,10 1,2 1,4 1,7 2,6 3,5 3,6 3,7 4,8 4,9 5,6 8,9 8,11 9,12 10,11 10,12 11,13 11,14 13,14
ENDCASE
CASE 15 1 T15_0055 2
EDGES 0,1 0,4 0,5 0,10 1,2 1,4 1,7 2,6 3,5 3,6 3,7 4,8 4,9 5,6 8,9 8,11 9,12 10,11 10,12 11,13 11,14 13,14
ENDCASE
CASE 15 1 T15_0055 3
EDGES 0,1 0,4 0,5 0,10 1,2 1,4 1,7 2,6 3,5 3,6 3,7 4,8 4,9 5,6 8,9 8,11 9,12 10,11 10,12 11,13 11,14 13,14
ENDCASE
CASE 15 1 T15_0055 4
EDGES 0,1 0,4 0,5 0,10 1,2 1,4 1,7 2,6 3,5 3,6 3,7 4,8 4,9 5,6 8,9 8,11 9,12 10,11 10,12 11,13 11,14 13,14
ENDCASE
CASE 15 1 T15_0055 5
EDGES 0,1 0,4 0,5 0,10 1,2 1,4 1,7 2,6 3,5 3,6 3,7 4,8 4,9 5,6 8,9 8,11 9,12 10,11 10,12 11,13 11,14 13,14
ENDCASE
CASE 15 1 T15_0055 6
EDGES 0,1 0,4 0,5 0,10 1,2 1,4 1,7 2,6 3,5 3,6 3,7 4,8 4,9 5,6 8,9 8,11 9,12 10,11 10,12 11,13 11,14 13,14
ENDCASE
CASE 15 1 T15_0055 7
EDGES 0,1 0,4 0,5 0,10 1,2 1,4 1,7 2,6 3,5 3,6 3,7 4,8 4,9 5,6 8,9 8,11 9,12 10,11 10,12 11,13 11,14 13,14
ENDCASE
CASE 15 1 T15_0055 8
EDGES 0,1 0,4 0,5 0,10 1,2 1,4 1,7 2,6 3,5 3,6 3,7 4,8 4,9 5,6 8,9 8,11 9,12 10,11 10,12 11,13 11,14 13,14
ENDCASE
CASE 15 1 T15_0055 9
EDGES 0,1 0,4 0,5 0,10 1,2 1,4 1,7 2,6 3,5 3,6 3,7 4,8 4,9 5,6 8,9 8,11 9,12 10,11 10,12 11,13 11,14 13,14
ENDCASE
CASE 15 1 T15_0055 10
EDGES 0,1 0,4 0,5 0,10 1,2 1,4 1,7 2,6 3,5 3,6 3,7 4,8 4,9 5,6 8,9 8,11 9,12 10,11 10,12 11,13 11,14 13,14
ENDCASE
CASE 15 1 T15_0055 11
EDGES 0,1 0,4 0,5 0,10 1,2 1,4 1,7 2,6 3,5 3,6 3,7 4,8 4,9 5,6 8,9 8,11 9,12 10,11 10,12 11,13 11,14 13,14
ENDCASE
CASE 15 1 T15_0055 12
EDGES 0,1 0,4 0,5 0,10 1,2 1,4 1,7 2,6 3,5 3,6 3,7 4,8 4,9 5,6 8,9 8,11 9,12 10,11 10,12 11,13 11,14 13,14
ENDCASE
CASE 15 1 T15_0055 13
EDGES 0,1 0,4 0,5 0,10 1,2 1,4 1,7 2,6 3,5 3,6 3,7 4,8 4,9 5,6 8,9 8,11 9,12 10,11 10,12 11,13 11,14 13,14
ENDCASE
CASE 15 1 T15_0055 14
EDGES 0,1 0,4 0,5 0,10 1,2 1,4 1,7 2,6 3,5 3,6 3,7 4,8 4,9 5,6 8,9 8,11 9,12 10,11 10,12 11,13 11,14 13,14
ENDCASE
CASE 15 1 T15_0059 1
EDGES 0,1 0,4 0,5 1,2 1,4 1,7 1,10 2,6 2,13 2,14 3,5 3,6 3,7 4,8 4,9 5,6 8,9 8,11 9,12 10,11 10,12 13,14
ENDCASE
CASE 15 1 T15_0066 1
EDGES 0,1 0,4 0,5 1,2 1,4 1,7 1,10 2,6 3,5 3,6 3,7 4,8 4,9 5,6 8,9 8,11 9,12 10,11 10,12 11,13 11,14 13,14
ENDCASE
CASE 15 1 T15_0069 1
EDGES 0,1 0,4 0,5 0,8 1,2 1,4 1,7 1,13 2,6 3,5 3,6 3,7 4,9 4,12 5,6 5,14 8,10 8,11 9,10 10,11 11,12 13,14
ENDCASE
CASE 15 1 T15_0070 0
EDGES 0,1 0,4 0,5 0,8 1,2 1,4 1,7 2,6 2,13 2,14 3,5 3,6 3,7 4,9 4,12 5,6 8,10 8,11 9,10 10,11 11,12 13,14
ENDCASE
CASE 15 1 T15_0070 1
EDGES 0,1 0,4 0,5 0,8 1,2 1,4 1,7 2,6 2,13 2,14 3,5 3,6 3,7 4,9 4,12 5,6 8,10 8,11 9,10 10,11 11,12 13,14
ENDCASE
CASE 15 1 T15_0070 2
EDGES 0,1 0,4 0,5 0,8 1,2 1,4 1,7 2,6 2,13 2,14 3,5 3,6 3,7 4,9 4,12 5,6 8,10 8,11 9,10 10,11 11,12 13,14
ENDCASE
CASE 15 1 T15_0070 3
EDGES 0,1 0,4 0,5 0,8 1,2 1,4 1,7 2,6 2,13 2,14 3,5 3,6 3,7 4,9 4,12 5,6 8,10 8,11 9,10 10,11 11,12 13,14
ENDCASE
CASE 15 1 T15_0070 4
EDGES 0,1 0,4 0,5 0,8 1,2 1,4 1,7 2,6 2,13 2,14 3,5 3,6 3,7 4,9 4,12 5,6 8,10 8,11 9,10 10,11 11,12 13,14
ENDCASE
CASE 15 1 T15_0070 5
EDGES 0,1 0,4 0,5 0,8 1,2 1,4 1,7 2,6 2,13 2,14 3,5 3,6 3,7 4,9 4,12 5,6 8,10 8,11 9,10 10,11 11,12 13,14
ENDCASE
CASE 15 1 T15_0070 6
EDGES 0,1 0,4 0,5 0,8 1,2 1,4 1,7 2,6 2,13 2,14 3,5 3,6 3,7 4,9 4,12 5,6 8,10 8,11 9,10 10,11 11,12 13,14
ENDCASE
CASE 15 1 T15_0070 7
EDGES 0,1 0,4 0,5 0,8 1,2 1,4 1,7 2,6 2,13 2,14 3,5 3,6 3,7 4,9 4,12 5,6 8,10 8,11 9,10 10,11 11,12 13,14
ENDCASE
CASE 15 1 T15_0070 8
EDGES 0,1 0,4 0,5 0,8 1,2 1,4 1,7 2,6 2,13 2,14 3,5 3,6 3,7 4,9 4,12 5,6 8,10 8,11 9,10 10,11 11,12 13,14
ENDCASE
CASE 15 1 T15_0070 9
EDGES 0,1 0,4 0,5 0,8 1,2 1,4 1,7 2,6 2,13 2,14 3,5 3,6 3,7 4,9 4,12 5,6 8,10 8,11 9,10 10,11 11,12 13,14
ENDCASE
CASE 15 1 T15_0070 10
EDGES 0,1 0,4 0,5 0,8 1,2 1,4 1,7 2,6 2,13 2,14 3,5 3,6 3,7 4,9 4,12 5,6 8,10 8,11 9,10 10,11 11,12 13,14
ENDCASE
CASE 15 1 T15_0070 11
EDGES 0,1 0,4 0,5 0,8 1,2 1,4 1,7 2,6 2,13 2,14 3,5 3,6 3,7 4,9 4,12 5,6 8,10 8,11 9,10 10,11 11,12 13,14
ENDCASE
CASE 15 1 T15_0070 12
EDGES 0,1 0,4 0,5 0,8 1,2 1,4 1,7 2,6 2,13 2,14 3,5 3,6 3,7 4,9 4,12 5,6 8,10 8,11 9,10 10,11 11,12 13,14
ENDCASE
CASE 15 1 T15_0070 13
EDGES 0,1 0,4 0,5 0,8 1,2 1,4 1,7 2,6 2,13 2,14 3,5 3,6 3,7 4,9 4,12 5,6 8,10 8,11 9,10 10,11 11,12 13,14
ENDCASE
CASE 15 1 T15_0070 14
EDGES 0,1 0,4 0,5 0,8 1,2 1,4 1,7 2,6 2,13 2,14 3,5 3,6 3,7 4,9 4,12 5,6 8,10 8,11 9,10 10,11 11,12 13,14
ENDCASE
CASE 15 1 T15_0071 3
EDGES 0,1 0,4 0,5 0,8 1,2 1,4 1,7 2,6 3,5 3,6 3,7 3,13 3,14 4,9 4,12 5,6 8,10 8,11 9,10 10,11 11,12 13,14
ENDCASE
CASE 15 1 T15_0072 5
EDGES 0,1 0,4 0,5 0,8 1,2 1,4 1,7 2,6 3,5 3,6 3,7 4,9 4,12 5,6 5,13 5,14 8,10 8,11 9,10 10,11 11,12 13,14
ENDCASE
CASE 15 1 T15_0077 0
EDGES 0,1 0,4 0,5 0,8 0,12 1,2 1,4 1,7 2,6 2,13 2,14 3,5 3,6 3,7 4,9 5,6 8,10 9,10 9,11 10,11 11,12 13,14
ENDCASE
CASE 15 1 T15_0081 0
EDGES 0,1 0,4 0,5 0,8 0,12 1,2 1,4 1,7 2,6 3,5 3,6 3,7 4,9 5,6 8,10 8,13 8,14 9,10 9,11 10,11 11,12 13,14
ENDCASE
CASE 15 1 T15_0096 1
EDGES 0,1 0,2 0,4 0,5 1,2 1,7 1,8 1,9 2,3 3,6 4,5 5,6 6,7 8,9 8,10 8,11 9,12 10,11 10,13 11,14 12,13 12,14
ENDCASE
CASE 15 1 T15_0098 3
EDGES 0,1 0,2 0,4 0,5 1,2 1,7 2,3 3,6 3,8 3,9 3,12 4,5 5,6 6,7 8,9 8,10 8,11 9,14 10,11 10,13 12,13 13,14
ENDCASE
CASE 15 1 T15_0099 3
EDGES 0,1 0,2 0,4 0,5 1,2 1,7 2,3 3,6 3,8 3,9 3,12 4,5 5,6 6,7 8,9 8,10 8,11 10,11 10,13 11,14 12,13 12,14
ENDCASE
CASE 15 1 T15_0100 0
EDGES 0,1 0,2 0,4 0,5 1,2 1,7 2,3 3,6 3,8 3,9 4,5 5,6 6,7 8,9 8,10 8,11 9,12 10,11 10,13 11,14 12,13 12,14
ENDCASE
CASE 15 1 T15_0100 1
EDGES 0,1 0,2 0,4 0,5 1,2 1,7 2,3 3,6 3,8 3,9 4,5 5,6 6,7 8,9 8,10 8,11 9,12 10,11 10,13 11,14 12,13 12,14
ENDCASE
CASE 15 1 T15_0100 2
EDGES 0,1 0,2 0,4 0,5 1,2 1,7 2,3 3,6 3,8 3,9 4,5 5,6 6,7 8,9 8,10 8,11 9,12 10,11 10,13 11,14 12,13 12,14
ENDCASE
CASE 15 1 T15_0100 3
EDGES 0,1 0,2 0,4 0,5 1,2 1,7 2,3 3,6 3,8 3,9 4,5 5,6 6,7 8,9 8,10 8,11 9,12 10,11 10,13 11,14 12,13 12,14
ENDCASE
CASE 15 1 T15_0100 4
EDGES 0,1 0,2 0,4 0,5 1,2 1,7 2,3 3,6 3,8 3,9 4,5 5,6 6,7 8,9 8,10 8,11 9,12 10,11 10,13 11,14 12,13 12,14
ENDCASE
CASE 15 1 T15_0100 5
EDGES 0,1 0,2 0,4 0,5 1,2 1,7 2,3 3,6 3,8 3,9 4,5 5,6 6,7 8,9 8,10 8,11 9,12 10,11 10,13 11,14 12,13 12,14
ENDCASE
CASE 15 1 T15_0100 6
EDGES 0,1 0,2 0,4 0,5 1,2 1,7 2,3 3,6 3,8 3,9 4,5 5,6 6,7 8,9 8,10 8,11 9,12 10,11 10,13 11,14 12,13 12,14
ENDCASE
CASE 15 1 T15_0100 7
EDGES 0,1 0,2 0,4 0,5 1,2 1,7 2,3 3,6 3,8 3,9 4,5 5,6 6,7 8,9 8,10 8,11 9,12 10,11 10,13 11,14 12,13 12,14
ENDCASE
CASE 15 1 T15_0100 8
EDGES 0,1 0,2 0,4 0,5 1,2 1,7 2,3 3,6 3,8 3,9 4,5 5,6 6,7 8,9 8,10 8,11 9,12 10,11 10,13 11,14 12,13 12,14
ENDCASE
CASE 15 1 T15_0100 9
EDGES 0,1 0,2 0,4 0,5 1,2 1,7 2,3 3,6 3,8 3,9 4,5 5,6 6,7 8,9 8,10 8,11 9,12 10,11 10,13 11,14 12,13 12,14
ENDCASE
CASE 15 1 T15_0100 10
EDGES 0,1 0,2 0,4 0,5 1,2 1,7 2,3 3,6 3,8 3,9 4,5 5,6 6,7 8,9 8,10 8,11 9,12 10,11 10,13 11,14 12,13 12,14
ENDCASE
CASE 15 1 T15_0100 11
EDGES 0,1 0,2 0,4 0,5 1,2 1,7 2,3 3,6 3,8 3,9 4,5 5,6 6,7 8,9 8,10 8,11 9,12 10,11 10,13 11,14 12,13 12,14
ENDCASE
CASE 15 1 T15_0100 12
EDGES 0,1 0,2 0,4 0,5 1,2 1,7 2,3 3,6 3,8 3,9 4,5 5,6 6,7 8,9 8,10 8,11 9,12 10,11 10,13 11,14 12,13 12,14
ENDCASE
CASE 15 1 T15_0100 13
EDGES 0,1 0,2 0,4 0,5 1,2 1,7 2,3 3,6 3,8 3,9 4,5 5,6 6,7 8,9 8,10 8,11 9,12 10,11 10,13 11,14 12,13 12,14
ENDCASE
CASE 15 1 T15_0100 14
EDGES 0,1 0,2 0,4 0,5 1,2 1,7 2,3 3,6 3,8 3,9 4,5 5,6 6,7 8,9 8,10 8,11 9,12 10,11 10,13 11,14 12,13 12,14
ENDCASE
CASE 15 1 T15_0101 4
EDGES 0,1 0,2 0,4 0,5 1,2 1,7 2,3 3,6 4,5 4,8 4,9 4,12 5,6 6,7 8,9 8,10 8,11 10,11 10,13 11,14 12,13 12,14
ENDCASE
CASE 15 1 T15_0102 0
EDGES 0,1 0,2 0,4 0,5 1,2 1,7 2,3 3,6 4,5 4,8 4,9 5,6 6,7 8,9 8,10 8,11 9,12 10,11 10,13 11,14 12,13 12,14
ENDCASE
CASE 15 1 T15_0102 1
EDGES 0,1 0,2 0,4 0,5 1,2 1,7 2,3 3,6 4,5 4,8 4,9 5,6 6,7 8,9 8,10 8,11 9,12 10,11 10,13 11,14 12,13 12,14
ENDCASE
CASE 15 1 T15_0102 2
EDGES 0,1 0,2 0,4 0,5 1,2 1,7 2,3 3,6 4,5 4,8 4,9 5,6 6,7 8,9 8,10 8,11 9,12 10,11 10,13 11,14 12,13 12,14
ENDCASE
CASE 15 1 T15_0102 3
EDGES 0,1 0,2 0,4 0,5 1,2 1,7 2,3 3,6 4,5 4,8 4,9 5,6 6,7 8,9 8,10 8,11 9,12 10,11 10,13 11,14 12,13 12,14
ENDCASE
CASE 15 1 T15_0102 4
EDGES 0,1 0,2 0,4 0,5 1,2 1,7 2,3 3,6 4,5 4,8 4,9 5,6 6,7 8,9 8,10 8,11 9,12 10,11 10,13 11,14 12,13 12,14
ENDCASE
CASE 15 1 T15_0102 5
EDGES 0,1 0,2 0,4 0,5 1,2 1,7 2,3 3,6 4,5 4,8 4,9 5,6 6,7 8,9 8,10 8,11 9,12 10,11 10,13 11,14 12,13 12,14
ENDCASE
CASE 15 1 T15_0102 6
EDGES 0,1 0,2 0,4 0,5 1,2 1,7 2,3 3,6 4,5 4,8 4,9 5,6 6,7 8,9 8,10 8,11 9,12 10,11 10,13 11,14 12,13 12,14
ENDCASE
CASE 15 1 T15_0102 7
EDGES 0,1 0,2 0,4 0,5 1,2 1,7 2,3 3,6 4,5 4,8 4,9 5,6 6,7 8,9 8,10 8,11 9,12 10,11 10,13 11,14 12,13 12,14
ENDCASE
CASE 15 1 T15_0102 8
EDGES 0,1 0,2 0,4 0,5 1,2 1,7 2,3 3,6 4,5 4,8 4,9 5,6 6,7 8,9 8,10 8,11 9,12 10,11 10,13 11,14 12,13 12,14
ENDCASE
CASE 15 1 T15_0102 9
EDGES 0,1 0,2 0,4 0,5 1,2 1,7 2,3 3,6 4,5 4,8 4,9 5,6 6,7 8,9 8,10 8,11 9,12 10,11 10,13 11,14 12,13 12,14
ENDCASE
CASE 15 1 T15_0102 10
EDGES 0,1 0,2 0,4 0,5 1,2 1,7 2,3 3,6 4,5 4,8 4,9 5,6 6,7 8,9 8,10 8,11 9,12 10,11 10,13 11,14 12,13 12,14
ENDCASE
CASE 15 1 T15_0102 11
EDGES 0,1 0,2 0,4 0,5 1,2 1,7 2,3 3,6 4,5 4,8 4,9 5,6 6,7 8,9 8,10 8,11 9,12 10,11 10,13 11,14 12,13 12,14
ENDCASE
CASE 15 1 T15_0102 12
EDGES 0,1 0,2 0,4 0,5 1,2 1,7 2,3 3,6 4,5 4,8 4,9 5,6 6,7 8,9 8,10 8,11 9,12 10,11 10,13 11,14 12,13 12,14
ENDCASE
CASE 15 1 T15_0102 13
EDGES 0,1 0,2 0,4 0,5 1,2 1,7 2,3 3,6 4,5 4,8 4,9 5,6 6,7 8,9 8,10 8,11 9,12 10,11 10,13 11,14 12,13 12,14
ENDCASE
CASE 15 1 T15_0102 14
EDGES 0,1 0,2 0,4 0,5 1,2 1,7 2,3 3,6 4,5 4,8 4,9 5,6 6,7 8,9 8,10 8,11 9,12 10,11 10,13 11,14 12,13 12,14
ENDCASE
CASE 15 1 T15_0107 6
EDGES 0,1 0,2 0,4 0,5 1,2 1,7 2,3 3,6 4,5 5,6 6,7 6,8 6,9 8,9 8,10 8,11 9,12 10,11 10,13 11,14 12,13 12,14
ENDCASE
CASE 15 1 T15_0111 0
EDGES 0,1 0,4 0,5 0,8 0,9 1,2 1,4 1,7 2,6 3,5 3,6 3,7 5,6 8,9 8,10 8,11 9,12 10,11 10,13 11,14 12,13 12,14
ENDCASE
CASE 15 1 T15_0117 2
EDGES 0,1 0,4 0,5 1,2 1,4 1,7 2,6 2,8 2,9 2,12 3,5 3,6 3,7 5,6 8,9 8,10 8,11 9,14 10,11 10,13 12,13 13,14
ENDCASE
CASE 15 1 T15_0118 2
EDGES 0,1 0,4 0,5 1,2 1,4 1,7 2,6 2,8 2,9 2,12 3,5 3,6 3,7 5,6 8,9 8,10 8,11 10,11 10,13 11,14 12,13 12,14
ENDCASE
CASE 15 1 T15_0119 0
EDGES 0,1 0,4 0,5 1,2 1,4 1,7 2,6 2,8 2,9 3,5 3,6 3,7 5,6 8,9 8,10 8,11 9,12 10,11 10,13 11,14 12,13 12,14
ENDCASE
CASE 15 1 T15_0119 1
EDGES 0,1 0,4 0,5 1,2 1,4 1,7 2,6 2,8 2,9 3,5 3,6 3,7 5,6 8,9 8,10 8,11 9,12 10,11 10,13 11,14 12,13 12,14
ENDCASE
CASE 15 1 T15_0119 2
EDGES 0,1 0,4 0,5 1,2 1,4 1,7 2,6 2,8 2,9 3,5 3,6 3,7 5,6 8,9 8,10 8,11 9,12 10,11 10,13 11,14 12,13 12,14
ENDCASE
CASE 15 1 T15_0119 3
EDGES 0,1 0,4 0,5 1,2 1,4 1,7 2,6 2,8 2,9 3,5 3,6 3,7 5,6 8,9 8,10 8,11 9,12 10,11 10,13 11,14 12,13 12,14
ENDCASE
CASE 15 1 T15_0119 4
EDGES 0,1 0,4 0,5 1,2 1,4 1,7 2,6 2,8 2,9 3,5 3,6 3,7 5,6 8,9 8,10 8,11 9,12 10,11 10,13 11,14 12,13 12,14
ENDCASE
CASE 15 1 T15_0119 5
EDGES 0,1 0,4 0,5 1,2 1,4 1,7 2,6 2,8 2,9 3,5 3,6 3,7 5,6 8,9 8,10 8,11 9,12 10,11 10,13 11,14 12,13 12,14
ENDCASE
CASE 15 1 T15_0119 6
EDGES 0,1 0,4 0,5 1,2 1,4 1,7 2,6 2,8 2,9 3,5 3,6 3,7 5,6 8,9 8,10 8,11 9,12 10,11 10,13 11,14 12,13 12,14
ENDCASE
CASE 15 1 T15_0119 7
EDGES 0,1 0,4 0,5 1,2 1,4 1,7 2,6 2,8 2,9 3,5 3,6 3,7 5,6 8,9 8,10 8,11 9,12 10,11 10,13 11,14 12,13 12,14
ENDCASE
CASE 15 1 T15_0119 8
EDGES 0,1 0,4 0,5 1,2 1,4 1,7 2,6 2,8 2,9 3,5 3,6 3,7 5,6 8,9 8,10 8,11 9,12 10,11 10,13 11,14 12,13 12,14
ENDCASE
CASE 15 1 T15_0119 9
EDGES 0,1 0,4 0,5 1,2 1,4 1,7 2,6 2,8 2,9 3,5 3,6 3,7 5,6 8,9 8,10 8,11 9,12 10,11 10,13 11,14 12,13 12,14
ENDCASE
CASE 15 1 T15_0119 10
EDGES 0,1 0,4 0,5 1,2 1,4 1,7 2,6 2,8 2,9 3,5 3,6 3,7 5,6 8,9 8,10 8,11 9,12 10,11 10,13 11,14 12,13 12,14
ENDCASE
CASE 15 1 T15_0119 11
EDGES 0,1 0,4 0,5 1,2 1,4 1,7 2,6 2,8 2,9 3,5 3,6 3,7 5,6 8,9 8,10 8,11 9,12 10,11 10,13 11,14 12,13 12,14
ENDCASE
CASE 15 1 T15_0119 12
EDGES 0,1 0,4 0,5 1,2 1,4 1,7 2,6 2,8 2,9 3,5 3,6 3,7 5,6 8,9 8,10 8,11 9,12 10,11 10,13 11,14 12,13 12,14
ENDCASE
CASE 15 1 T15_0119 13
EDGES 0,1 0,4 0,5 1,2 1,4 1,7 2,6 2,8 2,9 3,5 3,6 3,7 5,6 8,9 8,10 8,11 9,12 10,11 10,13 11,14 12,13 12,14
ENDCASE
CASE 15 1 T15_0119 14
EDGES 0,1 0,4 0,5 1,2 1,4 1,7 2,6 2,8 2,9 3,5 3,6 3,7 5,6 8,9 8,10 8,11 9,12 10,11 10,13 11,14 12,13 12,14
ENDCASE
CASE 15 1 T15_0123 3
EDGES 0,1 0,4 0,5 1,2 1,4 1,7 2,6 3,5 3,6 3,7 3,8 3,9 5,6 8,9 8,10 8,11 9,12 10,11 10,13 11,14 12,13 12,14
ENDCASE
CASE 15 1 T15_0125 4
EDGES 0,1 0,4 0,5 1,2 1,4 1,7 2,6 3,5 3,6 3,7 4,8 4,9 4,12 5,6 8,9 8,10 8,11 9,14 10,11 10,13 12,13 13,14
ENDCASE
CASE 15 1 T15_0126 4
EDGES 0,1 0,4 0,5 1,2 1,4 1,7 2,6 3,5 3,6 3,7 4,8 4,9 4,12 5,6 8,9 8,10 8,11 10,11 10,13 11,14 12,13 12,14
ENDCASE
CASE 15 1 T15_0127 0
EDGES 0,1 0,4 0,5 1,2 1,4 1,7 2,6 3,5 3,6 3,7 4,8 4,9 5,6 8,9 8,10 8,11 9,12 10,11 10,13 11,14 12,13 12,14
ENDCASE
CASE 15 1 T15_0127 1
EDGES 0,1 0,4 0,5 1,2 1,4 1,7 2,6 3,5 3,6 3,7 4,8 4,9 5,6 8,9 8,10 8,11 9,12 10,11 10,13 11,14 12,13 12,14
ENDCASE
CASE 15 1 T15_0127 2
EDGES 0,1 0,4 0,5 1,2 1,4 1,7 2,6 3,5 3,6 3,7 4,8 4,9 5,6 8,9 8,10 8,11 9,12 10,11 10,13 11,14 12,13 12,14
ENDCASE
CASE 15 1 T15_0127 3
EDGES 0,1 0,4 0,5 1,2 1,4 1,7 2,6 3,5 3,6 3,7 4,8 4,9 5,6 8,9 8,10 8,11 9,12 10,11 10,13 11,14 12,13 12,14
ENDCASE
CASE 15 1 T15_0127 4
EDGES 0,1 0,4 0,5 1,2 1,4 1,7 2,6 3,5 3,6 3,7 4,8 4,9 5,6 8,9 8,10 8,11 9,12 10,11 10,13 11,14 12,13 12,14
ENDCASE
CASE 15 1 T15_0127 5
EDGES 0,1 0,4 0,5 1,2 1,4 1,7 2,6 3,5 3,6 3,7 4,8 4,9 5,6 8,9 8,10 8,11 9,12 10,11 10,13 11,14 12,13 12,14
ENDCASE
CASE 15 1 T15_0127 6
EDGES 0,1 0,4 0,5 1,2 1,4 1,7 2,6 3,5 3,6 3,7 4,8 4,9 5,6 8,9 8,10 8,11 9,12 10,11 10,13 11,14 12,13 12,14
ENDCASE
CASE 15 1 T15_0127 7
EDGES 0,1 0,4 0,5 1,2 1,4 1,7 2,6 3,5 3,6 3,7 4,8 4,9 5,6 8,9 8,10 8,11 9,12 10,11 10,13 11,14 12,13 12,14
ENDCASE
CASE 15 1 T15_0127 8
EDGES 0,1 0,4 0,5 1,2 1,4 1,7 2,6 3,5 3,6 3,7 4,8 4,9 5,6 8,9 8,10 8,11 9,12 10,11 10,13 11,14 12,13 12,14
ENDCASE
CASE 15 1 T15_0127 9
EDGES 0,1 0,4 0,5 1,2 1,4 1,7 2,6 3,5 3,6 3,7 4,8 4,9 5,6 8,9 8,10 8,11 9,12 10,11 10,13 11,14 12,13 12,14
ENDCASE
CASE 15 1 T15_0127 10
EDGES 0,1 0,4 0,5 1,2 1,4 1,7 2,6 3,5 3,6 3,7 4,8 4,9 5,6 8,9 8,10 8,11 9,12 10,11 10,13 11,14 12,13 12,14
ENDCASE
CASE 15 1 T15_0127 11
EDGES 0,1 0,4 0,5 1,2 1,4 1,7 2,6 3,5 3,6 3,7 4,8 4,9 5,6 8,9 8,10 8,11 9,12 10,11 10,13 11,14 12,13 12,14
ENDCASE
CASE 15 1 T15_0127 12
EDGES 0,1 0,4 0,5 1,2 1,4 1,7 2,6 3,5 3,6 3,7 4,8 4,9 5,6 8,9 8,10 8,11 9,12 10,11 10,13 11,14 12,13 12,14
ENDCASE
CASE 15 1 T15_0127 13
EDGES 0,1 0,4 0,5 1,2 1,4 1,7 2,6 3,5 3,6 3,7 4,8 4,9 5,6 8,9 8,10 8,11 9,12 10,11 10,13 11,14 12,13 12,14
ENDCASE
CASE 15 1 T15_0127 14
EDGES 0,1 0,4 0,5 1,2 1,4 1,7 2,6 3,5 3,6 3,7 4,8 4,9 5,6 8,9 8,10 8,11 9,12 10,11 10,13 11,14 12,13 12,14
ENDCASE
CASE 15 1 T15_0131 5
EDGES 0,1 0,4 0,5 1,2 1,4 1,7 2,6 3,5 3,6 3,7 5,6 5,8 5,9 8,9 8,10 8,11 9,12 10,11 10,13 11,14 12,13 12,14
ENDCASE
CASE 15 1 T15_0132 3
EDGES 0,1 0,2 0,4 0,5 1,2 1,7 2,3 3,6 3,8 3,9 3,10 4,5 5,6 6,7 8,9 8,11 9,13 10,12 10,14 11,12 12,13 12,14
ENDCASE
CASE 15 1 T15_0133 3
EDGES 0,1 0,2 0,4 0,5 1,2 1,7 2,3 3,6 3,8 3,9 3,10 4,5 5,6 6,7 8,9 8,11 9,13 10,12 11,12 11,14 12,13 12,14
ENDCASE
CASE 15 1 T15_0134 3
EDGES 0,1 0,2 0,4 0,5 1,2 1,7 2,3 3,6 3,8 3,9 3,10 4,5 5,6 6,7 8,9 8,11 8,14 10,12 10,13 11,12 12,13 13,14
ENDCASE
CASE 15 1 T15_0136 0
EDGES 0,1 0,2 0,4 0,5 1,2 1,7 2,3 3,6 3,8 3,9 4,5 5,6 6,7 8,9 8,10 9,11 9,14 10,12 10,13 11,12 12,13 13,14
ENDCASE
CASE 15 1 T15_0136 1
EDGES 0,1 0,2 0,4 0,5 1,2 1,7 2,3 3,6 3,8 3,9 4,5 5,6 6,7 8,9 8,10 9,11 9,14 10,12 10,13 11,12 12,13 13,14
ENDCASE
CASE 15 1 T15_0136 2
EDGES 0,1 0,2 0,4 0,5 1,2 1,7 2,3 3,6 3,8 3,9 4,5 5,6 6,7 8,9 8,10 9,11 9,14 10,12 10,13 11,12 12,13 13,14
ENDCASE
CASE 15 1 T15_0136 3
EDGES 0,1 0,2 0,4 0,5 1,2 1,7 2,3 3,6 3,8 3,9 4,5 5,6 6,7 8,9 8,10 9,11 9,14 10,12 10,13 11,12 12,13 13,14
ENDCASE
CASE 15 1 T15_0136 4
EDGES 0,1 0,2 0,4 0,5 1,2 1,7 2,3 3,6 3,8 3,9 4,5 5,6 6,7 8,9 8,10 9,11 9,14 10,12 10,13 11,12 12,13 13,14
ENDCASE
CASE 15 1 T15_0136 5
EDGES 0,1 0,2 0,4 0,5 1,2 1,7 2,3 3,6 3,8 3,9 4,5 5,6 6,7 8,9 8,10 9,11 9,14 10,12 10,13 11,12 12,13 13,14
ENDCASE
CASE 15 1 T15_0136 6
EDGES 0,1 0,2 0,4 0,5 1,2 1,7 2,3 3,6 3,8 3,9 4,5 5,6 6,7 8,9 8,10 9,11 9,14 10,12 10,13 11,12 12,13 13,14
ENDCASE
CASE 15 1 T15_0136 7
EDGES 0,1 0,2 0,4 0,5 1,2 1,7 2,3 3,6 3,8 3,9 4,5 5,6 6,7 8,9 8,10 9,11 9,14 10,12 10,13 11,12 12,13 13,14
ENDCASE
CASE 15 1 T15_0136 8
EDGES 0,1 0,2 0,4 0,5 1,2 1,7 2,3 3,6 3,8 3,9 4,5 5,6 6,7 8,9 8,10 9,11 9,14 10,12 10,13 11,12 12,13 13,14
ENDCASE
CASE 15 1 T15_0136 9
EDGES 0,1 0,2 0,4 0,5 1,2 1,7 2,3 3,6 3,8 3,9 4,5 5,6 6,7 8,9 8,10 9,11 9,14 10,12 10,13 11,12 12,13 13,14
ENDCASE
CASE 15 1 T15_0136 10
EDGES 0,1 0,2 0,4 0,5 1,2 1,7 2,3 3,6 3,8 3,9 4,5 5,6 6,7 8,9 8,10 9,11 9,14 10,12 10,13 11,12 12,13 13,14
ENDCASE
CASE 15 1 T15_0136 11
EDGES 0,1 0,2 0,4 0,5 1,2 1,7 2,3 3,6 3,8 3,9 4,5 5,6 6,7 8,9 8,10 9,11 9,14 10,12 10,13 11,12 12,13 13,14
ENDCASE
CASE 15 1 T15_0136 12
EDGES 0,1 0,2 0,4 0,5 1,2 1,7 2,3 3,6 3,8 3,9 4,5 5,6 6,7 8,9 8,10 9,11 9,14 10,12 10,13 11,12 12,13 13,14
ENDCASE
CASE 15 1 T15_0136 13
EDGES 0,1 0,2 0,4 0,5 1,2 1,7 2,3 3,6 3,8 3,9 4,5 5,6 6,7 8,9 8,10 9,11 9,14 10,12 10,13 11,12 12,13 13,14
ENDCASE
CASE 15 1 T15_0136 14
EDGES 0,1 0,2 0,4 0,5 1,2 1,7 2,3 3,6 3,8 3,9 4,5 5,6 6,7 8,9 8,10 9,11 9,14 10,12 10,13 11,12 12,13 13,14
ENDCASE
CASE 15 1 T15_0141 6
EDGES 0,1 0,2 0,4 0,5 1,2 1,7 2,3 3,6 4,5 5,6 6,7 6,8 6,9 8,9 8,10 9,11 9,14 10,12 10,13 11,12 12,13 13,14
ENDCASE
CASE 15 1 T15_0146 0
EDGES 0,1 0,4 0,5 0,8 0,9 1,2 1,4 1,7 2,6 3,5 3,6 3,7 5,6 8,9 8,10 9,11 9,14 10,12 10,13 11,12 12,13 13,14
ENDCASE
CASE 15 1 T15_0151 2
EDGES 0,1 0,4 0,5 1,2 1,4 1,7 2,6 2,8 2,9 2,10 3,5 3,6 3,7 5,6 8,9 8,11 9,13 10,12 10,14 11,12 12,13 12,14
ENDCASE
CASE 15 1 T15_0152 2
EDGES 0,1 0,4 0,5 1,2 1,4 1,7 2,6 2,8 2,9 2,10 3,5 3,6 3,7 5,6 8,9 8,11 9,13 10,12 11,12 11,14 12,13 12,14
ENDCASE
CASE 15 1 T15_0153 2
EDGES 0,1 0,4 0,5 1,2 1,4 1,7 2,6 2,8 2,9 2,10 3,5 3,6 3,7 5,6 8,9 8,11 8,14 10,12 10,13 11,12 12,13 13,14
ENDCASE
CASE 15 1 T15_0155 0
EDGES 0,1 0,4 0,5 1,2 1,4 1,7 2,6 2,8 2,9 3,5 3,6 3,7 5,6 8,9 8,10 9,11 9,14 10,12 10,13 11,12 12,13 13,14
ENDCASE
CASE 15 1 T15_0155 1
EDGES 0,1 0,4 0,5 1,2 1,4 1,7 2,6 2,8 2,9 3,5 3,6 3,7 5,6 8,9 8,10 9,11 9,14 10,12 10,13 11,12 12,13 13,14
ENDCASE
CASE 15 1 T15_0155 2
EDGES 0,1 0,4 0,5 1,2 1,4 1,7 2,6 2,8 2,9 3,5 3,6 3,7 5,6 8,9 8,10 9,11 9,14 10,12 10,13 11,12 12,13 13,14
ENDCASE
CASE 15 1 T15_0155 3
EDGES 0,1 0,4 0,5 1,2 1,4 1,7 2,6 2,8 2,9 3,5 3,6 3,7 5,6 8,9 8,10 9,11 9,14 10,12 10,13 11,12 12,13 13,14
ENDCASE
CASE 15 1 T15_0155 4
EDGES 0,1 0,4 0,5 1,2 1,4 1,7 2,6 2,8 2,9 3,5 3,6 3,7 5,6 8,9 8,10 9,11 9,14 10,12 10,13 11,12 12,13 13,14
ENDCASE
CASE 15 1 T15_0155 5
EDGES 0,1 0,4 0,5 1,2 1,4 1,7 2,6 2,8 2,9 3,5 3,6 3,7 5,6 8,9 8,10 9,11 9,14 10,12 10,13 11,12 12,13 13,14
ENDCASE
CASE 15 1 T15_0155 6
EDGES 0,1 0,4 0,5 1,2 1,4 1,7 2,6 2,8 2,9 3,5 3,6 3,7 5,6 8,9 8,10 9,11 9,14 10,12 10,13 11,12 12,13 13,14
ENDCASE
CASE 15 1 T15_0155 7
EDGES 0,1 0,4 0,5 1,2 1,4 1,7 2,6 2,8 2,9 3,5 3,6 3,7 5,6 8,9 8,10 9,11 9,14 10,12 10,13 11,12 12,13 13,14
ENDCASE
CASE 15 1 T15_0155 8
EDGES 0,1 0,4 0,5 1,2 1,4 1,7 2,6 2,8 2,9 3,5 3,6 3,7 5,6 8,9 8,10 9,11 9,14 10,12 10,13 11,12 12,13 13,14
ENDCASE
CASE 15 1 T15_0155 9
EDGES 0,1 0,4 0,5 1,2 1,4 1,7 2,6 2,8 2,9 3,5 3,6 3,7 5,6 8,9 8,10 9,11 9,14 10,12 10,13 11,12 12,13 13,14
ENDCASE
CASE 15 1 T15_0155 10
EDGES 0,1 0,4 0,5 1,2 1,4 1,7 2,6 2,8 2,9 3,5 3,6 3,7 5,6 8,9 8,10 9,11 9,14 10,12 10,13 11,12 12,13 13,14
ENDCASE
CASE 15 1 T15_0155 11
EDGES 0,1 0,4 0,5 1,2 1,4 1,7 2,6 2,8 2,9 3,5 3,6 3,7 5,6 8,9 8,10 9,11 9,14 10,12 10,13 11,12 12,13 13,14
ENDCASE
CASE 15 1 T15_0155 12
EDGES 0,1 0,4 0,5 1,2 1,4 1,7 2,6 2,8 2,9 3,5 3,6 3,7 5,6 8,9 8,10 9,11 9,14 10,12 10,13 11,12 12,13 13,14
ENDCASE
CASE 15 1 T15_0155 13
EDGES 0,1 0,4 0,5 1,2 1,4 1,7 2,6 2,8 2,9 3,5 3,6 3,7 5,6 8,9 8,10 9,11 9,14 10,12 10,13 11,12 12,13 13,14
ENDCASE
CASE 15 1 T15_0155 14
EDGES 0,1 0,4 0,5 1,2 1,4 1,7 2,6 2,8 2,9 3,5 3,6 3,7 5,6 8,9 8,10 9,11 9,14 10,12 10,13 11,12 12,13 13,14
ENDCASE
CASE 15 1 T15_0158 3
EDGES 0,1 0,4 0,5 1,2 1,4 1,7 2,6 3,5 3,6 3,7 3,8 3,9 5,6 8,9 8,10 9,11 9,14 10,12 10,13 11,12 12,13 13,14
ENDCASE
CASE 15 1 T15_0159 4
EDGES 0,1 0,4 0,5 1,2 1,4 1,7 2,6 3,5 3,6 3,7 4,8 4,9 4,10 5,6 8,9 8,11 9,13 10,12 10,14 11,12 12,13 12,14
ENDCASE
CASE 15 1 T15_0160 0
EDGES 0,1 0,4 0,5 1,2 1,4 1,7 2,6 3,5 3,6 3,7 4,8 4,9 5,6 8,9 8,10 9,11 9,14 10,12 10,13 11,12 12,13 13,14
ENDCASE
CASE 15 1 T15_0160 1
EDGES 0,1 0,4 0,5 1,2 1,4 1,7 2,6 3,5 3,6 3,7 4,8 4,9 5,6 8,9 8,10 9,11 9,14 10,12 10,13 11,12 12,13 13,14
ENDCASE
CASE 15 1 T15_0160 2
EDGES 0,1 0,4 0,5 1,2 1,4 1,7 2,6 3,5 3,6 3,7 4,8 4,9 5,6 8,9 8,10 9,11 9,14 10,12 10,13 11,12 12,13 13,14
ENDCASE
CASE 15 1 T15_0160 3
EDGES 0,1 0,4 0,5 1,2 1,4 1,7 2,6 3,5 3,6 3,7 4,8 4,9 5,6 8,9 8,10 9,11 9,14 10,12 10,13 11,12 12,13 13,14
ENDCASE
CASE 15 1 T15_0160 4
EDGES 0,1 0,4 0,5 1,2 1,4 1,7 2,6 3,5 3,6 3,7 4,8 4,9 5,6 8,9 8,10 9,11 9,14 10,12 10,13 11,12 12,13 13,14
ENDCASE
CASE 15 1 T15_0160 5
EDGES 0,1 0,4 0,5 1,2 1,4 1,7 2,6 3,5 3,6 3,7 4,8 4,9 5,6 8,9 8,10 9,11 9,14 10,12 10,13 11,12 12,13 13,14
ENDCASE
CASE 15 1 T15_0160 6
EDGES 0,1 0,4 0,5 1,2 1,4 1,7 2,6 3,5 3,6 3,7 4,8 4,9 5,6 8,9 8,10 9,11 9,14 10,12 10,13 11,12 12,13 13,14
ENDCASE
CASE 15 1 T15_0160 7
EDGES 0,1 0,4 0,5 1,2 1,4 1,7 2,6 3,5 3,6 3,7 4,8 4,9 5,6 8,9 8,10 9,11 9,14 10,12 10,13 11,12 12,13 13,14
ENDCASE
CASE 15 1 T15_0160 8
EDGES 0,1 0,4 0,5 1,2 1,4 1,7 2,6 3,5 3,6 3,7 4,8 4,9 5,6 8,9 8,10 9,11 9,14 10,12 10,13 11,12 12,13 13,14
ENDCASE
CASE 15 1 T15_0160 9
EDGES 0,1 0,4 0,5 1,2 1,4 1,7 2,6 3,5 3,6 3,7 4,8 4,9 5,6 8,9 8,10 9,11 9,14 10,12 10,13 11,12 12,13 13,14
ENDCASE
CASE 15 1 T15_0160 10
EDGES 0,1 0,4 0,5 1,2 1,4 1,7 2,6 3,5 3,6 3,7 4,8 4,9 5,6 8,9 8,10 9,11 9,14 10,12 10,13 11,12 12,13 13,14
ENDCASE
CASE 15 1 T15_0160 11
EDGES 0,1 0,4 0,5 1,2 1,4 1,7 2,6 3,5 3,6 3,7 4,8 4,9 5,6 8,9 8,10 9,11 9,14 10,12 10,13 11,12 12,13 13,14
ENDCASE
CASE 15 1 T15_0160 12
EDGES 0,1 0,4 0,5 1,2 1,4 1,7 2,6 3,5 3,6 3,7 4,8 4,9 5,6 8,9 8,10 9,11 9,14 10,12 10,13 11,12 12,13 13,14
ENDCASE
CASE 15 1 T15_0160 13
EDGES 0,1 0,4 0,5 1,2 1,4 1,7 2,6 3,5 3,6 3,7 4,8 4,9 5,6 8,9 8,10 9,11 9,14 10,12 10,13 11,12 12,13 13,14
ENDCASE
CASE 15 1 T15_0160 14
EDGES 0,1 0,4 0,5 1,2 1,4 1,7 2,6 3,5 3,6 3,7 4,8 4,9 5,6 8,9 8,10 9,11 9,14 10,12 10,13 11,12 12,13 13,14
ENDCASE
CASE 15 1 T15_0162 3
EDGES 0,1 0,2 0,4 0,5 1,2 1,7 2,3 3,6 3,8 3,11 3,14 4,5 5,6 6,7 8,9 8,10 9,10 9,12 9,13 11,12 12,13 13,14
ENDCASE
CASE 15 1 T15_0163 0
EDGES 0,1 0,2 0,4 0,5 1,2 1,7 2,3 3,6 3,8 3,11 4,5 5,6 6,7 8,9 8,10 9,10 9,12 9,13 10,14 11,12 11,14 12,13
ENDCASE
CASE 15 1 T15_0163 1
EDGES 0,1 0,2 0,4 0,5 1,2 1,7 2,3 3,6 3,8 3,11 4,5 5,6 6,7 8,9 8,10 9,10 9,12 9,13 10,14 11,12 11,14 12,13
ENDCASE
CASE 15 1 T15_0163 2
EDGES 0,1 0,2 0,4 0,5 1,2 1,7 2,3 3,6 3,8 3,11 4,5 5,6 6,7 8,9 8,10 9,10 9,12 9,13 10,14 11,12 11,14 12,13
ENDCASE
CASE 15 1 T15_0163 3
EDGES 0,1 0,2 0,4 0,5 1,2 1,7 2,3 3,6 3,8 3,11 4,5 5,6 6,7 8,9 8,10 9,10 9,12 9,13 10,14 11,12 11,14 12,13
ENDCASE
CASE 15 1 T15_0163 4
EDGES 0,1 0,2 0,4 0,5 1,2 1,7 2,3 3,6 3,8 3,11 4,5 5,6 6,7 8,9 8,10 9,10 9,12 9,13 10,14 11,12 11,14 12,13
ENDCASE
CASE 15 1 T15_0163 5
EDGES 0,1 0,2 0,4 0,5 1,2 1,7 2,3 3,6 3,8 3,11 4,5 5,6 6,7 8,9 8,10 9,10 9,12 9,13 10,14 11,12 11,14 12,13
ENDCASE
CASE 15 1 T15_0163 6
EDGES 0,1 0,2 0,4 0,5 1,2 1,7 2,3 3,6 3,8 3,11 4,5 5,6 6,7 8,9 8,10 9,10 9,12 9,13 10,14 11,12 11,14 12,13
ENDCASE
CASE 15 1 T15_0163 7
EDGES 0,1 0,2 0,4 0,5 1,2 1,7 2,3 3,6 3,8 3,11 4,5 5,6 6,7 8,9 8,10 9,10 9,12 9,13 10,14 11,12 11,14 12,13
ENDCASE
CASE 15 1 T15_0163 8
EDGES 0,1 0,2 0,4 0,5 1,2 1,7 2,3 3,6 3,8 3,11 4,5 5,6 6,7 8,9 8,10 9,10 9,12 9,13 10,14 11,12 11,14 12,13
ENDCASE
CASE 15 1 T15_0163 9
EDGES 0,1 0,2 0,4 0,5 1,2 1,7 2,3 3,6 3,8 3,11 4,5 5,6 6,7 8,9 8,10 9,10 9,12 9,13 10,14 11,12 11,14 12,13
ENDCASE
CASE 15 1 T15_0163 10
EDGES 0,1 0,2 0,4 0,5 1,2 1,7 2,3 3,6 3,8 3,11 4,5 5,6 6,7 8,9 8,10 9,10 9,12 9,13 10,14 11,12 11,14 12,13
ENDCASE
CASE 15 1 T15_0163 11
EDGES 0,1 0,2 0,4 0,5 1,2 1,7 2,3 3,6 3,8 3,11 4,5 5,6 6,7 8,9 8,10 9,10 9,12 9,13 10,14 11,12 11,14 12,13
ENDCASE
CASE 15 1 T15_0163 12
EDGES 0,1 0,2 0,4 0,5 1,2 1,7 2,3 3,6 3,8 3,11 4,5 5,6 6,7 8,9 8,10 9,10 9,12 9,13 10,14 11,12 11,14 12,13
ENDCASE
CASE 15 1 T15_0163 13
EDGES 0,1 0,2 0,4 0,5 1,2 1,7 2,3 3,6 3,8 3,11 4,5 5,6 6,7 8,9 8,10 9,10 9,12 9,13 10,14 11,12 11,14 12,13
ENDCASE
CASE 15 1 T15_0163 14
EDGES 0,1 0,2 0,4 0,5 1,2 1,7 2,3 3,6 3,8 3,11 4,5 5,6 6,7 8,9 8,10 9,10 9,12 9,13 10,14 11,12 11,14 12,13
ENDCASE
CASE 15 1 T15_0164 0
EDGES 0,1 0,2 0,4 0,5 1,2 1,7 2,3 3,6 3,8 3,11 4,5 5,6 6,7 8,9 8,10 9,10 9,12 10,13 11,12 11,13 11,14 12,14
ENDCASE
CASE 15 1 T15_0164 1
EDGES 0,1 0,2 0,4 0,5 1,2 1,7 2,3 3,6 3,8 3,11 4,5 5,6 6,7 8,9 8,10 9,10 9,12 10,13 11,12 11,13 11,14 12,14
ENDCASE
CASE 15 1 T15_0164 2
EDGES 0,1 0,2 0,4 0,5 1,2 1,7 2,3 3,6 3,8 3,11 4,5 5,6 6,7 8,9 8,10 9,10 9,12 10,13 11,12 11,13 11,14 12,14
ENDCASE
CASE 15 1 T15_0164 3
EDGES 0,1 0,2 0,4 0,5 1,2 1,7 2,3 3,6 3,8 3,11 4,5 5,6 6,7 8,9 8,10 9,10 9,12 10,13 11,12 11,13 11,14 12,14
ENDCASE
CASE 15 1 T15_0164 4
EDGES 0,1 0,2 0,4 0,5 1,2 1,7 2,3 3,6 3,8 3,11 4,5 5,6 6,7 8,9 8,10 9,10 9,12 10,13 11,12 11,13 11,14 12,14
ENDCASE
CASE 15 1 T15_0164 5
EDGES 0,1 0,2 0,4 0,5 1,2 1,7 2,3 3,6 3,8 3,11 4,5 5,6 6,7 8,9 8,10 9,10 9,12 10,13 11,12 11,13 11,14 12,14
ENDCASE
CASE 15 1 T15_0164 6
EDGES 0,1 0,2 0,4 0,5 1,2 1,7 2,3 3,6 3,8 3,11 4,5 5,6 6,7 8,9 8,10 9,10 9,12 10,13 11,12 11,13 11,14 12,14
ENDCASE
CASE 15 1 T15_0164 7
EDGES 0,1 0,2 0,4 0,5 1,2 1,7 2,3 3,6 3,8 3,11 4,5 5,6 6,7 8,9 8,10 9,10 9,12 10,13 11,12 11,13 11,14 12,14
ENDCASE
CASE 15 1 T15_0164 8
EDGES 0,1 0,2 0,4 0,5 1,2 1,7 2,3 3,6 3,8 3,11 4,5 5,6 6,7 8,9 8,10 9,10 9,12 10,13 11,12 11,13 11,14 12,14
ENDCASE
CASE 15 1 T15_0164 9
EDGES 0,1 0,2 0,4 0,5 1,2 1,7 2,3 3,6 3,8 3,11 4,5 5,6 6,7 8,9 8,10 9,10 9,12 10,13 11,12 11,13 11,14 12,14
ENDCASE
CASE 15 1 T15_0164 10
EDGES 0,1 0,2 0,4 0,5 1,2 1,7 2,3 3,6 3,8 3,11 4,5 5,6 6,7 8,9 8,10 9,10 9,12 10,13 11,12 11,13 11,14 12,14
ENDCASE
CASE 15 1 T15_0164 11
EDGES 0,1 0,2 0,4 0,5 1,2 1,7 2,3 3,6 3,8 3,11 4,5 5,6 6,7 8,9 8,10 9,10 9,12 10,13 11,12 11,13 11,14 12,14
ENDCASE
CASE 15 1 T15_0164 12
EDGES 0,1 0,2 0,4 0,5 1,2 1,7 2,3 3,6 3,8 3,11 4,5 5,6 6,7 8,9 8,10 9,10 9,12 10,13 11,12 11,13 11,14 12,14
ENDCASE
CASE 15 1 T15_0164 13
EDGES 0,1 0,2 0,4 0,5 1,2 1,7 2,3 3,6 3,8 3,11 4,5 5,6 6,7 8,9 8,10 9,10 9,12 10,13 11,12 11,13 11,14 12,14
ENDCASE
CASE 15 1 T15_0164 14
EDGES 0,1 0,2 0,4 0,5 1,2 1,7 2,3 3,6 3,8 3,11 4,5 5,6 6,7 8,9 8,10 9,10 9,12 10,13 11,12 11,13 11,14 12,14
ENDCASE
CASE 15 1 T15_0166 6
EDGES 0,1 0,2 0,4 0,5 1,2 1,7 2,3 3,6 4,5 5,6 6,7 6,8 6,11 8,9 8,10 9,10 9,12 10,13 11,12 11,13 11,14 12,14
ENDCASE
CASE 15 1 T15_0167 0
EDGES 0,1 0,4 0,5 1,2 1,4 1,7 2,6 2,8 2,11 3,5 3,6 3,7 5,6 8,9 8,10 9,10 9,12 10,13 11,12 11,13 11,14 12,14
ENDCASE
CASE 15 1 T15_0167 1
EDGES 0,1 0,4 0,5 1,2 1,4 1,7 2,6 2,8 2,11 3,5 3,6 3,7 5,6 8,9 8,10 9,10 9,12 10,13 11,12 11,13 11,14 12,14
ENDCASE
CASE 15 1 T15_0167 2
EDGES 0,1 0,4 0,5 1,2 1,4 1,7 2,6 2,8 2,11 3,5 3,6 3,7 5,6 8,9 8,10 9,10 9,12 10,13 11,12 11,13 11,14 12,14
ENDCASE
CASE 15 1 T15_0167 3
EDGES 0,1 0,4 0,5 1,2 1,4 1,7 2,6 2,8 2,11 3,5 3,6 3,7 5,6 8,9 8,10 9,10 9,12 10,13 11,12 11,13 11,14 12,14
ENDCASE
CASE 15 1 T15_0167 4
EDGES 0,1 0,4 0,5 1,2 1,4 1,7 2,6 2,8 2,11 3,5 3,6 3,7 5,6 8,9 8,10 9,10 9,12 10,13 11,12 11,13 11,14 12,14
ENDCASE
CASE 15 1 T15_0167 5
EDGES 0,1 0,4 0,5 1,2 1,4 1,7 2,6 2,8 2,11 3,5 3,6 3,7 5,6 8,9 8,10 9,10 9,12 10,13 11,12 11,13 11,14 12,14
ENDCASE
CASE 15 1 T15_0167 6
EDGES 0,1 0,4 0,5 1,2 1,4 1,7 2,6 2,8 2,11 3,5 3,6 3,7 5,6 8,9 8,10 9,10 9,12 10,13 11,12 11,13 11,14 12,14
ENDCASE
CASE 15 1 T15_0167 7
EDGES 0,1 0,4 0,5 1,2 1,4 1,7 2,6 2,8 2,11 3,5 3,6 3,7 5,6 8,9 8,10 9,10 9,12 10,13 11,12 11,13 11,14 12,14
ENDCASE
CASE 15 1 T15_0167 8
EDGES 0,1 0,4 0,5 1,2 1,4 1,7 2,6 2,8 2,11 3,5 3,6 3,7 5,6 8,9 8,10 9,10 9,12 10,13 11,12 11,13 11,14 12,14
ENDCASE
CASE 15 1 T15_0167 9
EDGES 0,1 0,4 0,5 1,2 1,4 1,7 2,6 2,8 2,11 3,5 3,6 3,7 5,6 8,9 8,10 9,10 9,12 10,13 11,12 11,13 11,14 12,14
ENDCASE
CASE 15 1 T15_0167 10
EDGES 0,1 0,4 0,5 1,2 1,4 1,7 2,6 2,8 2,11 3,5 3,6 3,7 5,6 8,9 8,10 9,10 9,12 10,13 11,12 11,13 11,14 12,14
ENDCASE
CASE 15 1 T15_0167 11
EDGES 0,1 0,4 0,5 1,2 1,4 1,7 2,6 2,8 2,11 3,5 3,6 3,7 5,6 8,9 8,10 9,10 9,12 10,13 11,12 11,13 11,14 12,14
ENDCASE
CASE 15 1 T15_0167 12
EDGES 0,1 0,4 0,5 1,2 1,4 1,7 2,6 2,8 2,11 3,5 3,6 3,7 5,6 8,9 8,10 9,10 9,12 10,13 11,12 11,13 11,14 12,14
ENDCASE
CASE 15 1 T15_0167 13
EDGES 0,1 0,4 0,5 1,2 1,4 1,7 2,6 2,8 2,11 3,5 3,6 3,7 5,6 8,9 8,10 9,10 9,12 10,13 11,12 11,13 11,14 12,14
ENDCASE
CASE 15 1 T15_0167 14
EDGES 0,1 0,4 0,5 1,2 1,4 1,7 2,6 2,8 2,11 3,5 3,6 3,7 5,6 8,9 8,10 9,10 9,12 10,13 11,12 11,13 11,14 12,14
ENDCASE
END
